reportId,latitude,longitude,postalCode
27569140,19.44541168212891,-99.16173553466797,"06400"
27376910,19.33133125305176,-99.22589874267578,"10200"
27142835,19.3179759979248,-99.2369384765625,"10000"
27139247,19.31966209411621,-99.236083984375,"10000"
26365013,19.41389274597168,-99.08549499511719,"15730"
26101690,19.25156021118164,-99.1627197265625,"14400"
25964923,19.52284812927246,-99.1458740234375,"07790"
25835968,19.28942108154297,-99.14736938476562,"14370"
25835735,19.28936767578125,-99.14732360839844,"14370"
25830780,19.32004547119141,-99.20949554443359,"01900"
25705676,19.34271812438965,-99.20700073242188,"01790"
25645842,19.40574645996094,-99.14982604980469,"06780"
25630768,19.42362976074219,-99.1629638671875,"06600"
25621774,19.3344612121582,-99.21759033203125,"10100"
25603363,19.40347290039062,-99.2052001953125,"11820"
25592957,19.40390968322754,-99.20532989501953,"11820"
25372818,19.3864917755127,-99.13910675048828,"03530"
25315224,19.34624481201172,-99.17382049560547,"04010"
25306548,19.34505271911621,-99.17166137695312,"04310"
25181894,19.3579216003418,-99.28871154785156,"05330"
25097147,19.28798294067383,-99.11801147460938,"14390"
24979325,19.47148895263672,-99.16628265380859,"02810"
24975740,19.46868705749512,-99.17987060546875,"02080"
24661315,19.46919250488281,-99.16737365722656,"02820"
24659072,19.40691947937012,-99.12196350097656,"15800"
24617017,19.3015079498291,-99.20891571044922,"14210"
24448413,19.49845886230469,-99.23719024658203,"53160"
24414725,19.4351692199707,-99.18328094482422,"11550"
24392362,19.29340934753418,-99.15006256103516,"14370"
24249610,19.46932983398438,-99.10966491699219,"07820"
24173853,19.37488746643066,-99.15868377685547,"03650"
24050015,19.29757881164551,-99.15155029296875,"14370"
24041878,19.40558433532715,-99.14867401123047,"06780"
24013774,19.40567207336426,-99.14856719970703,"06780"
23741812,19.42914009094238,-99.16429138183594,"06500"
23736558,19.46357536315918,-99.15889739990234,"06450"
23696165,19.39343452453613,-99.16244506835938,"03100"
23690638,19.43518447875977,-99.18303680419922,"11550"
23287197,19.31623840332031,-99.17467498779297,"00000"
23286345,19.29684257507324,-99.15320587158203,"14050"
23286253,19.29525566101074,-99.15530395507812,"14050"
23286207,19.29534149169922,-99.15522003173828,"14050"
23227993,19.42776107788086,-99.20278167724609,"11000"
23182044,19.35992240905762,-99.25898742675781,"01260"
22833645,19.41064834594727,-99.13919067382812,"06800"
22829088,19.30558204650879,-99.18464660644531,"04530"
22825460,19.39972877502441,-99.19089508056641,"01140"
22824148,19.39982795715332,-99.17935180664062,"11800"
22824025,19.4259090423584,-99.19263458251953,"11560"
22823743,19.38277053833008,-99.18242645263672,"03710"
22823233,19.35740661621094,-99.15178680419922,"04120"
22723117,19.23999977111816,-99.08999633789062,"16459"
22291028,19.27794075012207,-99.22971343994141,"14100"
22145882,19.46931648254395,-99.18496704101562,"02070"
22076228,19.29577445983887,-99.21411895751953,"14140"
21737698,19.47304916381836,-99.23045349121094,"53000"
21664607,19.46164512634277,-99.10597991943359,"07880"
21662877,19.43332481384277,-99.19100952148438,"11550"
21662355,19.44289398193359,-99.17803192138672,"11320"
21662240,19.44301986694336,-99.17877197265625,"11310"
21661527,19.43195724487305,-99.19489288330078,"11550"
21661425,19.45848655700684,-99.19857025146484,"11290"
21661387,19.46327018737793,-99.21466064453125,"53370"
21660850,19.48124313354492,-99.23300170898438,"53050"
21660731,19.43053245544434,-99.15946960449219,"06600"
21660585,19.48238563537598,-99.18939971923828,"02490"
21660405,19.4331226348877,-99.20933532714844,"11510"
21660385,19.36281204223633,-99.26798248291016,"01219"
21660377,19.42595863342285,-99.19414520263672,"11550"
20989620,19.36004257202148,-99.25835418701172,"01260"
20949020,19.4029483795166,-99.072265625,"08500"
20946376,19.34030723571777,-99.20389556884766,"01080"
20799586,19.37807464599609,-99.25552368164062,"01219"
20591208,19.28393745422363,-99.52147674560547,"52105"
20413099,19.40606498718262,-99.11318206787109,"15860"
20347354,19.33301734924316,-99.21267700195312,"10100"
20346743,19.35410690307617,-99.09285736083984,"09836"
20342622,19.40579223632812,-99.11454772949219,"15860"
20212332,19.35411262512207,-99.09287261962891,"09836"
20208477,19.3373908996582,-99.18416595458984,"04360"
20192959,19.37129592895508,-99.17887878417969,"03230"
20177134,19.29409027099609,-99.21578216552734,"14240"
20175563,19.40176391601562,-99.06448364257812,"08100"
20037291,19.40951919555664,-99.13535308837891,"06860"
19982329,19.34381866455078,-99.03291320800781,"09730"
19941825,19.35757446289062,-98.99412536621094,"09620"
19925789,19.42342758178711,-99.13352966308594,"06000"
19912368,19.29822540283203,-99.18556976318359,"14250"
19829060,19.33893775939941,-99.21873474121094,"01780"
19792593,19.2888126373291,-99.22667694091797,"14240"
19526140,19.29294586181641,-99.18206024169922,"14267"
19467785,19.36906433105469,-99.12245178222656,"09250"
19222662,19.34262657165527,-99.19837951660156,"01090"
19212150,19.45043182373047,-99.10181427001953,"15300"
19117125,19.44539833068848,-99.04448699951172,"00000"
19115532,19.29585456848145,-98.94119262695312,"56615"
19113245,19.4373722076416,-99.18180847167969,"11590"
19110174,19.44053077697754,-99.19063568115234,"11520"
19104172,19.43855857849121,-99.2008056640625,"11530"
19099073,19.4387092590332,-99.20113372802734,"11520"
19096842,19.42352294921875,-99.17755889892578,"11590"
19094464,19.45396423339844,-99.18134307861328,"00000"
19094324,19.42116355895996,-99.17794036865234,"11850"
19094031,19.4398078918457,-99.19035339355469,"11520"
19058544,19.29980659484863,-99.10586547851562,"14336"
18979983,19.3821964263916,-99.16709899902344,"03100"
18979905,19.38216781616211,-99.16705322265625,"03100"
18979761,19.37915229797363,-99.16081237792969,"03100"
18978720,19.35796928405762,-99.15444183349609,"03340"
18978684,19.35996246337891,-99.14360809326172,"03300"
18943677,19.42524528503418,-99.20100402832031,"11100"
18929737,19.42518615722656,-99.15373229980469,"06720"
18862736,19.43452835083008,-99.17168426513672,"11300"
18794755,19.3817310333252,-99.21322631835938,"01270"
18790465,19.38390159606934,-99.07375335693359,"00000"
18752951,19.36971092224121,-99.12091064453125,"09400"
18743437,19.40124702453613,-99.16805267333984,"06760"
18623087,19.34419441223145,-99.18844604492188,"01000"
18620859,19.39715957641602,-99.17904663085938,"11800"
18620856,19.39718055725098,-99.17894744873047,"11800"
18583549,19.50083351135254,-99.14910888671875,"07700"
18549163,19.35655212402344,-99.25990295410156,"00000"
18508261,19.40096473693848,-99.13189697265625,"08200"
18479445,19.25653076171875,-99.01664733886719,"16749"
18457033,19.49449348449707,-99.16387939453125,"02300"
18443218,19.33979225158691,-99.19155883789062,"01000"
18403844,19.37587928771973,-99.25402069091797,"01219"
18235063,19.38906288146973,-99.04245758056641,"09100"
18094328,19.4597282409668,-99.21582794189453,"53489"
18091989,19.4732551574707,-99.05326843261719,"57170"
18038537,19.45663261413574,-99.14491271972656,"06920"
18029279,19.34365081787109,-99.18124389648438,"04360"
18022020,19.36096572875977,-99.04005432128906,"09089"
18019219,19.31650543212891,-99.10197448730469,"04909"
18019020,19.35106086730957,-99.11087036132812,"09810"
18018789,19.44352340698242,-99.15345001220703,"06400"
18017901,19.44769477844238,-99.13510894775391,"06200"
18002058,19.37268257141113,-99.26124572753906,"01219"
17953248,19.39157295227051,-99.13790130615234,"03520"
17791881,19.37039947509766,-99.15656280517578,"03320"
17757030,19.34319114685059,-99.05817413330078,"09860"
17525265,19.34220123291016,-99.04981231689453,"00000"
17515959,19.34404182434082,-99.05988311767578,"00000"
17513045,19.3443660736084,-99.06040191650391,"00000"
17487622,19.43977546691895,-99.18373107910156,"11320"
17464757,19.35861778259277,-99.16335296630859,"00000"
17431924,19.32085990905762,-99.22825622558594,"00000"
17341874,19.51474571228027,-99.13491058349609,"00000"
17340449,19.3321418762207,-99.20607757568359,"00000"
17338721,19.37410545349121,-99.26137542724609,"00000"
17330021,19.37950897216797,-99.14009094238281,"00000"
17298255,19.37352561950684,-99.20307922363281,"00000"
17237960,19.35125160217285,-99.11179351806641,"00000"
17237909,19.35131072998047,-99.11177825927734,"00000"
17206140,19.23999977111816,-99.08999633789062,"00000"
17197351,19.33756256103516,-99.18403625488281,"00000"
17149983,19.37206077575684,-99.15712738037109,"00000"
16982130,19.36662673950195,-99.17402648925781,"00000"
16917088,19.41733551025391,-99.16438293457031,"00000"
16878527,19.39920234680176,-99.08267211914062,"00000"
16772595,19.39764404296875,-99.11378479003906,"00000"
16631326,19.29541778564453,-98.92537689208984,"00000"
16629396,19.49601554870605,-99.15282440185547,"00000"
16622222,19.45613288879395,-99.12507629394531,"00000"
16618047,19.39990997314453,-99.14858245849609,"00000"
16598909,19.4456672668457,-99.08736419677734,"00000"
16596230,19.46793556213379,-99.15147399902344,"00000"
15645067,19.34651565551758,-99.16297149658203,"00000"
15635258,19.39324378967285,-99.23944854736328,"00000"
15556302,19.4340763092041,-99.21272277832031,"00000"
15338974,19.38779830932617,-99.14200592041016,"03430"
15171134,19.29978370666504,-99.10591125488281,"14336"
14710472,19.26546859741211,-99.23868560791016,"14735"
14599323,19.50552940368652,-99.13008117675781,"07369"
14581650,19.29836654663086,-99.18553924560547,"14250"
14451746,19.33864212036133,-99.21035003662109,"01080"
14418956,19.40857887268066,-99.17466735839844,"06100"
14205358,19.2953929901123,-99.14035797119141,"14376"
14193444,19.3840446472168,-99.24560546875,"01340"
14192609,19.34316253662109,-99.1741943359375,"04310"
13968834,19.37555694580078,-99.25617980957031,"01219"
13930381,19.3167667388916,-99.12436676025391,"04800"
13822074,19.47616577148438,-99.21762847900391,"02719"
13697643,19.39295959472656,-99.08891296386719,"08010"
13655695,19.4920825958252,-99.13942718505859,"07300"
13561521,19.4288387298584,-99.14585113525391,"06000"
13101184,19.46422004699707,-99.1619873046875,"02860"
13096080,19.28291702270508,-99.14659118652344,"14610"
13072727,19.34806060791016,-99.19049835205078,"01000"
13069960,19.34811401367188,-99.19021606445312,"01000"
12974507,19.37180709838867,-99.15711975097656,"03310"
12952843,19.27767562866211,-99.16697692871094,"14090"
12780181,19.30600357055664,-98.94538116455078,"56619"
12780050,19.3828296661377,-99.16663360595703,"03100"
12779662,19.30579566955566,-98.94534301757812,"56615"
12656057,19.41719436645508,-99.16509246826172,"06700"
12599761,19.3828296661377,-99.16659545898438,"03100"
12590259,19.38294410705566,-99.16661834716797,"03100"
12213172,19.37568473815918,-99.16691589355469,"03100"
12175777,19.42742919921875,-99.21914672851562,"11000"
12102583,19.52215576171875,-99.1650390625,"07650"
12101295,19.36456680297852,-99.29296875,"05260"
12031919,19.26713180541992,-99.21108245849609,"14275"
12023544,19.40560340881348,-99.17817687988281,"11800"
11996961,19.39416313171387,-99.23948669433594,"11950"
11996864,19.3951358795166,-99.23907470703125,"11950"
11996812,19.39472961425781,-99.23948669433594,"11950"
11996628,19.39497375488281,-99.23931121826172,"11950"
11996566,19.38058090209961,-99.25191497802734,"01219"
11996477,19.39367866516113,-99.23883819580078,"11950"
11996433,19.39306449890137,-99.23914337158203,"11950"
11958527,19.29698944091797,-99.15309143066406,"14050"
11958333,19.29001808166504,-99.15150451660156,"14370"
11957779,19.29749488830566,-99.15370941162109,"14050"
11908417,19.4718132019043,-99.13776397705078,"07790"
11851894,19.44659423828125,-99.19149780273438,"11450"
11391469,19.34096336364746,-99.2095947265625,"01780"
11283128,19.38290023803711,-99.24800872802734,"01340"
11275177,19.44930839538574,-99.18204498291016,"11320"
11266153,19.33869552612305,-99.17293548583984,"04310"
11210283,19.28665351867676,-99.21847534179688,"14200"
11168071,19.34098434448242,-99.21004486083984,"01780"
11168013,19.34087371826172,-99.209716796875,"01780"
11161013,19.30537223815918,-99.1246337890625,"04920"
11160333,19.30918502807617,-99.22243499755859,"14140"
11160055,19.29868698120117,-99.15331268310547,"04730"
11160045,19.29864883422852,-99.15328979492188,"04730"
11159979,19.51457977294922,-99.10121154785156,"54180"
11151053,19.28443908691406,-99.17568969726562,"14000"
11126542,19.36252021789551,-99.26146697998047,"01260"
11106632,19.27579879760742,-99.12760162353516,"16010"
11014596,19.37321090698242,-99.18804168701172,"03910"
11012883,19.42403221130371,-99.21251678466797,"11000"
11008673,19.47945213317871,-99.11736297607422,"07000"
11006602,19.36067390441895,-99.19230651855469,"01010"
11006238,19.47941017150879,-99.11733245849609,"07000"
11002641,19.38147354125977,-99.18122863769531,"03710"
10918111,19.47816276550293,-99.12484741210938,"07800"
10912025,19.39774131774902,-99.12665557861328,"08230"
10903385,19.30812072753906,-99.12434387207031,"04920"
10787126,19.38516616821289,-99.19932556152344,"01180"
10552505,19.33202934265137,-99.20669555664062,"01900"
10550099,19.3386058807373,-99.21978759765625,"01780"
10535003,19.32185935974121,-99.22418975830078,"10400"
10504328,19.35160827636719,-99.16031646728516,"04100"
10474562,19.45183181762695,-99.21981811523438,"11220"
10469972,19.44443511962891,-99.20497894287109,"00000"
10468961,19.39268684387207,-99.17269897460938,"03100"
10376947,19.32580757141113,-99.15910339355469,"04300"
10376781,19.36527824401855,-99.16830444335938,"03100"
10349006,19.34238052368164,-99.14802551269531,"04370"
10338919,19.35762214660645,-99.15301513671875,"04120"
10332385,19.5084171295166,-99.15166473388672,"07700"
10311674,19.38392066955566,-99.18398284912109,"03700"
10284942,19.40561103820801,-99.13640594482422,"06880"
10249044,19.37200355529785,-99.17082214355469,"03100"
10220736,19.3056526184082,-99.19028472900391,"04500"
10189237,19.40115737915039,-99.25785827636719,"05129"
10176446,19.44889259338379,-99.20836639404297,"11250"
10141560,19.34923362731934,-99.18943023681641,"01000"
10051220,19.42784881591797,-99.20942687988281,"11000"
10040804,19.36233139038086,-99.26659393310547,"05349"
10040243,19.3093090057373,-99.21722412109375,"01900"
10026862,19.34531211853027,-99.23997497558594,"01720"
10026152,19.30806732177734,-99.21680450439453,"14200"
9997164,19.46186447143555,-99.14472198486328,"06430"
9962760,19.42520713806152,-99.08994293212891,"15700"
9962026,19.40588569641113,-99.09776306152344,"08400"
9951123,19.39399909973145,-99.17227935791016,"03100"
9944754,19.43684005737305,-99.20403289794922,"11550"
9940844,19.36343574523926,-99.00473022460938,"00000"
9940830,19.34530830383301,-99.02672576904297,"00000"
9939940,19.30705070495605,-99.04550170898438,"00000"
9939227,19.32942771911621,-99.072265625,"00000"
9938017,19.36125755310059,-99.00081634521484,"00000"
9935080,19.30899047851562,-99.08910369873047,"00000"
9918627,19.43832588195801,-99.20091247558594,"00000"
9912300,19.35880279541016,-99.27768707275391,"00000"
9908202,19.36330413818359,-99.26728820800781,"00000"
9895501,19.43978691101074,-99.18360137939453,"00000"
9850674,19.36545562744141,-99.25942230224609,"00000"
9823738,19.33753776550293,-99.19279479980469,"00000"
9806125,19.43950462341309,-99.17609405517578,"00000"
9804518,19.37711143493652,-99.14033508300781,"00000"
9804157,19.44354248046875,-99.04398345947266,"00000"
9800133,19.44107246398926,-99.04734039306641,"00000"
9799739,19.42963600158691,-99.22358703613281,"00000"
9768185,19.43684959411621,-99.13783264160156,"00000"
9757174,19.39303779602051,-99.17283630371094,"00000"
9731597,19.32236862182617,-99.21396636962891,"00000"
9721800,19.36754035949707,-99.17296600341797,"00000"
9710430,19.48059272766113,-99.17070007324219,"00000"
9573470,19.39107131958008,-99.18882751464844,"00000"
9551764,19.34418296813965,-99.20511627197266,"00000"
9431837,19.36845779418945,-99.16621398925781,"00000"
9379863,19.33121681213379,-99.21005249023438,"00000"
9346870,19.33194732666016,-99.20803070068359,"00000"
9322118,19.47320938110352,-99.17807769775391,"00000"
9278767,19.3201847076416,-99.24204254150391,"00000"
9258234,19.39652824401855,-99.05660247802734,"09210"
9134515,19.33822250366211,-99.18822479248047,"04360"
9035895,19.34771347045898,-99.19927215576172,"01060"
9034450,19.37657928466797,-99.03797149658203,"09230"
9004216,19.39948463439941,-99.06044769287109,"08100"
8949381,19.36022567749023,-99.14324188232422,"03300"
8868943,19.54397392272949,-99.20894622802734,"54000"
8853771,19.33779335021973,-99.18550109863281,"04340"
8762065,19.47959136962891,-99.19895935058594,"02720"
8684532,19.39331245422363,-99.18473815917969,"03800"
8655774,19.48060989379883,-99.14105224609375,"07770"
8633761,19.24644470214844,-99.08013153076172,"16500"
8633559,19.34643363952637,-98.98228454589844,"56400"
8620117,19.43844413757324,-99.20345306396484,"11530"
8543201,19.52520942687988,-99.08615112304688,"55349"
8535676,19.38416481018066,-99.03478240966797,"09230"
8507649,19.48825454711914,-99.10679626464844,"07070"
8490679,19.50189208984375,-99.12206268310547,"07369"
8422952,19.28946685791016,-99.12599182128906,"14390"
8419248,19.46205711364746,-99.14450836181641,"06430"
8341536,19.30182456970215,-99.20845794677734,"14210"
8323627,19.42388916015625,-99.21263885498047,"11000"
8207543,19.37619590759277,-99.18263244628906,"03730"
8039610,19.40821838378906,-99.07484436035156,"08100"
8037549,19.40760231018066,-99.07644653320312,"08500"
7951011,19.30570602416992,-99.20583343505859,"01900"
7929648,19.39231872558594,-99.18850708007812,"03820"
7922552,19.29533958435059,-99.15548706054688,"14050"
7855291,19.3395881652832,-99.14095306396484,"04200"
7844320,19.40321731567383,-99.13379669189453,"06850"
7828115,19.40340232849121,-99.17118835449219,"11800"
7827137,19.4195442199707,-99.16806030273438,"06700"
7826827,19.41594123840332,-99.17098999023438,"06700"
7778497,19.36490821838379,-99.152099609375,"03300"
7755458,19.33181190490723,-99.20636749267578,"01900"
7722313,19.40388870239258,-99.14499664306641,"06880"
7721255,19.40311050415039,-99.160400390625,"06760"
7720255,19.36434364318848,-99.14239501953125,"03570"
7710784,19.40194511413574,-99.18659973144531,"11870"
7660928,19.30641555786133,-99.124267578125,"04920"
7586114,19.28422546386719,-99.18624877929688,"14265"
7562298,19.39825057983398,-99.14598083496094,"03020"
7557994,19.34023666381836,-99.18212890625,"04360"
7545661,19.41031265258789,-99.16829681396484,"06100"
7545533,19.55242538452148,-99.20866394042969,"54020"
7545519,19.39381217956543,-99.17245483398438,"03100"
7545350,19.49110984802246,-99.16863250732422,"02300"
7545091,19.46430015563965,-99.15924072265625,"02860"
7528009,19.41911125183105,-99.19570922851562,"11850"
7500226,19.48697662353516,-99.12373352050781,"07020"
7445674,19.28463745117188,-99.12621307373047,"16010"
7444770,19.2897777557373,-99.15171051025391,"14610"
7442712,19.28995895385742,-99.15172576904297,"14610"
7415483,19.32010841369629,-99.20161437988281,"01900"
7414735,19.28806686401367,-99.133056640625,"14387"
7414400,19.29050064086914,-99.15202331542969,"14370"
7391934,19.38841438293457,-99.17900848388672,"03810"
7157460,19.44272232055664,-99.17510986328125,"11320"
7150357,19.4427661895752,-99.17511749267578,"11320"
7129166,19.4427661895752,-99.17511749267578,"11320"
7105931,19.39901733398438,-99.15077209472656,"03020"
7006485,19.30175971984863,-99.16752624511719,"14030"
6997224,19.27118492126465,-99.13067626953125,"16020"
6962347,19.3220272064209,-99.23340606689453,"10200"
6929923,19.30565643310547,-99.18976593017578,"04500"
6929891,19.44488906860352,-99.08570098876953,"15510"
6874243,19.3599910736084,-99.14246368408203,"03580"
6873139,19.36932373046875,-99.12239837646484,"09440"
6871043,19.39571380615234,-99.17195892333984,"03810"
6857891,19.37295341491699,-99.203369140625,"01400"
6854657,19.37366104125977,-99.23093414306641,"01290"
6847428,19.39678382873535,-99.09830474853516,"08400"
6800373,19.31974220275879,-99.13842010498047,"04620"
6793953,19.45807647705078,-99.0693359375,"07979"
6750454,19.42754554748535,-99.13961029052734,"06000"
6745822,19.49745559692383,-99.16470336914062,"02300"
6672762,19.62195014953613,-99.16371154785156,"54900"
6588180,19.28611946105957,-99.16141510009766,"14080"
6588048,19.28614616394043,-99.16154479980469,"14080"
6586875,19.28619003295898,-99.16168975830078,"14080"
6586838,19.28614044189453,-99.16160583496094,"14080"
6576703,19.48399543762207,-99.21258544921875,"02710"
6566009,19.38650703430176,-99.22334289550781,"01220"
6532181,19.39978981018066,-99.18498229980469,"11800"
6479776,19.37241554260254,-99.15614318847656,"03650"
6470082,19.41679954528809,-99.16715240478516,"06700"
6435929,19.34645462036133,-99.18966674804688,"01000"
6399267,19.28354072570801,-99.19215393066406,"14250"
6399191,19.5127124786377,-99.08724212646484,"55390"
6385036,19.36530685424805,-99.17761993408203,"03240"
6381475,19.29101181030273,-99.21630859375,"14200"
6379627,19.40355491638184,-99.16929626464844,"06100"
6307030,19.65536308288574,-99.25255584716797,"54745"
6307003,19.65535545349121,-99.25257873535156,"54745"
6305922,19.66112518310547,-99.25508117675781,"54745"
6213500,19.38015174865723,-99.12298583984375,"08830"
6208612,19.35883522033691,-99.15489196777344,"03340"
6208266,19.43250846862793,-99.20842742919922,"11550"
6162099,19.28481483459473,-99.12608337402344,"16010"
6119863,19.33879661560059,-99.20644378662109,"00000"
6117742,19.33956718444824,-99.19190979003906,"00000"
6063437,19.42081451416016,-99.17139434814453,"00000"
6049108,19.34122657775879,-99.21133422851562,"00000"
6011010,19.34304809570312,-99.18927764892578,"01000"
5985645,19.37535667419434,-99.16199493408203,"00000"
5836708,19.35004615783691,-99.04227447509766,"00000"
5706359,19.44146728515625,-99.20064544677734,"00000"
5694787,19.38942718505859,-99.18950653076172,"00000"
5684863,19.43927192687988,-99.1590576171875,"06470"
5664281,19.29440689086914,-99.13800811767578,"00000"
5615305,19.38180351257324,-99.29440307617188,"52764"
5615222,19.38500595092773,-99.18607330322266,"00000"
5546974,19.4359130859375,-99.16999053955078,"00000"
5546021,19.43557929992676,-99.17028045654297,"11300"
5529393,19.38552665710449,-99.24392700195312,"00000"
5502996,19.36984252929688,-99.18808746337891,"00000"
5434148,19.38549613952637,-99.093017578125,"00000"
5427241,19.33237838745117,-99.20420837402344,"00000"
5338143,19.32254791259766,-99.22283172607422,"00000"
5330139,19.35802459716797,-99.15330505371094,"00000"
5320286,19.27093696594238,-99.19084930419922,"00000"
5317192,19.37743759155273,-99.16408538818359,"00000"
5317112,19.37740325927734,-99.16408538818359,"00000"
5304524,19.32073593139648,-99.23195648193359,"00000"
5304229,19.37720680236816,-99.14053344726562,"00000"
5285579,19.34069061279297,-99.21308898925781,"00000"
5285550,19.34002304077148,-99.19363403320312,"00000"
5284585,19.3399772644043,-99.19320678710938,"00000"
5261842,19.34317016601562,-99.18924713134766,"00000"
5217779,19.37704277038574,-99.14060211181641,"00000"
5217581,19.38384437561035,-99.17073822021484,"00000"
5156794,19.40205764770508,-99.06625366210938,"00000"
5129360,19.38378715515137,-99.17074584960938,"03100"
5047363,19.42616081237793,-99.17375946044922,"06500"
4890834,19.30135726928711,-99.14691925048828,"04730"
4864080,19.40122032165527,-99.16207122802734,"03000"
4664671,19.32902908325195,-99.21121215820312,"10200"
4584128,19.39910125732422,-99.08975982666016,"08400"
4540513,19.32482528686523,-99.14002990722656,"04620"
4511203,19.42907333374023,-99.21043395996094,"11000"
4509987,19.36127090454102,-99.23439025878906,"01550"
4478929,19.33189010620117,-99.20993804931641,"01080"
4475062,19.29590225219727,-99.19338226318359,"14010"
4370854,19.43564414978027,-99.17821502685547,"11300"
4369776,19.33256530761719,-99.20526885986328,"01900"
4348825,19.35962867736816,-99.15400695800781,"03340"
4222219,19.41250610351562,-99.18135833740234,"06140"
4217234,19.37546539306641,-99.14052581787109,"03540"
4213616,19.29533767700195,-99.13148498535156,"14390"
4212095,19.29532623291016,-99.13150787353516,"14390"
4185290,19.2850341796875,-99.21839904785156,"14200"
4179059,19.39882469177246,-99.13194274902344,"08200"
4157897,19.29121017456055,-99.03108978271484,"13360"
4153824,19.33925437927246,-99.21781158447266,"01780"
4098193,19.46446228027344,-99.16043853759766,"02860"
4077079,19.2800235748291,-99.17729949951172,"14420"
4056192,19.27282905578613,-99.12823486328125,"16020"
3979810,19.48885536193848,-99.26723480224609,"53200"
3977220,19.32774353027344,-99.21512603759766,"10200"
3976887,19.32744407653809,-99.21539306640625,"10200"
3968129,19.3114013671875,-99.11333465576172,"04930"
3966961,19.31144332885742,-99.11328887939453,"04800"
3946663,19.28880882263184,-99.11526489257812,"16035"
3939941,19.4031982421875,-99.20383453369141,"11820"
3924127,19.28964614868164,-99.16172027587891,"14080"
3913399,19.30764198303223,-99.08846282958984,"09885"
3901703,19.29545402526855,-99.18373107910156,"14060"
3900000,19.34144973754883,-99.20320129394531,"01080"
3873048,19.34138870239258,-99.20326232910156,"01080"
3872407,19.4198055267334,-99.20761871337891,"11000"
3872283,19.4575023651123,-99.20747375488281,"11230"
3872175,19.34138870239258,-99.20244598388672,"01080"
3872163,19.34144973754883,-99.20326232910156,"01080"
3872065,19.34057998657227,-99.20347595214844,"01080"
3871664,19.34063911437988,-99.20341491699219,"01080"
3870985,19.66664886474609,-99.00048828125,"55760"
3869764,19.30834007263184,-99.19239807128906,"04500"
3867501,19.34091186523438,-99.20285034179688,"01080"
3861526,19.33302879333496,-99.21953582763672,"10100"
3846967,19.34091377258301,-99.21237182617188,"01780"
3829398,19.35726165771484,-99.14183044433594,"03590"
3706350,19.42621803283691,-99.14256286621094,"06720"
3639591,19.36643218994141,-99.20613861083984,"01600"
3617908,19.36645317077637,-99.20684814453125,"01600"
3617853,19.36638259887695,-99.20494079589844,"01480"
3617846,19.36639404296875,-99.20349884033203,"01480"
3575121,19.40988922119141,-99.23249053955078,"11700"
3574227,19.34272575378418,-99.22354125976562,"01700"
3559097,19.37323379516602,-99.21189117431641,"01400"
3550890,19.43601226806641,-99.17799377441406,"11300"
3536933,19.40845680236816,-99.13571166992188,"06800"
3486620,19.31170272827148,-99.22856140136719,"10700"
3479089,19.33942604064941,-99.18035125732422,"04310"
3465954,19.37702941894531,-99.17298889160156,"03200"
3457449,19.3769588470459,-99.173095703125,"03200"
3389751,19.53412437438965,-99.18487548828125,"54150"
3344045,19.37142181396484,-99.1788330078125,"03230"
3326938,19.3039493560791,-99.18032836914062,"04700"
3293352,19.4371280670166,-99.21997833251953,"11200"
3291417,19.42972564697266,-99.21143341064453,"11000"
3291080,19.42982292175293,-99.21125793457031,"11000"
3280033,19.4054069519043,-99.22630310058594,"11000"
3213825,19.30837249755859,-99.15144348144531,"04600"
3201339,19.31637763977051,-99.20819854736328,"01900"
3201272,19.31100654602051,-99.20152282714844,"01900"
3185248,19.31205940246582,-99.23709106445312,"10500"
3182717,19.30816078186035,-99.25094604492188,"10600"
3181290,19.26506233215332,-99.00156402587891,"13099"
3100891,19.37148284912109,-99.17888641357422,"03230"
3071615,19.43218040466309,-99.201904296875,"11550"
3070046,19.43209457397461,-99.20204925537109,"11530"
3054507,19.36088562011719,-99.28031921386719,"05370"
3025572,19.43157577514648,-99.208740234375,"11000"
3014147,19.33116340637207,-99.18974304199219,"00000"
2998010,19.39764404296875,-99.18682861328125,"11870"
2992077,19.30496215820312,-99.15043640136719,"04600"
2942407,19.36736297607422,-99.26081085205078,"01219"
2942389,19.64963531494141,-99.0875244140625,"55719"
2942317,19.6297492980957,-99.11301422119141,"55700"
2929952,19.27506065368652,-99.16670989990234,"14630"
2853862,19.39011383056641,-99.09938812255859,"08020"
2834492,19.3049201965332,-99.12717437744141,"14310"
2812142,19.42488479614258,-99.20906066894531,"11000"
2789528,19.37347602844238,-99.16307067871094,"03100"
2780443,19.3481616973877,-99.21989440917969,"01710"
2743598,19.42670631408691,-99.20575714111328,"11000"
2703252,19.43909072875977,-99.04799652099609,"57200"
2701879,19.43544769287109,-99.04988861083984,"57200"
2701415,19.35701942443848,-99.14382934570312,"03590"
2695018,19.40395927429199,-99.15545654296875,"03000"
2688158,19.41436195373535,-99.07244873046875,"08100"
2687749,19.54957962036133,-99.20905303955078,"54020"
2687083,19.55220794677734,-99.20875549316406,"00000"
2683823,19.2963752746582,-99.19236755371094,"14010"
2654895,19.45633506774902,-99.16359710693359,"06450"
2640497,19.35649299621582,-99.26018524169922,"00000"
2612469,19.42739486694336,-99.21070861816406,"00000"
2597799,19.39554023742676,-99.22433471679688,"00000"
2593471,19.40623664855957,-99.18527984619141,"00000"
2568813,19.36997985839844,-99.12250518798828,"00000"
2538218,19.39286804199219,-99.04941558837891,"00000"
2537163,19.4029483795166,-99.16027069091797,"00000"
2531968,19.43840026855469,-99.04846954345703,"00000"
2479477,19.43265342712402,-99.05193328857422,"00000"
2476290,19.53463935852051,-99.02733612060547,"00000"
2475523,19.45724296569824,-99.07045745849609,"00000"
2466906,19.39384078979492,-99.11359405517578,"00000"
2466349,19.42707061767578,-99.16761779785156,"00000"
2434976,19.36299133300781,-99.17863464355469,"00000"
2433672,19.35813140869141,-99.17977142333984,"00000"
2409372,19.30859184265137,-99.21983337402344,"00000"
2409320,19.30756950378418,-99.20587921142578,"00000"
2409112,19.30399513244629,-99.20697021484375,"00000"
2408894,19.30573654174805,-99.20586395263672,"00000"
2380855,19.29881286621094,-99.14044189453125,"14370"
2373079,19.2624683380127,-99.17292022705078,"00000"
2373023,19.26895141601562,-99.17017364501953,"00000"
2370918,19.30735015869141,-99.13387298583984,"00000"
2363933,19.37942886352539,-99.25497436523438,"00000"
2354190,19.34523582458496,-99.02104949951172,"00000"
2269702,19.49533271789551,-99.15455627441406,"00000"
2268983,19.33602333068848,-99.20622253417969,"00000"
2225546,19.29207038879395,-99.11069488525391,"00000"
2222181,19.34121704101562,-99.21113586425781,"00000"
2222017,19.43312072753906,-99.15402221679688,"00000"
2220885,19.34183502197266,-99.22830200195312,"00000"
2203008,19.42444038391113,-99.22235870361328,"00000"
2187848,19.34298896789551,-99.22441864013672,"01700"
2183591,19.42573547363281,-99.20759582519531,"11000"
2180694,19.40363502502441,-99.14279937744141,"03400"
2176938,19.41788291931152,-99.13421630859375,"06820"
2174657,19.32753944396973,-99.08306121826172,"09860"
2173441,19.33612442016602,-99.14777374267578,"04330"
2165139,19.38007545471191,-99.13996124267578,"03500"
2145823,19.43508338928223,-99.14582061767578,"06000"
2135163,19.36429023742676,-99.14265441894531,"03300"
2135017,19.36566352844238,-99.15060424804688,"03300"
2131880,19.35941505432129,-99.13016510009766,"09440"
2128573,19.28256225585938,-99.12554168701172,"16010"
2128426,19.30556869506836,-99.20639801025391,"01900"
2128344,19.48804092407227,-99.10950469970703,"07070"
2128091,19.28620719909668,-99.12210845947266,"14390"
2127933,19.28936767578125,-99.15094757080078,"14610"
2127903,19.29584884643555,-99.15567016601562,"14050"
2127893,19.2827033996582,-99.12505340576172,"16010"
2127842,19.27680969238281,-99.12172698974609,"16035"
2127830,19.2796459197998,-99.12382507324219,"16010"
2127825,19.31658554077148,-99.22407531738281,"00000"
2127732,19.28191375732422,-99.13824462890625,"16020"
2127680,19.28279495239258,-99.13990020751953,"14388"
2127613,19.30103302001953,-99.19283294677734,"14010"
2127550,19.28061676025391,-99.17086029052734,"14000"
2127493,19.29414749145508,-99.21566772460938,"14240"
2127466,19.29163551330566,-99.15403747558594,"14080"
2127446,19.28450584411621,-99.16468048095703,"14000"
2127429,19.31087493896484,-99.22304534912109,"10740"
2127407,19.27919960021973,-99.16738891601562,"14090"
2127374,19.2781867980957,-99.16725921630859,"14090"
2127359,19.2784309387207,-99.16742706298828,"14090"
2127326,19.30783653259277,-99.21630859375,"14200"
2127255,19.29870414733887,-99.15775299072266,"04730"
2127161,19.30188369750977,-99.16605377197266,"04739"
2127109,19.29868316650391,-99.15775299072266,"04730"
2127104,19.29550361633301,-99.15606689453125,"14050"
2127093,19.29517936706543,-99.1551513671875,"14050"
2127081,19.29467391967773,-99.15526580810547,"14050"
2126983,19.30577087402344,-99.20592498779297,"01900"
2126930,19.29811668395996,-99.135498046875,"00000"
2125969,19.266357421875,-99.17086029052734,"14650"
2090688,19.33998680114746,-99.26071929931641,"01810"
2090595,19.29558944702148,-99.15514373779297,"14050"
2090533,19.30317878723145,-99.18596649169922,"14020"
2085018,19.56781196594238,-99.20210266113281,"54015"
2083587,19.35967063903809,-99.17154693603516,"03240"
2080662,19.30678367614746,-99.21079254150391,"01900"
2080570,19.3082218170166,-99.217041015625,"14200"
2080164,19.30921363830566,-99.21794128417969,"01900"
2080135,19.30780601501465,-99.21627807617188,"14200"
2080133,19.30959892272949,-99.21836853027344,"01900"
2079933,19.30548858642578,-99.20468139648438,"04500"
2079759,19.30795860290527,-99.2164306640625,"14200"
2079742,19.30771636962891,-99.20613861083984,"01900"
2079732,19.31727409362793,-99.22116088867188,"10400"
2079714,19.31836700439453,-99.22145843505859,"10400"
2079659,19.31271743774414,-99.21994018554688,"01900"
2079546,19.32176971435547,-99.12503051757812,"04470"
2079421,19.3067741394043,-99.21225738525391,"01900"
2079133,19.31865119934082,-99.22165679931641,"10400"
2079088,19.28647041320801,-99.12745666503906,"14380"
2079037,19.30825233459473,-99.21688079833984,"14200"
2078811,19.32656860351562,-99.17398834228516,"04369"
2078656,19.30729103088379,-99.21531677246094,"01900"
2078555,19.29644584655762,-99.18511962890625,"14250"
2078438,19.29609107971191,-99.18519592285156,"14250"
2078399,19.30801963806152,-99.2166748046875,"14200"
2078389,19.30953788757324,-99.21841430664062,"01900"
2078339,19.30962944030762,-99.21839141845703,"01900"
2078200,19.29519081115723,-99.18287658691406,"14260"
2078143,19.29779243469238,-99.18562316894531,"14250"
2078129,19.31107711791992,-99.21137237548828,"01900"
2078090,19.29876518249512,-99.21102905273438,"14140"
2077928,19.29633331298828,-99.18759918212891,"14738"
2077744,19.30321884155273,-99.17498016357422,"04719"
2064783,19.29759979248047,-99.21957397460938,"14200"
2063023,19.49460411071777,-99.05507659912109,"57100"
2058911,19.46393585205078,-99.14682769775391,"02990"
2058637,19.42832565307617,-99.21553802490234,"11000"
2058452,19.43844223022461,-99.20013427734375,"11520"
2058445,19.41084098815918,-99.25154113769531,"52780"
2058368,19.43933296203613,-99.21274566650391,"00000"
2056709,19.49291610717773,-99.04700469970703,"55280"
2055736,19.38254547119141,-99.19927215576172,"01180"
2055549,19.45078468322754,-99.16902160644531,"11330"
2050456,19.42704963684082,-99.20515441894531,"11000"
2047659,19.43579292297363,-99.14324951171875,"06300"
2043405,19.42723274230957,-99.20494079589844,"11000"
2042415,19.42103958129883,-99.0169677734375,"57310"
2042401,19.43560981750488,-99.14189910888672,"06300"
2042397,19.42381286621094,-99.06548309326172,"15600"
2042084,19.42751502990723,-99.11129760742188,"15390"
2035012,19.28191375732422,-99.13790130615234,"16020"
2020246,19.30556869506836,-99.20622253417969,"01900"
2020245,19.29633712768555,-99.18527984619141,"14250"
2020242,19.2913932800293,-99.17507171630859,"14000"
2020205,19.37128067016602,-99.19182586669922,"01480"
2019762,19.29422760009766,-99.18184661865234,"14260"
2019659,19.35639190673828,-99.08640289306641,"00000"
2019571,19.32261848449707,-99.13777923583984,"00000"
2019539,19.38594627380371,-99.03684234619141,"00000"
2018204,19.38639068603516,-99.13835144042969,"00000"
1989745,19.5073070526123,-99.23677825927734,"53100"
1988893,19.41247940063477,-99.18159484863281,"00000"
1981152,19.39112281799316,-99.18882751464844,"00000"
1975575,19.3045768737793,-99.19326782226562,"04500"
1936537,19.42767715454102,-99.20278930664062,"00000"
1934847,19.42735481262207,-99.20278930664062,"00000"
1930863,19.34505462646484,-99.16976928710938,"00000"
1929788,19.42893218994141,-99.20721435546875,"00000"
1920975,19.30275344848633,-99.02927398681641,"00000"
1875974,19.50860214233398,-99.23643493652344,"00000"
1875672,19.51992797851562,-99.03387451171875,"00000"
1875339,19.40598297119141,-99.17841339111328,"00000"
1870762,19.3759765625,-99.19215393066406,"00000"
1870626,19.39311218261719,-99.18282318115234,"00000"
1857445,19.39950752258301,-99.18836975097656,"00000"
1856575,19.42476463317871,-99.22235870361328,"00000"
1856407,19.42217254638672,-99.223388671875,"00000"
1856280,19.42994499206543,-99.21171569824219,"00000"
1856263,19.43075370788574,-99.20999908447266,"00000"
1852365,19.40922164916992,-99.19026184082031,"00000"
1851501,19.38962936401367,-99.17386627197266,"00000"
1850933,19.42925643920898,-99.20610046386719,"00000"
1850730,19.42000770568848,-99.19293975830078,"00000"
1850661,19.43674278259277,-99.16880035400391,"00000"
1850538,19.4364185333252,-99.16914367675781,"00000"
1850422,19.4256534576416,-99.19180297851562,"00000"
1850350,19.37396240234375,-99.17045593261719,"00000"
1850348,19.37003517150879,-99.12176513671875,"00000"
1850340,19.43285751342773,-99.19626617431641,"00000"
1850175,19.44710350036621,-99.16468048095703,"00000"
1849512,19.51062393188477,-99.20146179199219,"00000"
1849483,19.44540405273438,-99.14794921875,"00000"
1849377,19.40323066711426,-99.19712829589844,"11830"
1849348,19.45422554016113,-99.21926879882812,"53398"
1849262,19.50827789306641,-99.23643493652344,"53100"
1849211,19.43771362304688,-99.18150329589844,"11320"
1849017,19.40727806091309,-99.18939971923828,"11850"
1848953,19.39303016662598,-99.17223358154297,"03100"
1848906,19.45980834960938,-99.22167205810547,"53398"
1848891,19.43221092224121,-99.13309478759766,"06000"
1848589,19.51053619384766,-99.13094329833984,"07340"
1845694,19.42929649353027,-99.21652221679688,"11000"
1844956,19.35448837280273,-99.17498016357422,"01030"
1844922,19.35383987426758,-99.17635345458984,"01030"
1844921,19.34444618225098,-99.18081665039062,"04360"
1836121,19.43156242370605,-99.20828247070312,"11550"
1835214,19.48028564453125,-99.18749237060547,"02000"
1835070,19.44158935546875,-99.19148254394531,"11520"
1832415,19.38841438293457,-99.16236877441406,"03100"
1832002,19.3012866973877,-99.13143920898438,"14356"
1831242,19.5123233795166,-99.23532104492188,"53100"
1831226,19.63023376464844,-99.12747955322266,"54949"
1831066,19.50738716125488,-99.23652648925781,"53100"
1830812,19.4050121307373,-99.19489288330078,"11860"
1830762,19.35898208618164,-99.14348602294922,"03300"
1830542,19.30427360534668,-99.14511108398438,"04910"
1830483,19.38525772094727,-99.18287658691406,"03800"
1830480,19.38525772094727,-99.18287658691406,"03800"
1830261,19.33051681518555,-99.14064788818359,"04610"
1821687,19.39367866516113,-99.18596649169922,"03820"
1819014,19.44321823120117,-99.21377563476562,"00000"
1817196,19.41855430603027,-99.11796569824219,"15960"
1809193,19.32905387878418,-99.12744140625,"04470"
1809172,19.36299133300781,-99.00396728515625,"00000"
1808895,19.30155944824219,-99.18585968017578,"14020"
1808804,19.29564476013184,-99.15605926513672,"14050"
1808717,19.29742813110352,-99.18537139892578,"14250"
1808702,19.37776756286621,-99.02345275878906,"09970"
1808643,19.38400268554688,-99.03420257568359,"09230"
1805284,19.36026763916016,-99.17678070068359,"01030"
1804695,19.34313583374023,-99.14421081542969,"04040"
1797126,19.43759346008301,-99.18356323242188,"11520"
1782302,19.57800102233887,-99.21086120605469,"52927"
1782081,19.57492828369141,-99.20553588867188,"54015"
1781218,19.28385734558105,-99.12966156005859,"14380"
1780371,19.3075122833252,-99.21514892578125,"01900"
1777168,19.44580841064453,-99.08777618408203,"15430"
1776492,19.45980834960938,-99.12254333496094,"06240"
1776128,19.47635841369629,-99.09172821044922,"07580"
1776046,19.46426010131836,-99.14717102050781,"02990"
1776035,19.45552062988281,-99.11318206787109,"07840"
1775913,19.46676826477051,-99.11764526367188,"07860"
1775905,19.45422554016113,-99.07438659667969,"07970"
1775734,19.43965721130371,-99.0860595703125,"15510"
1770780,19.39454078674316,-99.07288360595703,"08500"
1770065,19.46652603149414,-99.05756378173828,"57170"
1769715,19.49921607971191,-99.04314422607422,"55280"
1769591,19.4700870513916,-99.05550384521484,"57170"
1769549,19.3927059173584,-99.18905639648438,"01180"
1769546,19.49080085754395,-99.04657745361328,"57100"
1769100,19.30952835083008,-99.12410736083984,"04920"
1769007,19.328369140625,-99.11365509033203,"04480"
1768972,19.29669952392578,-99.13524627685547,"00000"
1768880,19.3773021697998,-99.13552093505859,"03500"
1768874,19.31055068969727,-99.12397766113281,"04890"
1768784,19.28592491149902,-99.12741088867188,"14380"
1768738,19.29941177368164,-99.14236450195312,"14370"
1768675,19.3026123046875,-99.18614196777344,"14020"
1768369,19.28683471679688,-99.12728118896484,"14390"
1768264,19.29941177368164,-99.12494659423828,"14300"
1768163,19.30046463012695,-99.14803314208984,"14370"
1768061,19.30664253234863,-99.12065124511719,"04920"
1768028,19.30447578430176,-99.12464141845703,"04920"
1767859,19.29722595214844,-99.12519836425781,"14300"
1767838,19.31121253967285,-99.12394714355469,"04890"
1767817,19.43156433105469,-99.05735778808594,"15640"
1767801,19.29056739807129,-99.15156555175781,"14370"
1767753,19.29714202880859,-99.12529754638672,"14300"
1767671,19.284912109375,-99.12741851806641,"14380"
1767652,19.28329086303711,-99.13150787353516,"16020"
1767619,19.29031562805176,-99.15156555175781,"14370"
1767608,19.27949905395508,-99.12657165527344,"16010"
1767568,19.31189918518066,-99.12419891357422,"04890"
1767521,19.29078483581543,-99.13084411621094,"14357"
1767489,19.29447174072266,-99.15522003173828,"14080"
1767488,19.40080261230469,-99.06349182128906,"08500"
1767423,19.28948783874512,-99.12599182128906,"14390"
1767353,19.4626407623291,-99.05962371826172,"07918"
1767330,19.29609107971191,-99.154296875,"14370"
1767261,19.29285049438477,-99.12564849853516,"14390"
1767256,19.51944160461426,-99.08559417724609,"55349"
1767233,19.29147338867188,-99.10962677001953,"16034"
1767168,19.30996322631836,-99.12406158447266,"04920"
1767126,19.28815269470215,-99.14983367919922,"14610"
1767074,19.30713844299316,-99.12421417236328,"04920"
1767050,19.29345893859863,-99.12738800048828,"14390"
1767047,19.59918785095215,-99.00962829589844,"55070"
1767022,19.30259132385254,-99.12473297119141,"14320"
1767003,19.31040954589844,-99.12395477294922,"04890"
1765827,19.49152946472168,-99.04769897460938,"57100"
1762827,19.35708045959473,-99.14373779296875,"03590"
1762006,19.40197563171387,-99.15558624267578,"03000"
1759253,19.44208526611328,-99.21592712402344,"11500"
1756513,19.37564659118652,-99.02053833007812,"09970"
1751064,19.42541122436523,-99.22235870361328,"00000"
1746940,19.33874702453613,-99.24146270751953,"00000"
1745952,19.33877754211426,-99.24073028564453,"01729"
1745748,19.32233619689941,-99.15060424804688,"00000"
1742741,19.30828285217285,-99.21708679199219,"00000"
1742663,19.44839859008789,-99.16468048095703,"00000"
1742004,19.4360523223877,-99.16984558105469,"00000"
1741889,19.44418907165527,-99.16683197021484,"00000"
1741861,19.44418907165527,-99.16777038574219,"00000"
1741811,19.44224739074707,-99.16639709472656,"00000"
1741803,19.44451332092285,-99.16536712646484,"00000"
1741766,19.42800140380859,-99.20347595214844,"00000"
1741644,19.44289398193359,-99.16605377197266,"00000"
1741601,19.42767715454102,-99.20347595214844,"00000"
1741511,19.44159889221191,-99.16674041748047,"00000"
1741357,19.44224739074707,-99.16605377197266,"00000"
1741297,19.33861541748047,-99.24055480957031,"01729"
1741244,19.44548416137695,-99.16468048095703,"00000"
1741094,19.44289398193359,-99.16605377197266,"00000"
1740977,19.4438648223877,-99.16674041748047,"00000"
1740963,19.33861541748047,-99.23952484130859,"00000"
1740910,19.44418907165527,-99.16777038574219,"00000"
1740832,19.44224739074707,-99.16639709472656,"00000"
1738184,19.33877754211426,-99.24055480957031,"00000"
1737642,19.33901977539062,-99.24081420898438,"01729"
1737429,19.33885765075684,-99.24073028564453,"01729"
1734949,19.38558197021484,-99.19008636474609,"03800"
1731184,19.36351776123047,-99.19107818603516,"03930"
1730922,19.3917350769043,-99.23918151855469,"11910"
1709538,19.55810546875,-99.217041015625,"54020"
1709055,19.44839859008789,-99.22029876708984,"11220"
1709029,19.44969367980957,-99.20999908447266,"11470"
1708916,19.42023086547852,-99.17257690429688,"06700"
1708652,19.33602333068848,-99.17532348632812,"04310"
1708619,19.36841583251953,-99.16639709472656,"03100"
1708570,19.33634757995605,-99.17807006835938,"04360"
1708363,19.3332691192627,-99.14116668701172,"04370"
1686443,19.42984962463379,-99.1614990234375,"06600"
1674436,19.3948917388916,-99.24510955810547,"11910"
1665915,19.34153175354004,-99.23214721679688,"01700"
1665889,19.33901977539062,-99.24107360839844,"01729"
1664759,19.30755424499512,-99.1864013671875,"04530"
1662521,19.36363792419434,-99.27214050292969,"05109"
1661767,19.49039649963379,-99.23703765869141,"53310"
1650882,19.40663146972656,-99.22750854492188,"11000"
1650231,19.39048004150391,-99.19227600097656,"01150"
1650219,19.40598297119141,-99.22819519042969,"11000"
1646960,19.39537811279297,-99.24510955810547,"11700"
1646911,19.39448738098145,-99.24562072753906,"11910"
1646864,19.41229820251465,-99.19403839111328,"11840"
1646655,19.41537475585938,-99.19386291503906,"11850"
1646529,19.43140029907227,-99.20880126953125,"11000"
1646432,19.42868995666504,-99.21699523925781,"11000"
1646255,19.44256973266602,-99.21652221679688,"11200"
1646117,19.39319229125977,-99.23832702636719,"11950"
1639078,19.42638206481934,-99.22280883789062,"11000"
1628037,19.60533332824707,-99.19008636474609,"54769"
1627157,19.62150192260742,-99.16536712646484,"54900"
1625801,19.62117958068848,-99.16742706298828,"54913"
1624953,19.46361351013184,-99.15481567382812,"02980"
1624704,19.36712074279785,-99.19145965576172,"01600"
1624578,19.66515350341797,-99.19935607910156,"54730"
1624570,19.31148147583008,-99.12374114990234,"04800"
1624487,19.52114105224609,-99.21189117431641,"54080"
1624482,19.46187210083008,-99.16056060791016,"02860"
1623362,19.44710350036621,-99.22029876708984,"11220"
1617101,19.31155014038086,-99.20672607421875,"01900"
1612373,19.37720108032227,-99.14054870605469,"03500"
1612307,19.37623977661133,-99.13505554199219,"00000"
1600635,19.42472267150879,-99.14253997802734,"06720"
1598700,19.33847427368164,-99.12629699707031,"04280"
1589510,19.42990303039551,-99.21128845214844,"11000"
1589477,19.42994499206543,-99.21115875244141,"11000"
1589407,19.42986297607422,-99.21128845214844,"11000"
1588670,19.37950897216797,-99.19180297851562,"01420"
1588595,19.50989532470703,-99.23643493652344,"53100"
1588463,19.29325485229492,-99.21583557128906,"14200"
1588441,19.5794563293457,-99.21514892578125,"52927"
1579829,19.42298316955566,-99.16502380371094,"06700"
1576384,19.38962936401367,-99.25068664550781,"05110"
1567884,19.40663146972656,-99.22544860839844,"11000"
1566353,19.36904335021973,-99.18251800537109,"03920"
1565905,19.40250205993652,-99.27360534667969,"52787"
1557978,19.42346954345703,-99.1629638671875,"06600"
1556295,19.3595085144043,-99.23162841796875,"01329"
1556152,19.3489818572998,-99.25274658203125,"01580"
1555614,19.42735481262207,-99.20347595214844,"11100"
1555610,19.38493347167969,-99.1904296875,"03800"
1553655,19.37537956237793,-99.1016845703125,"09410"
1553602,19.37780952453613,-99.14039611816406,"03500"
1553499,19.40355491638184,-99.13618469238281,"06850"
1553496,19.40274429321289,-99.09790802001953,"08400"
1553474,19.40493011474609,-99.0977783203125,"08400"
1553168,19.29908752441406,-99.20983123779297,"14210"
1553149,19.32557487487793,-99.21395111083984,"01900"
1553060,19.33164978027344,-99.21025848388672,"01080"
1553053,19.31431770324707,-99.22098541259766,"10700"
1553018,19.6522216796875,-99.18321990966797,"54879"
1552933,19.31561279296875,-99.22098541259766,"10700"
1543491,19.65539169311523,-99.25259399414062,"54745"
1543267,19.65535926818848,-99.25265502929688,"54745"
1543222,19.65536499023438,-99.25257110595703,"54745"
1539510,19.4566535949707,-99.22004699707031,"53398"
1539491,19.45713806152344,-99.22064208984375,"53398"
1539484,19.45738220214844,-99.14854431152344,"06450"
1538741,19.4289722442627,-99.16193389892578,"06600"
1538308,19.47979736328125,-99.14820098876953,"07760"
1533423,19.40119171142578,-99.20684051513672,"11810"
1533333,19.4001407623291,-99.21221160888672,"01110"
1532827,19.40048408508301,-99.20969390869141,"01120"
1522933,19.33991050720215,-99.13172149658203,"04410"
1519629,19.37732315063477,-99.19163513183594,"03910"
1517934,19.38763999938965,-99.19997406005859,"01150"
1511665,19.50407028198242,-99.07850646972656,"07420"
1506875,19.48303413391113,-99.05035400390625,"57120"
1506636,19.30022239685059,-99.14459991455078,"04910"
1500001,19.45474624633789,-99.14688110351562,"06900"
1498951,19.63702392578125,-99.17017364501953,"54900"
1498117,19.45485687255859,-99.14691925048828,"06900"
1497998,19.35170936584473,-99.18320465087891,"01030"
1493829,19.4289722442627,-99.1739501953125,"00000"
1492269,19.6004810333252,-99.1904296875,"54769"
1491672,19.50746917724609,-99.23677825927734,"53100"
1491369,19.33031463623047,-99.14356994628906,"00000"
1491358,19.33128547668457,-99.14431762695312,"00000"
1491355,19.33047676086426,-99.14382934570312,"00000"
1491286,19.33116340637207,-99.14417266845703,"00000"
1491285,19.33084106445312,-99.14408111572266,"00000"
1491242,19.33116340637207,-99.14417266845703,"00000"
1491213,19.33140754699707,-99.14459991455078,"00000"
1491210,19.32788467407227,-99.14176940917969,"00000"
1491169,19.32760047912598,-99.14142608642578,"00000"
1491165,19.32760047912598,-99.14142608642578,"00000"
1491084,19.32768249511719,-99.14151000976562,"00000"
1490949,19.32766151428223,-99.141357421875,"00000"
1481044,19.4040412902832,-99.11370086669922,"00000"
1472722,19.42023086547852,-99.22510528564453,"00000"
1472569,19.41634559631348,-99.2288818359375,"00000"
1464781,19.42832565307617,-99.21823883056641,"00000"
1464764,19.42929649353027,-99.21514892578125,"00000"
1460022,19.43933296203613,-99.22716522216797,"00000"
1459495,19.43350601196289,-99.13275146484375,"00000"
1459438,19.44030380249023,-99.15541076660156,"00000"
1459432,19.41569709777832,-99.13451385498047,"00000"
1457092,19.34226036071777,-99.22691345214844,"00000"
1456072,19.41747856140137,-99.24081420898438,"00000"
1455707,19.30321884155273,-99.0860595703125,"00000"
1452872,19.34768486022949,-99.18287658691406,"00000"
1434488,19.48740386962891,-99.21712493896484,"00000"
1433030,19.31302070617676,-99.20278930664062,"00000"
1424970,19.41432189941406,-99.17652893066406,"00000"
1418739,19.32533264160156,-99.22201538085938,"00000"
1417710,19.34185409545898,-99.22811126708984,"00000"
1415481,19.42646408081055,-99.22283172607422,"00000"
1413416,19.34671401977539,-99.18081665039062,"00000"
1409128,19.48707962036133,-99.10215759277344,"00000"
1408532,19.48040390014648,-99.11142730712891,"00000"
1406014,19.39950752258301,-99.19077301025391,"00000"
1393554,19.36712074279785,-99.15541076660156,"00000"
1393470,19.33732032775879,-99.14682769775391,"00000"
1393460,19.33205604553223,-99.14494323730469,"00000"
1393340,19.33440399169922,-99.146484375,"00000"
1393260,19.33278465270996,-99.14545440673828,"00000"
1393178,19.36614799499512,-99.14579772949219,"00000"
1379012,19.28142738342285,-99.16275024414062,"00000"
1361703,19.40630722045898,-99.23334503173828,"11700"
1339609,19.28385734558105,-99.21755218505859,"14200"
1333316,19.36799049377441,-99.17526245117188,"03100"
1331329,19.37246513366699,-99.01559448242188,"09140"
1321167,19.36505508422852,-99.08370208740234,"09360"
1316272,19.34509468078613,-99.1676025390625,"04010"
1306477,19.42820358276367,-99.20909881591797,"11000"
1277850,19.29068374633789,-99.17219543457031,"14000"
1275910,19.4169921875,-99.19489288330078,"11850"
1275857,19.42670631408691,-99.20278930664062,"11100"
1275424,19.42735481262207,-99.20313262939453,"11100"
1275338,19.42832565307617,-99.20347595214844,"11000"
1275263,19.30265235900879,-99.19008636474609,"14020"
1271115,19.30824279785156,-99.22463989257812,"00000"
1258163,19.40306854248047,-99.20793914794922,"11810"
1225918,19.24140167236328,-99.16365051269531,"14400"
1206410,19.41537475585938,-99.19454956054688,"11850"
1206358,19.42444038391113,-99.201416015625,"11100"
1206341,19.42573547363281,-99.201416015625,"11100"
1190714,19.3309211730957,-99.14430236816406,"04380"
1190398,19.33100318908691,-99.14425659179688,"04380"
1190310,19.33100318908691,-99.14425659179688,"04380"
1190302,19.33043479919434,-99.14382934570312,"04380"
1188075,19.2950382232666,-99.13155364990234,"14357"
1186336,19.43795776367188,-99.19377899169922,"11550"
1172432,19.37238311767578,-99.15597534179688,"03300"
1169617,19.29562568664551,-99.16042327880859,"14050"
1165211,19.41310691833496,-99.22922515869141,"11000"
1148249,19.4160213470459,-99.22991180419922,"11000"
1136607,19.41537475585938,-99.22956848144531,"11000"
1115463,19.42367172241211,-99.21446228027344,"11000"
1104677,19.35505485534668,-99.21575164794922,"01750"
1096015,19.34711837768555,-99.23523712158203,"01730"
1095587,19.34274482727051,-99.24390411376953,"01720"
1093705,19.34606552124023,-99.23703765869141,"01730"
1082973,19.29876518249512,-99.15884399414062,"04730"
1079759,19.30168151855469,-99.16580200195312,"04739"
1078235,19.42444038391113,-99.21086120605469,"11000"
1078217,19.40663146972656,-99.22716522216797,"11000"
1077341,19.44677925109863,-99.08640289306641,"07969"
1077326,19.45071983337402,-99.08026885986328,"07979"
1076085,19.46361351013184,-99.03902435302734,"57185"
1071974,19.33557891845703,-99.25115966796875,"01870"
1066295,19.41019248962402,-99.23643493652344,"11700"
1063097,19.37627029418945,-99.06005859375,"09208"
1062986,19.39691543579102,-99.23643493652344,"11950"
1060546,19.34010314941406,-99.13179779052734,"04270"
1060480,19.37023735046387,-99.18004608154297,"03230"
1046762,19.37485313415527,-99.16390991210938,"03100"
1037592,19.48958778381348,-99.15206909179688,"02320"
1034137,19.43739128112793,-99.18326568603516,"11590"
1033407,19.50456619262695,-99.13067626953125,"07340"
1031864,19.4344367980957,-99.18000793457031,"11590"
1030516,19.35141181945801,-99.18184661865234,"01050"
1027218,19.42128372192383,-99.17317962646484,"06700"
1025135,19.38177680969238,-99.25858306884766,"05120"
1021738,19.30305862426758,-99.06430816650391,"09930"
997621,19.33796691894531,-99.24364471435547,"01870"
997260,19.47376823425293,-99.10794830322266,"07820"
996985,19.40986824035645,-99.19454956054688,"11840"
996626,19.40889739990234,-99.223388671875,"11000"
996184,19.40177345275879,-99.24622344970703,"11700"
984083,19.4482364654541,-99.13490295410156,"06300"
983727,19.45058250427246,-99.08628082275391,"07969"
978261,19.39432525634766,-99.23334503173828,"11950"
978131,19.32695198059082,-99.3167724609375,"05700"
977922,19.34185409545898,-99.253173828125,"01810"
977876,19.34173393249512,-99.25270080566406,"01810"
971777,19.40630722045898,-99.22785186767578,"11000"
966791,19.31123924255371,-99.21952819824219,"14130"
966790,19.31204986572266,-99.22047424316406,"10700"
966660,19.30913352966309,-99.21823883056641,"14200"
966608,19.31107711791992,-99.21995544433594,"14130"
966530,19.3114013671875,-99.21961212158203,"14130"
966525,19.31107711791992,-99.21926879882812,"14130"
966403,19.30945777893066,-99.21513366699219,"01900"
966352,19.31051063537598,-99.21785736083984,"01900"
966336,19.30949783325195,-99.21459197998047,"01900"
966291,19.31162452697754,-99.21961212158203,"14130"
964068,19.36631011962891,-99.21308898925781,"01620"
962372,19.40630722045898,-99.22750854492188,"11000"
950478,19.43026733398438,-99.21009063720703,"11000"
945102,19.36841583251953,-99.22270202636719,"01430"
944297,19.42970085144043,-99.21382141113281,"11000"
941792,19.30232810974121,-99.17360687255859,"14030"
941507,19.36432647705078,-99.10945129394531,"09070"
940817,19.3994255065918,-99.26682281494141,"52786"
936141,19.51019859313965,-99.12530517578125,"07340"
935579,19.39335441589355,-99.23918151855469,"11950"
923568,19.51059722900391,-99.13089752197266,"07340"
922140,19.34877967834473,-99.28832244873047,"05230"
913388,19.35226058959961,-99.07794952392578,"09837"
913166,19.33375549316406,-99.146484375,"04380"
912925,19.31917762756348,-99.13842010498047,"04870"
912850,19.31950187683105,-99.13824462890625,"04870"
912683,19.31974411010742,-99.13824462890625,"04870"
912513,19.33383750915527,-99.14640045166016,"04380"
912458,19.32079696655273,-99.13927459716797,"04620"
912236,19.33440399169922,-99.14674377441406,"00000"
912196,19.33432197570801,-99.14700317382812,"00000"
912022,19.33407974243164,-99.14657592773438,"00000"
911989,19.26668167114258,-99.11592864990234,"00000"
911895,19.33416175842285,-99.14657592773438,"00000"
911872,19.2742977142334,-99.12056732177734,"00000"
911867,19.33407974243164,-99.14665985107422,"00000"
911852,19.26797866821289,-99.11661529541016,"00000"
911730,19.27753829956055,-99.12210845947266,"00000"
911712,19.26733016967773,-99.11661529541016,"00000"
911577,19.27348709106445,-99.11988067626953,"00000"
911490,19.33456611633301,-99.14631652832031,"00000"
907246,19.41800498962402,-99.21826171875,"00000"
903067,19.45867538452148,-99.20783233642578,"00000"
902776,19.43156242370605,-99.20862579345703,"00000"
888009,19.35780906677246,-99.15352630615234,"00000"
883543,19.30687522888184,-99.12261962890625,"00000"
883506,19.29811668395996,-99.12519836425781,"00000"
882856,19.28483009338379,-99.12588500976562,"00000"
882272,19.3792667388916,-99.25987243652344,"00000"
881549,19.37975120544434,-99.25952911376953,"00000"
880904,19.38242340087891,-99.25832366943359,"00000"
880827,19.38740348815918,-99.25244903564453,"00000"
879464,19.2899341583252,-99.15138244628906,"00000"
879226,19.28936767578125,-99.15163421630859,"00000"
876398,19.43791770935059,-99.11412811279297,"00000"
864006,19.41407775878906,-99.19351959228516,"00000"
863873,19.41343116760254,-99.19420623779297,"00000"
863799,19.41440200805664,-99.19420623779297,"00000"
863466,19.41796493530273,-99.19523620605469,"00000"
863417,19.41359329223633,-99.22948455810547,"00000"
863409,19.40586280822754,-99.16865539550781,"00000"
863332,19.43803787231445,-99.19614410400391,"00000"
863323,19.41954231262207,-99.19605255126953,"00000"
863306,19.42476463317871,-99.20072937011719,"00000"
863274,19.41666984558105,-99.19523620605469,"00000"
863193,19.42767715454102,-99.20313262939453,"00000"
859869,19.41496849060059,-99.16354370117188,"00000"
859497,19.36355781555176,-99.28038024902344,"00000"
855443,19.30265235900879,-99.18562316894531,"00000"
854695,19.30265235900879,-99.18665313720703,"14020"
851911,19.43486213684082,-99.20150756835938,"11550"
851817,19.49266242980957,-99.12975311279297,"07300"
851779,19.44240951538086,-99.21549224853516,"11500"
851747,19.4203929901123,-99.17798614501953,"11850"
851688,19.4148063659668,-99.12142181396484,"15960"
850256,19.34752464294434,-99.23180389404297,"01730"
834714,19.46393585205078,-99.14751434326172,"02990"
816873,19.38262557983398,-99.166015625,"03100"
806812,19.35214042663574,-99.20965576171875,"01010"
799004,19.42962074279785,-99.21468353271484,"11000"
798969,19.35873985290527,-99.21028137207031,"01010"
780852,19.43318176269531,-99.20983123779297,"11510"
780478,19.43188667297363,-99.20896911621094,"11550"
780182,19.43188667297363,-99.20862579345703,"11550"
780057,19.43221092224121,-99.20896911621094,"11550"
762499,19.37246513366699,-99.18794250488281,"03910"
748750,19.43532752990723,-99.15009307861328,"06000"
747513,19.39687538146973,-99.23708343505859,"11920"
746919,19.4376335144043,-99.08631896972656,"15520"
709941,19.32193183898926,-99.22562408447266,"00000"
695436,19.28547859191895,-99.15743255615234,"14610"
694235,19.37222099304199,-99.01602172851562,"09970"
682944,19.28288650512695,-99.14713287353516,"14610"
681267,19.44307708740234,-99.19980621337891,"11529"
675053,19.3148021697998,-99.24244689941406,"10000"
662331,19.49445152282715,-99.19799041748047,"02150"
661183,19.45450782775879,-99.19691467285156,"11280"
640825,19.31291007995605,-99.20246124267578,"01900"
640481,19.36655426025391,-99.17637634277344,"03240"
638868,19.42945861816406,-99.20631408691406,"11000"
625911,19.37675666809082,-99.17227935791016,"03200"
625855,19.37724113464355,-99.17560577392578,"03200"
621341,19.37311172485352,-99.15749359130859,"03310"
613370,19.43480110168457,-99.17120361328125,"11300"
605781,19.30265235900879,-99.17532348632812,"14030"
601811,19.36189270019531,-99.15499877929688,"03310"
589122,19.46541213989258,-99.13127136230469,"07870"
572264,19.3687801361084,-99.18043518066406,"03230"
571030,19.36112785339355,-99.25154113769531,"01538"
571010,19.35971069335938,-99.25386047363281,"15000"
564196,19.29163551330566,-99.21686553955078,"14200"
562757,19.3034839630127,-99.18234252929688,"04530"
561931,19.34695625305176,-99.19034576416016,"01000"
543380,19.34108543395996,-99.06327819824219,"09830"
538561,19.49072074890137,-99.12709045410156,"07300"
521541,19.34096336364746,-99.19124603271484,"01000"
521096,19.33974838256836,-99.19168090820312,"01000"
517416,19.40246200561523,-99.18712615966797,"11870"
510628,19.43016624450684,-99.21041107177734,"11000"
503620,19.43308067321777,-99.17373657226562,"11590"
502627,19.43352508544922,-99.171875,"11300"
491164,19.48628997802734,-99.04222106933594,"57100"
487567,19.36485290527344,-99.19678497314453,"01600"
487512,19.43690490722656,-99.23040771484375,"53910"
456056,19.27138137817383,-99.13034820556641,"16020"
443313,19.28226852416992,-99.13893127441406,"00000"
441794,19.28276443481445,-99.13842010498047,"00000"
440454,19.44483184814453,-99.21945190429688,"11220"
440062,19.35614776611328,-99.26027679443359,"01580"
435506,19.28244018554688,-99.13648986816406,"14380"
429464,19.38958930969238,-99.19087982177734,"01180"
409873,19.34201622009277,-99.18170166015625,"04360"
404258,19.42966079711914,-99.21223449707031,"11000"
393162,19.36331558227539,-99.19580078125,"01010"
393144,19.36327362060547,-99.19570922851562,"01010"
372042,19.3443660736084,-99.19261932373047,"01000"
371916,19.39252471923828,-99.14088439941406,"03400"
184329,19.43295669555664,-99.18341827392578,"11550"
148214,19.34250068664551,-99.20124816894531,"01080"
145385,19.6796932220459,-99.20036315917969,"54720"
130513,19.31103324890137,-99.22206115722656,"10700"
114136,19.34434127807617,-99.25128173828125,"01820"
84647,19.47151184082031,-99.23788452148438,"53000"
60042,19.35740089416504,-99.13816070556641,"09410"
59810,19.59756088256836,-99.04019165039062,"55000"
52979,19.44062232971191,-99.22541046142578,"11200"
