codigo,basureros,rank_basureros,reporte_falta_agua,rank_reporteagua,reportesretio,rank_reporteretio,aguaresidual,rank_aguaresidual,adecuacinsanitaria,rank_adecuacionsanitaria,fbasureros,freporte_falta_agua,freportesretio,faguaresidual,fadecuacinsanitaria,ranking
0,0,,0,,275,5,0,,1,,1,1,5,1,2,2
951,0,,1,2,0,,0,,1,,1,4,1,1,2,2
1000,0,1,1,2,11,5,1,5,.9932,5,1,4,5,5,2,4
1010,0,1,0,1,5,5,0,1,.9932,5,1,1,5,1,2,2
1020,0,1,0,1,0,1,0,1,.99690002,5,1,1,1,1,2,2
1028,0,,0,,0,1,0,,1,,1,1,1,1,2,2
1029,0,,0,,0,1,0,,1,,1,1,1,1,2,2
1030,0,1,0,1,0,,0,1,.99949998,5,1,1,1,1,2,2
1030,0,1,0,1,0,,0,1,.99949998,5,1,1,1,1,2,2
1040,0,1,1,2,0,1,0,1,.99479997,5,1,4,1,1,2,2
1048,0,1,0,1,0,1,0,1,.98449999,4,1,1,1,1,3,2
1049,0,1,0,1,0,1,0,1,.9041,3,1,1,1,1,4,2
1050,0,1,0,1,1,4,0,1,.9982,5,1,1,5,1,2,2
1060,0,1,0,,0,,0,1,.99769998,5,1,1,1,1,2,2
1060,0,1,0,,0,,0,1,.9971,5,1,1,1,1,2,2
1070,0,1,0,1,0,1,0,1,.995,5,1,1,1,1,2,2
1080,0,1,1,2,12,5,0,1,.95490003,4,1,4,5,1,3,3
1089,0,1,0,1,0,1,0,1,.99790001,5,1,1,1,1,2,2
1090,0,1,3,3,0,,0,1,.99680001,5,1,4,1,1,2,2
1090,0,1,3,3,0,,0,1,.99680001,5,1,4,1,1,2,2
1090,0,1,3,3,0,,0,1,.99680001,5,1,4,1,1,2,2
1100,0,1,0,1,0,,0,1,.85769999,2,1,1,1,1,4,2
1100,0,1,0,1,0,,0,1,.85769999,2,1,1,1,1,4,2
1109,0,1,0,1,0,1,0,1,.90310001,3,1,1,1,1,4,2
1110,0,1,0,,0,,0,1,.89920002,2,1,1,1,1,4,2
1110,0,1,0,,0,,0,1,.95859998,4,1,1,1,1,3,2
1110,0,1,0,,0,,0,1,.95679998,4,1,1,1,1,3,2
1110,0,1,0,,0,,0,1,.92089999,3,1,1,1,1,4,2
1116,0,,0,,0,1,0,,1,,1,1,1,1,2,2
1120,0,1,0,,0,,0,1,1,5,1,1,1,1,2,2
1120,0,1,0,,0,,0,1,.96460003,4,1,1,1,1,3,2
1120,0,1,0,,0,,0,1,.94690001,3,1,1,1,1,3,2
1120,0,1,0,,0,,0,1,.9928,5,1,1,1,1,2,2
1120,0,1,0,,0,,0,1,.9928,5,1,1,1,1,2,2
1125,0,1,0,1,0,1,0,1,.95859998,4,1,1,1,1,3,2
1130,0,1,0,,0,,0,1,.87129998,2,1,1,1,1,4,2
1130,0,1,0,,0,,0,1,.95340002,4,1,1,1,1,3,2
1130,0,1,0,,0,,0,1,.95340002,4,1,1,1,1,3,2
1130,0,1,0,,0,,0,1,.95300001,4,1,1,1,1,3,2
1139,0,1,0,1,0,1,0,1,.88330001,2,1,1,1,1,4,2
1140,0,1,0,,0,,0,1,.87099999,2,1,1,1,1,4,2
1140,0,1,0,,0,,0,1,.92629999,3,1,1,1,1,4,2
1150,0,1,0,,0,,0,1,.97589999,4,1,1,1,1,3,2
1150,0,1,0,,0,,0,1,.99150002,5,1,1,1,1,2,2
1159,0,,0,,0,1,0,,1,,1,1,1,1,2,2
1160,0,1,0,,0,,0,1,.95099998,4,1,1,1,1,3,2
1160,0,1,0,,0,,0,1,.95950001,4,1,1,1,1,3,2
1160,0,1,0,,0,,0,1,.90679997,3,1,1,1,1,4,2
1160,0,1,0,,0,,0,1,.97589999,4,1,1,1,1,3,2
1170,0,1,0,1,0,,0,1,.98890001,4,1,1,1,1,2,2
1170,0,1,0,1,0,,0,1,.98890001,4,1,1,1,1,2,2
1180,0,1,0,,0,,0,1,.93730003,3,1,1,1,1,3,2
1180,0,1,0,,0,,0,1,.9993,5,1,1,1,1,2,2
1180,0,1,0,,0,,0,1,.92400002,3,1,1,1,1,4,2
1184,0,,0,,0,1,0,,1,,1,1,1,1,2,2
1200,0,1,0,1,0,1,0,1,.90740001,3,1,1,1,1,4,2
1209,0,,0,,0,1,0,,1,,1,1,1,1,2,2
1210,0,1,5,4,0,1,0,1,.9993,5,1,5,1,1,2,2
1219,0,1,0,1,7,5,0,1,.99620003,5,1,1,5,1,2,2
1220,0,1,0,,0,,0,1,.97869998,4,1,1,1,1,3,2
1220,0,1,0,,0,,0,1,.91060001,3,1,1,1,1,4,2
1220,0,1,0,,0,,0,1,.88309997,2,1,1,1,1,4,2
1220,0,1,0,,0,,0,1,.9896,4,1,1,1,1,2,2
1220,0,1,0,,0,,0,1,1,5,1,1,1,1,2,2
1220,0,1,0,,0,,0,1,.99019998,5,1,1,1,1,2,2
1230,0,1,0,,0,,0,1,.91189998,3,1,1,1,1,4,2
1230,0,1,0,,0,,0,1,.93839997,3,1,1,1,1,3,2
1230,0,1,0,,0,,0,1,.92330003,3,1,1,1,1,4,2
1230,0,1,0,,0,,0,1,.93309999,3,1,1,1,1,3,2
1230,0,1,0,,0,,0,1,.97600001,4,1,1,1,1,3,2
1239,0,1,0,1,0,1,0,1,.94389999,3,1,1,1,1,3,2
1240,0,1,0,1,0,1,0,1,.94199997,3,1,1,1,1,3,2
1250,0,1,0,,0,,0,1,.52649999,1,1,1,1,1,5,2
1250,0,1,0,,0,,0,1,.90960002,3,1,1,1,1,4,2
1250,0,1,0,,0,,0,1,.8527,2,1,1,1,1,4,2
1250,0,1,0,,0,,0,1,.91219997,3,1,1,1,1,4,2
1250,0,1,0,,0,,0,1,.86559999,2,1,1,1,1,4,2
1259,0,1,0,,0,,0,1,.67559999,1,1,1,1,1,5,2
1259,0,1,0,,0,,0,1,.88370001,2,1,1,1,1,4,2
1260,0,1,0,,0,,0,1,.9314,3,1,1,1,1,3,2
1260,0,1,0,,0,,0,1,.81419998,2,1,1,1,1,5,2
1260,0,1,0,,0,,0,1,.96350002,4,1,1,1,1,3,2
1260,0,1,0,,0,,0,1,.94980001,3,1,1,1,1,3,2
1260,0,1,0,,0,,0,1,.94569999,3,1,1,1,1,3,2
1269,0,1,0,,0,,0,1,.8994,2,1,1,1,1,4,2
1269,0,1,0,,0,,0,1,.8994,2,1,1,1,1,4,2
1270,0,1,0,,0,,0,1,.9048,3,1,1,1,1,4,2
1270,0,1,0,,0,,0,1,.95169997,4,1,1,1,1,3,2
1270,0,1,0,,0,,0,1,.96350002,4,1,1,1,1,3,2
1270,0,1,0,,0,,0,1,.93970001,3,1,1,1,1,3,2
1270,0,1,0,,0,,0,1,.78219998,1,1,1,1,1,5,2
1270,0,1,0,,0,,0,1,.917,3,1,1,1,1,4,2
1275,0,1,0,1,0,1,0,1,.80110002,1,1,1,1,1,5,2
1276,0,1,0,1,0,1,0,1,.96130002,4,1,1,1,1,3,2
1278,0,1,0,1,0,1,0,1,.84979999,2,1,1,1,1,4,2
1279,0,1,0,1,0,1,0,1,.88419998,2,1,1,1,1,4,2
1280,0,1,0,,0,,0,1,.93239999,3,1,1,1,1,3,2
1280,0,1,0,,0,,0,1,.79089999,1,1,1,1,1,5,2
1280,0,1,0,,0,,0,1,.88419998,2,1,1,1,1,4,2
1280,0,1,0,,0,,0,1,.97570002,4,1,1,1,1,3,2
1280,0,1,0,,0,,0,1,.86839998,2,1,1,1,1,4,2
1285,0,1,0,1,0,1,0,1,.90799999,3,1,1,1,1,4,2
1289,0,1,0,1,0,1,0,1,.94270003,3,1,1,1,1,3,2
1290,0,1,0,,0,,0,1,.98430002,4,1,1,1,1,3,2
1290,0,1,0,,0,,0,1,.82990003,2,1,1,1,1,5,2
1296,0,1,0,,0,,0,1,.66280001,1,1,1,1,1,5,2
1296,0,1,0,,0,,0,1,.8107,2,1,1,1,1,5,2
1296,0,1,0,,0,,0,1,.77710003,1,1,1,1,1,5,2
1298,0,1,0,1,0,1,0,1,.9501,4,1,1,1,1,3,2
1299,0,1,0,,0,,0,1,.88419998,2,1,1,1,1,4,2
1299,0,1,0,,0,,0,1,.88419998,2,1,1,1,1,4,2
1310,0,1,0,1,0,1,0,1,.86519998,2,1,1,1,1,4,2
1320,0,1,2,3,0,1,0,1,.88129997,2,1,4,1,1,4,3
1329,0,,0,,1,4,0,,1,,1,1,5,1,2,2
1330,0,1,0,1,0,1,0,1,.98689997,4,1,1,1,1,2,2
1340,0,1,1,2,2,5,0,1,.94660002,3,1,4,5,1,3,3
1376,0,1,0,,0,,0,1,1,5,1,1,1,1,2,2
1376,0,1,0,,0,,0,1,1,5,1,1,1,1,2,2
1376,0,1,0,,0,,0,1,.80620003,1,1,1,1,1,5,2
1376,0,1,0,,0,,0,1,.9993,5,1,1,1,1,2,2
1377,0,1,0,1,0,1,0,1,.90210003,2,1,1,1,1,4,2
1379,0,,0,,0,1,0,,1,,1,1,1,1,2,2
1389,0,,0,,0,1,0,,1,,1,1,1,1,2,2
1400,0,1,0,,0,,0,1,.93940002,3,1,1,1,1,3,2
1400,0,1,0,,0,,0,1,.92500001,3,1,1,1,1,4,2
1407,0,1,0,1,0,1,0,1,.88700002,2,1,1,1,1,4,2
1408,0,1,0,1,0,1,0,1,.90069997,2,1,1,1,1,4,2
1410,0,1,0,,0,,0,1,.91589999,3,1,1,1,1,4,2
1410,0,1,0,,0,,0,1,.94410002,3,1,1,1,1,3,2
1419,1,5,0,1,0,1,1,5,.92320001,3,5,1,1,5,4,4
1420,0,1,0,,0,,0,1,.89639997,2,1,1,1,1,4,2
1420,0,1,0,,0,,0,1,.9623,4,1,1,1,1,3,2
1430,0,1,0,1,1,4,0,1,.99809998,5,1,1,5,1,2,2
1440,0,,0,,0,1,0,,1,,1,1,1,1,2,2
1450,0,1,0,1,0,,0,1,.93440002,3,1,1,1,1,3,2
1450,0,1,0,1,0,,0,1,.93440002,3,1,1,1,1,3,2
1450,0,1,0,1,0,,0,1,.93440002,3,1,1,1,1,3,2
1450,0,1,0,1,0,,0,1,.93440002,3,1,1,1,1,3,2
1460,1,5,0,1,0,1,0,1,.9867,4,5,1,1,1,2,3
1470,0,1,0,,0,,0,1,.98439997,4,1,1,1,1,3,2
1470,0,1,0,,0,,0,1,.97780001,4,1,1,1,1,3,2
1480,0,1,0,1,3,5,0,1,.99790001,5,1,1,5,1,2,2
1490,0,1,0,1,0,,0,1,.97909999,4,1,1,1,1,3,2
1490,0,1,0,1,0,,0,1,.97909999,4,1,1,1,1,3,2
1500,0,1,0,,0,,0,1,.83710003,2,1,1,1,1,5,2
1500,0,1,0,,0,,0,1,.66540003,1,1,1,1,1,5,2
1504,0,,0,,0,1,0,,1,,1,1,1,1,2,2
1505,0,,0,,0,1,0,,1,,1,1,1,1,2,2
1506,0,,0,,0,1,0,,1,,1,1,1,1,2,2
1507,0,,0,,0,1,0,,1,,1,1,1,1,2,2
1508,0,,0,,0,1,0,,1,,1,1,1,1,2,2
1509,0,1,0,1,0,1,0,1,.87599999,2,1,1,1,1,4,2
1510,0,1,0,,0,,0,1,.82620001,2,1,1,1,1,5,2
1510,0,1,0,,0,,0,1,.81019998,1,1,1,1,1,5,2
1510,0,1,0,,0,,0,1,.92089999,3,1,1,1,1,4,2
1520,0,1,0,,0,,0,1,.99489999,5,1,1,1,1,2,2
1520,0,1,0,,0,,0,1,.8373,2,1,1,1,1,5,2
1520,0,1,0,,0,,0,1,.87220001,2,1,1,1,1,4,2
1520,0,1,0,,0,,0,1,.79519999,1,1,1,1,1,5,2
1520,0,1,0,,0,,0,1,.91390002,3,1,1,1,1,4,2
1530,0,1,0,1,0,1,0,1,.91320002,3,1,1,1,1,4,2
1537,0,,0,,0,1,0,,1,,1,1,1,1,2,2
1538,0,1,0,1,1,4,0,1,.92790002,3,1,1,5,1,4,3
1539,0,1,0,,0,,0,1,1,5,1,1,1,1,2,2
1539,0,1,0,,0,,0,1,.81529999,2,1,1,1,1,5,2
1540,0,1,0,,0,,0,1,.91930002,3,1,1,1,1,4,2
1540,0,1,0,,0,,0,1,.82520002,2,1,1,1,1,5,2
1540,0,1,0,,0,,0,1,.9375,3,1,1,1,1,3,2
1540,0,1,0,,0,,0,1,.92970002,3,1,1,1,1,4,2
1540,0,1,0,,0,,0,1,.92970002,3,1,1,1,1,4,2
1548,0,1,0,1,0,1,0,1,.8804,2,1,1,1,1,4,2
1549,0,1,0,1,0,1,0,1,.87339997,2,1,1,1,1,4,2
1550,0,1,0,,0,,0,1,.8926,2,1,1,1,1,4,2
1550,0,1,0,,0,,0,1,.98449999,4,1,1,1,1,3,2
1550,0,1,0,,0,,0,1,.89709997,2,1,1,1,1,4,2
1560,0,1,0,,0,,0,1,.98699999,4,1,1,1,1,2,2
1560,0,1,0,,0,,0,1,.9781,4,1,1,1,1,3,2
1560,0,1,0,,0,,0,1,.96749997,4,1,1,1,1,3,2
1560,0,1,0,,0,,0,1,.87849998,2,1,1,1,1,4,2
1566,0,1,0,1,0,1,0,1,.99159998,5,1,1,1,1,2,2
1567,0,1,0,1,0,1,0,1,.8926,2,1,1,1,1,4,2
1569,0,1,0,1,0,1,0,1,.94370002,3,1,1,1,1,3,2
1580,0,,0,,0,,0,,1,,1,1,1,1,2,2
1580,0,,0,,0,,0,,1,,1,1,1,1,2,2
1585,0,,0,,0,1,0,,1,,1,1,1,1,2,2
1586,0,,0,,0,1,0,,1,,1,1,1,1,2,2
1587,0,,0,,0,1,0,,1,,1,1,1,1,2,2
1588,0,1,0,1,0,1,0,1,.95190001,4,1,1,1,1,3,2
1589,0,,0,,0,1,0,,1,,1,1,1,1,2,2
1590,0,1,0,1,0,1,0,1,1,5,1,1,1,1,2,2
1600,0,1,0,1,0,,0,1,.97589999,4,1,1,1,1,3,2
1600,0,1,0,1,0,,0,1,.97589999,4,1,1,1,1,3,2
1610,0,1,0,,0,,0,1,.93769997,3,1,1,1,1,3,2
1610,0,1,0,,0,,0,1,.96679997,4,1,1,1,1,3,2
1618,0,1,0,,0,,0,1,1,5,1,1,1,1,2,2
1618,0,1,0,,0,,0,1,.99769998,5,1,1,1,1,2,2
1619,0,1,0,,0,,0,1,1,5,1,1,1,1,2,2
1619,0,1,0,,0,,0,1,.97219998,4,1,1,1,1,3,2
1620,0,1,0,1,1,4,0,1,.98689997,4,1,1,5,1,2,2
1630,0,1,0,,0,,0,1,.8524,2,1,1,1,1,4,2
1630,0,1,0,,0,,0,1,.96460003,4,1,1,1,1,3,2
1630,0,1,0,,0,,0,1,.95660001,4,1,1,1,1,3,2
1630,0,1,0,,0,,0,1,.92089999,3,1,1,1,1,4,2
1640,1,5,0,1,0,1,0,1,.9817,4,5,1,1,1,3,3
1645,0,1,0,1,0,1,0,1,.93229997,3,1,1,1,1,3,2
1650,0,1,0,,0,,0,1,.8721,2,1,1,1,1,4,2
1650,0,1,0,,0,,0,1,.87599999,2,1,1,1,1,4,2
1650,0,1,0,,0,,0,1,.66930002,1,1,1,1,1,5,2
1650,0,1,0,,0,,0,1,.90600002,3,1,1,1,1,4,2
1650,0,1,0,,0,,0,1,.84429997,2,1,1,1,1,4,2
1650,0,1,0,,0,,0,1,.66850001,1,1,1,1,1,5,2
1650,0,1,0,,0,,0,1,.9677,4,1,1,1,1,3,2
1700,1,5,0,,0,,1,5,.83420002,2,5,1,1,5,5,4
1700,1,5,0,,0,,1,5,.95020002,4,5,1,1,5,3,4
1700,1,5,0,,0,,1,5,.15790001,1,5,1,1,5,5,4
1700,1,5,0,,0,,1,5,.87690002,2,5,1,1,5,4,4
1700,1,5,0,,0,,1,5,.72430003,1,5,1,1,5,5,4
1700,1,5,0,,0,,1,5,.86769998,2,5,1,1,5,4,4
1708,0,1,0,,0,,0,1,.80739999,1,1,1,1,1,5,2
1708,0,1,0,,0,,0,1,.8448,2,1,1,1,1,4,2
1710,1,5,0,,0,,0,1,.98449999,4,5,1,1,1,3,3
1710,1,5,0,,0,,0,1,.99159998,5,5,1,1,1,2,3
1720,0,1,0,1,2,5,0,1,.99089998,5,1,1,5,1,2,2
1729,0,1,0,1,5,5,0,1,.98140001,4,1,1,5,1,3,3
1730,0,1,0,,0,,0,1,.9285,3,1,1,1,1,4,2
1730,0,1,0,,0,,0,1,.99959999,5,1,1,1,1,2,2
1740,0,1,0,,0,,0,1,.9059,3,1,1,1,1,4,2
1740,0,1,0,,0,,0,1,.8926,2,1,1,1,1,4,2
1740,0,1,0,,0,,0,1,.7148,1,1,1,1,1,5,2
1750,0,1,0,,0,,0,1,.46430001,1,1,1,1,1,5,2
1750,0,1,0,,0,,0,1,.91079998,3,1,1,1,1,4,2
1750,0,1,0,,0,,0,1,.67009997,1,1,1,1,1,5,2
1759,0,1,0,1,0,1,0,1,.87589997,2,1,1,1,1,4,2
1760,0,1,0,,0,,0,1,.84539998,2,1,1,1,1,4,2
1760,0,1,0,,0,,0,1,.99779999,5,1,1,1,1,2,2
1760,0,1,0,,0,,0,1,.75340003,1,1,1,1,1,5,2
1770,0,1,0,,0,,0,1,.81569999,2,1,1,1,1,5,2
1770,0,1,0,,0,,0,1,.98470002,4,1,1,1,1,3,2
1780,0,1,0,,0,,0,1,.75169998,1,1,1,1,1,5,2
1780,0,1,0,,0,,0,1,.90979999,3,1,1,1,1,4,2
1788,0,,0,,0,1,0,,1,,1,1,1,1,2,2
1789,0,1,0,1,0,1,0,1,.77060002,1,1,1,1,1,5,2
1790,0,1,0,,0,,0,1,.72670001,1,1,1,1,1,5,2
1790,0,1,0,,0,,0,1,.99730003,5,1,1,1,1,2,2
1800,1,5,504,5,0,1,0,1,.7403,1,5,5,1,1,5,4
1807,0,1,0,1,0,1,0,1,.9598,4,1,1,1,1,3,2
1810,0,1,0,1,3,5,1,5,.99659997,5,1,1,5,5,2,3
1820,0,1,0,,0,,1,5,.4093,1,1,1,1,5,5,3
1820,0,1,0,,0,,1,5,.99699998,5,1,1,1,5,2,3
1830,0,1,647,5,0,1,0,1,.55809999,1,1,5,1,1,5,3
1840,0,1,0,1,0,1,0,1,.88300002,2,1,1,1,1,4,2
1849,0,1,0,,0,,0,1,.9598,4,1,1,1,1,3,2
1849,0,1,0,,0,,0,1,.65270001,1,1,1,1,1,5,2
1856,0,,0,,0,1,0,,1,,1,1,1,1,2,2
1857,0,1,0,1,0,1,0,1,.81779999,2,1,1,1,1,5,2
1859,0,1,0,1,0,1,0,1,.7026,1,1,1,1,1,5,2
1860,0,1,0,1,0,1,0,1,.8714,2,1,1,1,1,4,2
1863,0,,0,,0,1,0,,1,,1,1,1,1,2,2
1870,0,1,0,1,2,5,0,1,.86220002,2,1,1,5,1,4,3
1900,1,5,0,1,29,5,0,1,.9939,5,5,1,5,1,2,3
1904,0,1,0,1,0,1,0,1,.96939999,4,1,1,1,1,3,2
1940,0,,0,,0,1,0,,1,,1,1,1,1,2,2
1990,0,,0,,0,1,0,,1,,1,1,1,1,2,2
2000,0,1,5,4,1,4,0,1,.96249998,4,1,5,5,1,3,3
2008,0,,0,,0,1,0,,1,,1,1,1,1,2,2
2010,0,1,0,,0,,0,1,.9368,3,1,1,1,1,3,2
2010,0,1,0,,0,,0,1,.90880001,3,1,1,1,1,4,2
2010,0,1,0,,0,,0,1,.9777,4,1,1,1,1,3,2
2020,0,1,0,,0,,0,1,.86519998,2,1,1,1,1,4,2
2020,0,1,0,,0,,0,1,.92909998,3,1,1,1,1,4,2
2040,0,1,0,,0,,0,1,.98470002,4,1,1,1,1,3,2
2040,0,1,0,,0,,0,1,.88870001,2,1,1,1,1,4,2
2050,1,5,0,,0,,0,1,.99180001,5,5,1,1,1,2,3
2050,1,5,0,,0,,0,1,.90240002,3,5,1,1,1,4,3
2050,1,5,0,,0,,0,1,.90240002,3,5,1,1,1,4,3
2060,0,1,0,,0,,0,1,.96509999,4,1,1,1,1,3,2
2060,0,1,0,,0,,0,1,.9641,4,1,1,1,1,3,2
2070,1,5,0,,0,,1,5,.9066,3,5,1,1,5,4,4
2070,1,5,0,,0,,1,5,.9066,3,5,1,1,5,4,4
2070,1,5,0,,0,,1,5,.98000002,4,5,1,1,5,3,4
2070,1,5,0,,0,,1,5,.98000002,4,5,1,1,5,3,4
2070,1,5,0,,0,,1,5,.98000002,4,5,1,1,5,3,4
2070,1,5,0,,0,,1,5,.98000002,4,5,1,1,5,3,4
2070,1,5,0,,0,,1,5,.98000002,4,5,1,1,5,3,4
2070,1,5,0,,0,,1,5,.98000002,4,5,1,1,5,3,4
2070,1,5,0,,0,,1,5,.98000002,4,5,1,1,5,3,4
2070,1,5,0,,0,,1,5,.98000002,4,5,1,1,5,3,4
2070,1,5,0,,0,,1,5,.98000002,4,5,1,1,5,3,4
2070,1,5,0,,0,,1,5,.98000002,4,5,1,1,5,3,4
2080,0,1,0,,0,,0,1,.99479997,5,1,1,1,1,2,2
2080,0,1,0,,0,,0,1,.97890002,4,1,1,1,1,3,2
2090,0,1,11,4,0,1,0,1,.97350001,4,1,5,1,1,3,2
2099,0,1,3,3,0,1,0,1,.9152,3,1,4,1,1,4,3
2100,0,1,31,5,0,,0,1,.98470002,4,1,5,1,1,3,2
2100,0,1,31,5,0,,0,1,.98470002,4,1,5,1,1,3,2
2109,0,,0,,0,,0,,1,,1,1,1,1,2,2
2109,0,,0,,0,,0,,1,,1,1,1,1,2,2
2110,0,1,9,4,0,,0,1,.93489999,3,1,5,1,1,3,2
2110,0,1,9,4,0,,0,1,.93489999,3,1,5,1,1,3,2
2120,0,1,10,4,0,1,0,1,.95609999,4,1,5,1,1,3,2
2125,0,1,20,5,0,1,0,1,.95609999,4,1,5,1,1,3,2
2127,0,,0,,0,1,0,,1,,1,1,1,1,2,2
2128,0,1,0,1,0,1,0,1,.99690002,5,1,1,1,1,2,2
2129,0,1,1,2,0,1,0,1,.89039999,2,1,4,1,1,4,3
2130,0,1,0,1,0,1,0,1,.88150001,2,1,1,1,1,4,2
2140,0,1,0,1,0,1,0,1,.87510002,2,1,1,1,1,4,2
2150,1,5,1,2,0,,0,1,.9461,3,5,4,1,1,3,3
2150,1,5,1,2,0,,0,1,.9461,3,5,4,1,1,3,3
2160,0,1,4,4,0,1,0,1,.9788,4,1,4,1,1,3,2
2169,0,,0,,0,1,0,,1,,1,1,1,1,2,2
2200,1,5,2,3,0,1,0,1,.94559997,3,5,4,1,1,3,3
2230,0,1,9,4,0,1,0,1,.94529998,3,1,5,1,1,3,2
2240,0,1,0,,0,,0,1,.93690002,3,1,1,1,1,3,2
2240,0,1,0,,0,,0,1,.87709999,2,1,1,1,1,4,2
2240,0,1,0,,0,,0,1,.93690002,3,1,1,1,1,3,2
2240,0,1,0,,0,,0,1,.87709999,2,1,1,1,1,4,2
2250,0,1,8,4,0,1,0,1,.90920001,3,1,5,1,1,4,3
2260,0,,0,,0,1,0,,1,,1,1,1,1,2,2
2300,0,1,33,5,3,5,0,1,.861,2,1,5,5,1,4,3
2310,0,1,9,4,0,1,0,1,.81720001,2,1,5,1,1,5,3
2320,0,1,0,1,1,4,0,1,.9357,3,1,1,5,1,3,3
2330,0,1,0,1,0,1,0,1,.92769998,3,1,1,1,1,4,2
2340,0,1,0,1,0,1,0,1,.71130002,1,1,1,1,1,5,2
2350,0,,0,,0,1,0,,1,,1,1,1,1,2,2
2360,0,1,9,4,0,1,0,1,.74409997,1,1,5,1,1,5,3
2400,0,1,0,,0,,0,1,.91070002,3,1,1,1,1,4,2
2400,0,1,0,,0,,0,1,.91070002,3,1,1,1,1,4,2
2400,0,1,0,,0,,0,1,.91070002,3,1,1,1,1,4,2
2409,0,,0,,0,1,0,,1,,1,1,1,1,2,2
2410,0,1,6,4,0,1,0,1,.99870002,5,1,5,1,1,2,2
2419,0,,0,,0,1,0,,1,,1,1,1,1,2,2
2420,0,1,2,3,0,,0,1,.995,5,1,4,1,1,2,2
2420,0,1,2,3,0,,0,1,.995,5,1,4,1,1,2,2
2430,0,,0,,0,1,0,,1,,1,1,1,1,2,2
2440,0,1,8,4,0,1,0,1,.90990001,3,1,5,1,1,4,3
2450,0,,1,2,0,,0,,1,,1,4,1,1,2,2
2450,0,,1,2,0,,0,,1,,1,4,1,1,2,2
2459,0,1,13,4,0,1,0,1,.95190001,4,1,5,1,1,3,2
2460,0,1,11,4,0,,0,1,.99129999,5,1,5,1,1,2,2
2460,0,1,11,4,0,,0,1,.99129999,5,1,5,1,1,2,2
2470,0,1,3,3,0,1,0,1,.91530001,3,1,4,1,1,4,3
2479,0,,0,,0,1,0,,1,,1,1,1,1,2,2
2480,0,1,4,4,0,1,0,1,.98989999,5,1,4,1,1,2,2
2490,0,1,5,4,0,,0,1,.95789999,4,1,5,1,1,3,2
2490,0,1,5,4,0,,0,1,.95789999,4,1,5,1,1,3,2
2500,0,1,0,1,0,1,0,1,.99659997,5,1,1,1,1,2,2
2510,0,1,0,1,0,,0,1,.9199,3,1,1,1,1,4,2
2510,0,1,0,1,0,,0,1,.9199,3,1,1,1,1,4,2
2519,0,1,0,1,0,1,0,1,.9199,3,1,1,1,1,4,2
2520,0,,0,,0,1,0,,1,,1,1,1,1,2,2
2525,0,,0,,0,1,0,,1,,1,1,1,1,2,2
2530,0,1,0,1,0,1,0,1,.97140002,4,1,1,1,1,3,2
2540,0,,0,,0,1,0,,1,,1,1,1,1,2,2
2600,0,1,1,2,0,1,0,1,.95200002,4,1,4,1,1,3,2
2630,0,1,0,,0,,0,1,.75489998,1,1,1,1,1,5,2
2630,0,1,0,,0,,0,1,.75489998,1,1,1,1,1,5,2
2640,0,1,0,1,0,1,0,1,.9077,3,1,1,1,1,4,2
2650,0,1,4,4,0,1,0,1,.96359998,4,1,4,1,1,3,2
2660,0,1,0,1,0,1,0,1,.91869998,3,1,1,1,1,4,2
2670,0,1,6,4,0,1,0,1,.92309999,3,1,5,1,1,4,3
2680,0,1,0,1,0,1,0,1,.91600001,3,1,1,1,1,4,2
2700,0,1,13,4,0,1,0,1,.85759997,2,1,5,1,1,4,3
2710,0,1,40,5,0,,0,1,.93489999,3,1,5,1,1,3,2
2710,0,1,40,5,0,,0,1,.93489999,3,1,5,1,1,3,2
2718,0,,0,,0,1,0,,1,,1,1,1,1,2,2
2719,0,1,1,2,1,4,0,1,.83829999,2,1,4,5,1,5,3
2720,0,1,0,,0,,0,1,.98949999,4,1,1,1,1,2,2
2720,0,1,0,,0,,0,1,.91869998,3,1,1,1,1,4,2
2729,0,,0,,0,1,0,,1,,1,1,1,1,2,2
2730,0,1,27,5,0,1,0,1,.97030002,4,1,5,1,1,3,2
2739,0,,0,,0,1,0,,1,,1,1,1,1,2,2
2750,0,1,66,5,0,,0,1,.82929999,2,1,5,1,1,5,3
2750,0,1,66,5,0,,0,1,.82929999,2,1,5,1,1,5,3
2750,0,1,66,5,0,,0,1,.82929999,2,1,5,1,1,5,3
2760,0,1,0,,0,,0,1,1,5,1,1,1,1,2,2
2760,0,1,0,,0,,0,1,.9443,3,1,1,1,1,3,2
2770,0,1,0,1,0,1,0,1,.82669997,2,1,1,1,1,5,2
2780,0,1,0,1,0,1,0,1,.93589997,3,1,1,1,1,3,2
2790,1,5,32,5,0,1,0,1,.94709998,3,5,5,1,1,3,3
2800,0,1,25,5,0,1,0,1,.99669999,5,1,5,1,1,2,2
2810,0,1,0,,0,,0,1,.92460001,3,1,1,1,1,4,2
2810,0,1,0,,0,,0,1,.94980001,3,1,1,1,1,3,2
2820,0,,0,,1,4,0,,1,,1,1,5,1,2,2
2830,0,1,0,1,0,,0,1,.92360002,3,1,1,1,1,4,2
2830,0,1,0,1,0,,0,1,.92360002,3,1,1,1,1,4,2
2840,0,1,0,1,0,,0,1,.98559999,4,1,1,1,1,2,2
2840,0,1,0,1,0,,0,1,.98559999,4,1,1,1,1,2,2
2850,0,1,1,2,0,1,0,1,.94959998,3,1,4,1,1,3,2
2860,0,1,9,4,4,5,0,1,.94959998,3,1,5,5,1,3,3
2870,0,1,3,3,0,1,0,1,.97000003,4,1,4,1,1,3,2
2900,0,1,0,1,0,1,0,1,.90859997,3,1,1,1,1,4,2
2910,0,1,3,3,0,1,0,1,.92570001,3,1,4,1,1,4,3
2920,0,1,2,3,0,1,0,1,.96069998,4,1,4,1,1,3,2
2930,0,1,0,1,0,1,0,1,.91339999,3,1,1,1,1,4,2
2940,0,1,0,1,0,1,0,1,.95969999,4,1,1,1,1,3,2
2950,0,1,17,4,0,1,0,1,.93409997,3,1,5,1,1,3,2
2960,0,1,1,2,0,1,0,1,.76249999,1,1,4,1,1,5,3
2970,0,1,0,1,0,1,0,1,.85949999,2,1,1,1,1,4,2
2980,0,1,0,,0,,0,1,.83890003,2,1,1,1,1,5,2
2980,0,1,0,,0,,0,1,.90880001,3,1,1,1,1,4,2
2990,0,1,3,3,3,5,0,1,.96749997,4,1,4,5,1,3,3
3000,0,1,9,4,3,5,0,1,.99699998,5,1,5,5,1,2,3
3010,0,1,5,4,0,1,0,1,.99519998,5,1,5,1,1,2,2
3020,1,5,11,4,0,,0,1,.9946,5,5,5,1,1,2,3
3020,1,5,11,4,0,,0,1,.9946,5,5,5,1,1,2,3
3023,0,1,25,5,0,,0,1,.99150002,5,1,5,1,1,2,2
3023,0,1,25,5,0,,0,1,.99150002,5,1,5,1,1,2,2
3027,0,,0,,0,1,0,,1,,1,1,1,1,2,2
3028,0,,0,,0,1,0,,1,,1,1,1,1,2,2
3100,1,5,0,,0,,0,1,.99720001,5,5,1,1,1,2,3
3100,1,5,0,,0,,0,1,.99620003,5,5,1,1,1,2,3
3100,1,5,0,,0,,0,1,.99620003,5,5,1,1,1,2,3
3100,1,5,0,,0,,0,1,.99620003,5,5,1,1,1,2,3
3100,1,5,0,,0,,0,1,.99620003,5,5,1,1,1,2,3
3103,0,1,19,5,0,1,0,1,.99769998,5,1,5,1,1,2,2
3104,0,1,27,5,0,1,0,1,.99720001,5,1,5,1,1,2,2
3109,0,,0,,0,1,0,,1,,1,1,1,1,2,2
3199,0,,1,2,0,1,0,,1,,1,4,1,1,2,2
3200,0,1,21,5,4,5,0,1,.99129999,5,1,5,5,1,2,3
3219,0,,0,,0,1,0,,1,,1,1,1,1,2,2
3220,0,,0,,0,1,0,,1,,1,1,1,1,2,2
3229,0,,0,,0,1,0,,1,,1,1,1,1,2,2
3230,0,1,4,4,5,5,0,1,.99760002,5,1,4,5,1,2,3
3240,1,5,13,4,3,5,0,1,1,5,5,5,5,1,2,4
3300,0,1,8,4,7,5,1,5,.99250001,5,1,5,5,5,2,4
3303,0,1,5,4,0,1,0,1,.99059999,5,1,5,1,1,2,2
3310,0,1,19,5,3,5,1,5,.98150003,4,1,5,5,5,3,4
3311,0,1,0,1,0,,1,5,1,,1,1,1,5,2,3
3313,0,,0,,0,1,0,,1,,1,1,1,1,2,2
3319,1,5,1,2,0,1,0,1,1,,5,4,1,1,2,3
3320,0,1,1,2,1,4,0,1,.95340002,4,1,4,5,1,3,3
3330,0,1,0,1,0,1,0,1,.97310001,4,1,1,1,1,3,2
3339,0,,0,,0,1,0,,1,,1,1,1,1,2,2
3340,0,1,0,1,3,5,0,1,.99620003,5,1,1,5,1,2,2
3400,1,5,0,,2,5,0,1,.99470001,5,5,1,5,1,2,3
3400,1,5,0,,2,5,0,1,.99470001,5,5,1,5,1,2,3
3410,0,1,1,2,0,1,0,1,.99129999,5,1,4,1,1,2,2
3420,0,1,1,2,0,1,0,1,.99559999,5,1,4,1,1,2,2
3430,0,1,0,1,1,4,0,1,.9921,5,1,1,5,1,2,2
3440,0,1,3,3,0,1,1,5,.96380001,4,1,4,1,5,3,3
3500,1,5,10,4,4,5,0,1,.99409997,5,5,5,5,1,2,4
3510,0,1,8,4,0,1,0,1,.99440002,5,1,5,1,1,2,2
3520,0,1,1,2,1,4,0,1,.99669999,5,1,4,5,1,2,3
3530,1,5,0,1,1,4,0,1,.99010003,5,5,1,5,1,2,3
3540,0,1,2,3,1,4,0,1,.99349999,5,1,4,5,1,2,3
3550,0,1,2,3,0,1,0,1,.9921,5,1,4,1,1,2,2
3560,0,1,0,1,0,1,0,1,.99250001,5,1,1,1,1,2,2
3570,0,1,21,5,1,4,0,1,.99290001,5,1,5,5,1,2,3
3580,0,1,1,2,1,4,0,1,.99370003,5,1,4,5,1,2,3
3590,0,1,1,2,3,5,0,1,1,5,1,4,5,1,2,3
3600,0,1,5,4,0,1,0,1,.99430001,5,1,5,1,1,2,2
3610,0,1,38,5,0,1,0,1,.99129999,5,1,5,1,1,2,2
3620,0,1,0,1,0,1,0,1,.99349999,5,1,1,1,1,2,2
3630,0,1,6,4,0,1,0,1,.9896,4,1,5,1,1,2,2
3640,0,1,6,4,0,1,0,1,1,5,1,5,1,1,2,2
3650,1,5,1,2,2,5,0,1,.99919999,5,5,4,5,1,2,4
3660,1,5,7,4,0,1,0,1,.98760003,4,5,5,1,1,2,3
3700,0,1,1,2,1,4,0,1,.99589998,5,1,4,5,1,2,3
3710,1,5,1,2,2,5,0,1,.98930001,4,5,4,5,1,2,4
3720,0,1,0,1,0,1,0,1,.99989998,5,1,1,1,1,2,2
3730,0,1,1,2,1,4,0,1,.98040003,4,1,4,5,1,3,3
3740,0,1,6,4,0,1,0,1,.99760002,5,1,5,1,1,2,2
3800,0,1,0,1,5,5,0,1,.99659997,5,1,1,5,1,2,2
3809,0,,0,,0,1,0,,1,,1,1,1,1,2,2
3810,1,5,6,4,2,5,0,1,.9975,5,5,5,5,1,2,4
3818,0,,0,,0,1,0,,1,,1,1,1,1,2,2
3819,0,,0,,0,1,0,,1,,1,1,1,1,2,2
3820,0,1,3,3,2,5,0,1,.98629999,4,1,4,5,1,2,3
3840,0,1,0,1,0,1,0,1,.98869997,4,1,1,1,1,2,2
3849,0,,0,,0,1,0,,1,,1,1,1,1,2,2
3900,0,1,0,1,0,1,0,1,.9964,5,1,1,1,1,2,2
3910,0,1,3,3,3,5,0,1,.99199998,5,1,4,5,1,2,3
3920,1,5,7,4,1,4,0,1,.99860001,5,5,5,5,1,2,4
3930,0,1,3,3,1,4,0,1,.99610001,5,1,4,5,1,2,3
3940,0,1,0,1,0,1,0,1,.99529999,5,1,1,1,1,2,2
3949,0,,0,,0,1,0,,1,,1,1,1,1,2,2
4000,0,1,21,5,0,1,0,1,.9921,5,1,5,1,1,2,2
4009,0,,0,,0,1,0,,1,,1,1,1,1,2,2
4010,0,1,0,1,2,5,0,1,.98659998,4,1,1,5,1,2,2
4020,0,1,1,2,0,1,0,1,.9971,5,1,4,1,1,2,2
4030,0,1,0,1,0,1,0,1,.97579998,4,1,1,1,1,3,2
4040,0,1,10,4,1,4,0,1,.9975,5,1,5,5,1,2,3
4100,0,1,16,4,1,4,0,1,.99190003,5,1,5,5,1,2,3
4110,0,,1,2,0,1,0,,1,,1,4,1,1,2,2
4120,0,1,0,,0,,0,1,.96280003,4,1,1,1,1,3,2
4120,0,1,0,,0,,0,1,.97329998,4,1,1,1,1,3,2
4129,0,,0,,0,1,0,,1,,1,1,1,1,2,2
4200,0,1,2,3,1,4,0,1,.99730003,5,1,4,5,1,2,3
4210,0,1,0,1,0,1,0,1,.9982,5,1,1,1,1,2,2
4230,0,1,4,4,0,1,0,1,.97909999,4,1,4,1,1,3,2
4239,0,,0,,0,1,0,,1,,1,1,1,1,2,2
4240,0,1,0,1,0,1,0,1,.96640003,4,1,1,1,1,3,2
4250,0,1,1,2,0,1,0,1,.9928,5,1,4,1,1,2,2
4259,0,,0,,0,1,0,,1,,1,1,1,1,2,2
4260,0,1,0,,0,,0,1,.86189997,2,1,1,1,1,4,2
4260,0,1,0,,0,,0,1,.88209999,2,1,1,1,1,4,2
4260,0,1,0,,0,,0,1,.88789999,2,1,1,1,1,4,2
4260,0,1,0,,0,,0,1,.66350001,1,1,1,1,1,5,2
4270,0,,0,,1,4,0,,1,,1,1,5,1,2,2
4280,0,,0,,1,4,0,,1,,1,1,5,1,2,2
4300,0,1,560,5,1,4,0,1,.83149999,2,1,5,5,1,5,4
4307,0,,7,4,0,1,0,,1,,1,5,1,1,2,2
4309,0,,0,,0,1,0,,1,,1,1,1,1,2,2
4310,0,1,8,4,0,,0,1,.9957,5,1,5,1,1,2,2
4310,0,1,8,4,0,,0,1,.9957,5,1,5,1,1,2,2
4317,0,,0,,0,1,0,,1,,1,1,1,1,2,2
4318,0,1,0,1,0,1,0,1,.99150002,5,1,1,1,1,2,2
4319,0,,0,,0,,0,,1,,1,1,1,1,2,2
4319,0,,0,,0,,0,,1,,1,1,1,1,2,2
4320,0,1,0,,0,,0,1,.99919999,5,1,1,1,1,2,2
4320,0,1,0,,0,,0,1,.9957,5,1,1,1,1,2,2
4320,0,1,0,,0,,0,1,.82630002,2,1,1,1,1,5,2
4326,0,,0,,0,1,0,,1,,1,1,1,1,2,2
4327,0,,0,,0,1,0,,1,,1,1,1,1,2,2
4330,1,5,0,,0,,0,1,.99119997,5,5,1,1,1,2,3
4330,1,5,0,,0,,0,1,.99650002,5,5,1,1,1,2,3
4330,1,5,0,,0,,0,1,.95209998,4,5,1,1,1,3,3
4330,1,5,0,,0,,0,1,.95209998,4,5,1,1,1,3,3
4330,1,5,0,,0,,0,1,.95209998,4,5,1,1,1,3,3
4330,1,5,0,,0,,0,1,.95209998,4,5,1,1,1,3,3
4330,1,5,0,,0,,0,1,.95209998,4,5,1,1,1,3,3
4336,0,,0,,0,1,0,,1,,1,1,1,1,2,2
4337,0,,0,,0,1,0,,1,,1,1,1,1,2,2
4338,0,,0,,0,1,0,,1,,1,1,1,1,2,2
4340,0,1,0,1,0,,0,1,.99559999,5,1,1,1,1,2,2
4340,0,1,0,1,0,,0,1,.99559999,5,1,1,1,1,2,2
4340,0,1,0,1,0,,0,1,.99559999,5,1,1,1,1,2,2
4350,0,,1,2,0,,0,,1,,1,4,1,1,2,2
4350,0,,1,2,0,,0,,1,,1,4,1,1,2,2
4350,0,,1,2,0,,0,,1,,1,4,1,1,2,2
4350,0,,1,2,0,,0,,1,,1,4,1,1,2,2
4350,0,,1,2,0,,0,,1,,1,4,1,1,2,2
4359,0,,0,,0,1,0,,1,,1,1,1,1,2,2
4360,1,5,0,,0,,0,1,.99479997,5,5,1,1,1,2,3
4360,1,5,0,,0,,0,1,.84560001,2,5,1,1,1,4,3
4368,0,,0,,0,1,0,,1,,1,1,1,1,2,2
4369,0,1,17,4,1,4,0,1,.84329998,2,1,5,5,1,4,3
4370,0,1,0,,0,,0,1,.99620003,5,1,1,1,1,2,2
4370,0,1,0,,0,,0,1,.9867,4,1,1,1,1,2,2
4370,0,1,0,,0,,0,1,.9867,4,1,1,1,1,2,2
4380,0,1,0,,0,,0,1,1,5,1,1,1,1,2,2
4380,0,1,0,,0,,0,1,.92729998,3,1,1,1,1,4,2
4390,0,1,0,,0,,0,1,.93510002,3,1,1,1,1,3,2
4390,0,1,0,,0,,0,1,.81919998,2,1,1,1,1,5,2
4400,0,1,1,2,0,1,0,1,.99919999,5,1,4,1,1,2,2
4410,0,1,2,3,0,,0,1,.99059999,5,1,4,1,1,2,2
4410,0,1,2,3,0,,0,1,.99059999,5,1,4,1,1,2,2
4420,0,1,0,1,0,1,0,1,.97869998,4,1,1,1,1,3,2
4440,0,1,0,,0,,0,1,.99830002,5,1,1,1,1,2,2
4440,0,1,0,,0,,0,1,1,5,1,1,1,1,2,2
4440,0,1,0,,0,,0,1,1,5,1,1,1,1,2,2
4450,0,1,0,1,0,1,0,1,1,5,1,1,1,1,2,2
4460,1,5,0,,0,1,0,1,.9957,5,5,1,1,1,2,3
4460,1,5,0,,0,1,0,1,.9957,5,5,1,1,1,2,3
4470,0,1,0,,0,,0,1,.98549998,4,1,1,1,1,2,2
4470,0,1,0,,0,,0,1,.99150002,5,1,1,1,1,2,2
4480,0,1,0,,0,,0,1,.99229997,5,1,1,1,1,2,2
4480,0,1,0,,0,,0,1,.99790001,5,1,1,1,1,2,2
4480,0,1,0,,0,,0,1,.98290002,4,1,1,1,1,3,2
4480,0,1,0,,0,,0,1,.99830002,5,1,1,1,1,2,2
4489,0,1,1,2,0,1,0,1,.99839997,5,1,4,1,1,2,2
4490,0,1,0,,0,,0,1,.99519998,5,1,1,1,1,2,2
4490,0,1,0,,0,,0,1,.99860001,5,1,1,1,1,2,2
4500,0,1,7,4,5,5,0,1,.99849999,5,1,5,5,1,2,3
4510,0,,0,,0,1,0,,1,,1,1,1,1,2,2
4513,0,,0,,0,,0,,1,,1,1,1,1,2,2
4513,0,,0,,0,,0,,1,,1,1,1,1,2,2
4519,0,1,0,1,0,1,0,1,.97570002,4,1,1,1,1,3,2
4530,0,1,2,3,3,5,0,1,.99769998,5,1,4,5,1,2,3
4535,0,,0,,0,1,0,,1,,1,1,1,1,2,2
4600,0,1,156,5,2,5,0,1,.87230003,2,1,5,5,1,4,3
4610,0,1,0,1,1,4,0,1,.9892,4,1,1,5,1,2,2
4620,0,1,20,5,3,5,0,1,.94989997,3,1,5,5,1,3,3
4630,0,1,304,5,0,1,0,1,.85790002,2,1,5,1,1,4,3
4640,1,5,1,2,0,1,0,1,.9975,5,5,4,1,1,2,3
4650,1,5,0,,0,,0,1,.86500001,2,5,1,1,1,4,3
4650,1,5,0,,0,,0,1,.86500001,2,5,1,1,1,4,3
4660,0,1,0,1,0,,0,1,1,5,1,1,1,1,2,2
4660,0,1,0,1,0,,0,1,1,5,1,1,1,1,2,2
4700,1,5,1,2,0,,0,1,.99849999,5,5,4,1,1,2,3
4700,1,5,1,2,0,,0,1,.99849999,5,5,4,1,1,2,3
4710,0,1,4,4,0,1,0,1,.99559999,5,1,4,1,1,2,2
4718,0,,0,,0,1,0,,1,,1,1,1,1,2,2
4719,1,5,1,2,0,,0,1,1,,5,4,1,1,2,3
4719,1,5,1,2,0,,0,1,1,,5,4,1,1,2,3
4720,0,,0,,0,1,0,,1,,1,1,1,1,2,2
4729,0,,0,,0,1,0,,1,,1,1,1,1,2,2
4730,0,1,0,,0,,0,1,.97210002,4,1,1,1,1,3,2
4730,0,1,0,,0,,0,1,1,5,1,1,1,1,2,2
4738,0,,0,,0,,0,,1,,1,1,1,1,2,2
4738,0,,0,,0,,0,,1,,1,1,1,1,2,2
4739,0,1,0,1,2,5,0,1,.97689998,4,1,1,5,1,3,3
4800,0,1,0,,0,,0,1,.99879998,5,1,1,1,1,2,2
4800,0,1,0,,0,,0,1,1,5,1,1,1,1,2,2
4810,0,1,0,1,0,1,0,1,.99900001,5,1,1,1,1,2,2
4815,0,,10,4,0,1,0,,1,,1,5,1,1,2,2
4830,0,1,4,4,0,,0,1,.99110001,5,1,4,1,1,2,2
4830,0,1,4,4,0,,0,1,.99110001,5,1,4,1,1,2,2
4840,0,,5,4,0,1,0,,1,,1,5,1,1,2,2
4843,0,,0,,0,1,0,,1,,1,1,1,1,2,2
4849,0,,0,,0,1,0,,1,,1,1,1,1,2,2
4850,0,,0,,0,1,0,,1,,1,1,1,1,2,2
4859,0,,0,,0,1,0,,1,,1,1,1,1,2,2
4870,0,1,2,3,0,,0,1,.98570001,4,1,4,1,1,2,2
4870,0,1,2,3,0,,0,1,.98570001,4,1,4,1,1,2,2
4890,0,1,0,,0,,0,1,.99580002,5,1,1,1,1,2,2
4890,0,1,0,,0,,0,1,.99580002,5,1,1,1,1,2,2
4890,0,1,0,,0,,0,1,.99860001,5,1,1,1,1,2,2
4899,0,1,2,3,0,1,0,1,.96160001,4,1,4,1,1,3,2
4908,0,,0,,0,1,0,,1,,1,1,1,1,2,2
4909,0,1,0,,0,,0,1,.99769998,5,1,1,1,1,2,2
4909,0,1,0,,0,,0,1,.99779999,5,1,1,1,1,2,2
4909,0,1,0,,0,,0,1,.99839997,5,1,1,1,1,2,2
4910,0,1,1,2,2,5,0,1,.87849998,2,1,4,5,1,4,3
4918,0,1,2,3,0,1,0,1,.99769998,5,1,4,1,1,2,2
4919,0,1,0,1,0,1,0,1,.97399998,4,1,1,1,1,3,2
4920,0,1,11,4,8,5,0,1,.99949998,5,1,5,5,1,2,3
4921,0,,1,2,0,1,0,,1,,1,4,1,1,2,2
4929,0,1,0,1,0,1,0,1,1,5,1,1,1,1,2,2
4930,0,1,0,1,1,4,0,1,1,5,1,1,5,1,2,2
4938,0,1,1,2,0,1,0,1,.99919999,5,1,4,1,1,2,2
4939,0,1,0,1,0,1,0,1,.99910003,5,1,1,1,1,2,2
4940,0,1,0,1,0,1,0,1,1,5,1,1,1,1,2,2
4950,0,1,0,1,0,1,0,1,.99910003,5,1,1,1,1,2,2
4960,0,1,0,1,0,1,0,1,.99849999,5,1,1,1,1,2,2
4970,0,1,0,1,0,1,0,1,.9982,5,1,1,1,1,2,2
4980,0,1,0,,0,,0,1,.9339,3,1,1,1,1,3,2
4980,0,1,0,,0,,0,1,.98189998,4,1,1,1,1,3,2
4980,0,1,0,,0,,0,1,.98189998,4,1,1,1,1,3,2
5000,0,1,128,5,0,1,0,1,.90079999,2,1,5,1,1,4,3
5009,0,,7,4,0,1,0,,1,,1,5,1,1,2,2
5010,0,1,15,4,0,1,0,1,.71079999,1,1,5,1,1,5,3
5020,0,1,5,4,0,1,0,1,.72799999,1,1,5,1,1,5,3
5030,0,1,0,,0,,0,1,.90799999,3,1,1,1,1,4,2
5030,0,1,0,,0,,0,1,.9188,3,1,1,1,1,4,2
5039,0,1,0,1,0,1,1,5,1,,1,1,1,5,2,3
5050,1,5,0,,0,1,1,5,.58530003,1,5,1,1,5,5,4
5050,1,5,0,,0,1,1,5,.58530003,1,5,1,1,5,5,4
5060,0,,0,,0,1,0,,1,,1,1,1,1,2,2
5100,0,1,49,5,0,1,0,1,.89590001,2,1,5,1,1,4,3
5109,0,,0,,1,4,0,,1,,1,1,5,1,2,2
5110,0,1,9,4,1,4,0,1,.89600003,2,1,5,5,1,4,3
5118,0,1,2,3,0,1,0,1,.91869998,3,1,4,1,1,4,3
5119,0,1,4,4,0,1,0,1,.98220003,4,1,4,1,1,3,2
5120,1,5,0,,1,4,1,5,.95740002,4,5,1,5,5,3,5
5120,1,5,0,,1,4,1,5,.95740002,4,5,1,5,5,3,5
5126,0,,0,,0,1,0,,1,,1,1,1,1,2,2
5128,0,,0,,0,1,0,,1,,1,1,1,1,2,2
5129,1,5,0,,1,4,0,1,.90109998,2,5,1,5,1,4,4
5129,1,5,0,,1,4,0,1,.90109998,2,5,1,5,1,4,4
5129,1,5,0,,1,4,0,1,.90109998,2,5,1,5,1,4,4
5130,0,,1,2,0,1,0,,1,,1,4,1,1,2,2
5200,0,1,33,5,0,1,0,1,.96990001,4,1,5,1,1,3,2
5214,0,,0,,0,1,0,,1,,1,1,1,1,2,2
5219,0,1,2,3,0,1,0,1,.95029998,4,1,4,1,1,3,2
5220,0,1,0,1,0,1,0,1,.96899998,4,1,1,1,1,3,2
5230,0,1,0,1,1,4,0,1,.95139998,4,1,1,5,1,3,3
5238,0,,0,,0,1,0,,1,,1,1,1,1,2,2
5240,0,1,1,2,0,1,0,1,.98680001,4,1,4,1,1,2,2
5249,0,,0,,0,1,0,,1,,1,1,1,1,2,2
5260,0,1,23,5,1,4,0,1,.90700001,3,1,5,5,1,4,3
5268,0,,0,,0,1,0,,1,,1,1,1,1,2,2
5269,0,1,2,3,0,1,0,1,.74519998,1,1,4,1,1,5,3
5270,0,1,6,4,0,1,0,1,.93720001,3,1,5,1,1,3,2
5280,0,1,2,3,0,1,0,1,.87010002,2,1,4,1,1,4,3
5310,0,1,4,4,0,1,0,1,.9576,4,1,4,1,1,3,2
5320,0,1,7,4,0,1,1,5,.96920002,4,1,5,1,5,3,3
5330,0,1,0,,0,,0,1,.91109997,3,1,1,1,1,4,2
5330,0,1,0,,0,,0,1,.9156,3,1,1,1,1,4,2
5330,0,1,0,,0,,0,1,.94989997,3,1,1,1,1,3,2
5330,0,1,0,,0,,0,1,.94989997,3,1,1,1,1,3,2
5348,0,1,11,4,0,1,0,1,.98299998,4,1,5,1,1,3,2
5349,0,,0,,1,4,0,,1,,1,1,5,1,2,2
5360,0,1,0,1,0,1,0,1,.93849999,3,1,1,1,1,3,2
5370,0,1,1,2,1,4,0,1,.89090002,2,1,4,5,1,4,3
5379,0,1,1,2,0,1,0,1,.8186,2,1,4,1,1,5,3
5400,0,1,19,5,0,1,0,1,.87440002,2,1,5,1,1,4,3
5410,0,1,0,,0,,0,1,.75330001,1,1,1,1,1,5,2
5410,0,1,0,,0,,0,1,.62419999,1,1,1,1,1,5,2
5500,0,1,34,5,0,1,0,1,.90829998,3,1,5,1,1,4,3
5501,1,5,0,1,0,,0,1,1,,5,1,1,1,2,3
5520,0,,2,3,0,1,0,,1,,1,4,1,1,2,2
5530,0,1,5,4,0,1,0,1,.92769998,3,1,5,1,1,4,3
5600,1,5,0,,0,1,0,1,.79369998,1,5,1,1,1,5,3
5600,1,5,0,,0,1,0,1,.79369998,1,5,1,1,1,5,3
5610,0,1,1,2,0,1,0,1,.4637,1,1,4,1,1,5,3
5619,0,,0,,0,1,0,,1,,1,1,1,1,2,2
5620,0,,2,3,0,1,0,,1,,1,4,1,1,2,2
5700,0,,18,5,1,4,0,,1,,1,5,5,1,2,3
5710,0,1,111,5,0,1,0,1,.7665,1,1,5,1,1,5,3
5730,0,1,35,5,0,1,0,1,.7992,1,1,5,1,1,5,3
5750,0,1,141,5,0,1,0,1,.6261,1,1,5,1,1,5,3
5760,0,1,4,4,0,1,0,1,.67049998,1,1,4,1,1,5,3
5780,0,1,0,1,0,1,0,1,.58590001,1,1,1,1,1,5,2
6000,0,1,10,4,6,5,0,1,.93580002,3,1,5,5,1,3,3
6010,0,1,7,4,0,1,0,1,.93580002,3,1,5,1,1,3,2
6018,0,,0,,0,1,0,,1,,1,1,1,1,2,2
6020,0,1,0,1,0,1,0,1,.93580002,3,1,1,1,1,3,2
6030,0,1,0,1,0,1,0,1,.97689998,4,1,1,1,1,3,2
6038,0,,0,,0,1,0,,1,,1,1,1,1,2,2
6039,0,,0,,0,1,0,,1,,1,1,1,1,2,2
6040,0,1,0,1,0,1,0,1,.93580002,3,1,1,1,1,3,2
6050,0,1,0,1,0,1,0,1,.93580002,3,1,1,1,1,3,2
6057,0,,0,,0,1,0,,1,,1,1,1,1,2,2
6058,0,,0,,0,1,0,,1,,1,1,1,1,2,2
6060,0,1,0,1,0,1,0,1,.93580002,3,1,1,1,1,3,2
6065,0,,0,,0,1,0,,1,,1,1,1,1,2,2
6066,0,,0,,0,1,0,,1,,1,1,1,1,2,2
6067,0,,0,,0,1,0,,1,,1,1,1,1,2,2
6068,0,,0,,0,1,0,,1,,1,1,1,1,2,2
6070,0,1,0,1,0,1,0,1,.93580002,3,1,1,1,1,3,2
6079,0,,0,,0,1,0,,1,,1,1,1,1,2,2
6080,0,1,0,1,0,1,0,1,.93580002,3,1,1,1,1,3,2
6090,0,1,0,1,0,1,0,1,.93580002,3,1,1,1,1,3,2
6100,0,1,0,1,3,5,0,1,.99699998,5,1,1,5,1,2,2
6140,0,1,0,1,1,4,0,1,.99699998,5,1,1,5,1,2,2
6170,0,1,0,1,0,1,0,1,.99739999,5,1,1,1,1,2,2
6171,0,,0,,0,1,0,,1,,1,1,1,1,2,2
6179,0,,0,,0,1,0,,1,,1,1,1,1,2,2
6199,0,,0,,0,1,0,,1,,1,1,1,1,2,2
6200,0,1,2,3,0,,0,1,.96990001,4,1,4,1,1,3,2
6200,0,1,2,3,0,,0,1,.96990001,4,1,4,1,1,3,2
6220,0,1,3,3,0,1,0,1,.97579998,4,1,4,1,1,3,2
6240,0,1,1,2,1,4,0,1,.96579999,4,1,4,5,1,3,3
6250,0,1,0,1,0,1,0,1,.97610003,4,1,1,1,1,3,2
6270,0,1,1,2,0,1,0,1,.97119999,4,1,4,1,1,3,2
6280,0,1,0,1,0,1,0,1,.9756,4,1,1,1,1,3,2
6300,0,1,2,3,3,5,0,1,.97280002,4,1,4,5,1,3,3
6302,1,5,0,1,0,,1,5,1,,5,1,1,5,2,4
6309,0,,0,,0,1,0,,1,,1,1,1,1,2,2
6350,0,1,0,1,0,1,0,1,.9752,4,1,1,1,1,3,2
6357,0,,0,,0,1,0,,1,,1,1,1,1,2,2
6400,0,1,7,4,2,5,0,1,.97280002,4,1,5,5,1,3,3
6430,0,1,1,2,2,5,0,1,.99830002,5,1,4,5,1,2,3
6450,0,1,21,5,3,5,0,1,.9598,4,1,5,5,1,3,3
6470,1,5,0,,1,4,0,1,.98769999,4,5,1,5,1,2,3
6470,1,5,0,,1,4,0,1,.98769999,4,5,1,5,1,2,3
6479,0,,0,,0,1,0,,1,,1,1,1,1,2,2
6500,0,1,12,4,2,5,0,1,.99589998,5,1,5,5,1,2,3
6589,0,,0,,0,1,0,,1,,1,1,1,1,2,2
6597,0,,0,,0,1,0,,1,,1,1,1,1,2,2
6598,0,,0,,0,1,0,,1,,1,1,1,1,2,2
6599,0,,0,,0,1,0,,1,,1,1,1,1,2,2
6600,0,1,46,5,5,5,1,5,.9824,4,1,5,5,5,3,4
6606,0,,0,,0,1,0,,1,,1,1,1,1,2,2
6609,0,,0,,0,1,0,,1,,1,1,1,1,2,2
6691,0,,0,,0,1,0,,1,,1,1,1,1,2,2
6692,0,,0,,0,1,0,,1,,1,1,1,1,2,2
6693,0,,0,,0,1,0,,1,,1,1,1,1,2,2
6694,0,,0,,0,1,0,,1,,1,1,1,1,2,2
6695,0,,0,,0,1,0,,1,,1,1,1,1,2,2
6696,0,,0,,0,1,0,,1,,1,1,1,1,2,2
6698,0,,0,,0,1,0,,1,,1,1,1,1,2,2
6699,0,,0,,0,1,0,,1,,1,1,1,1,2,2
6700,1,5,2,3,7,5,0,1,.97689998,4,5,4,5,1,3,4
6703,1,5,0,1,0,,0,1,1,,5,1,1,1,2,3
6704,0,,0,,0,1,0,,1,,1,1,1,1,2,2
6707,0,,0,,0,1,0,,1,,1,1,1,1,2,2
6720,0,1,3,3,3,5,0,1,.98250002,4,1,4,5,1,3,3
6724,0,,0,,0,1,0,,1,,1,1,1,1,2,2
6725,0,,0,,0,1,0,,1,,1,1,1,1,2,2
6727,0,,0,,0,1,0,,1,,1,1,1,1,2,2
6728,0,,0,,0,1,0,,1,,1,1,1,1,2,2
6729,0,,0,,0,1,0,,1,,1,1,1,1,2,2
6740,0,,0,,0,1,0,,1,,1,1,1,1,2,2
6760,1,5,0,,2,5,0,1,.99199998,5,5,1,5,1,2,3
6760,1,5,0,,2,5,0,1,.99199998,5,5,1,5,1,2,3
6760,1,5,0,,2,5,0,1,.99199998,5,5,1,5,1,2,3
6780,0,1,0,1,3,5,0,1,.96789998,4,1,1,5,1,3,3
6796,0,,0,,0,1,0,,1,,1,1,1,1,2,2
6797,0,,0,,0,1,0,,1,,1,1,1,1,2,2
6798,0,,0,,0,1,0,,1,,1,1,1,1,2,2
6800,0,1,0,1,2,5,0,1,.98009998,4,1,1,5,1,3,3
6820,0,1,2,3,1,4,0,1,.97799999,4,1,4,5,1,3,3
6840,0,1,0,1,0,1,0,1,.97670001,4,1,1,1,1,3,2
6850,0,1,0,1,2,5,0,1,.96700001,4,1,1,5,1,3,3
6860,0,1,0,1,1,4,0,1,.96219999,4,1,1,5,1,3,3
6870,0,1,0,1,0,1,0,1,.95490003,4,1,1,1,1,3,2
6880,0,1,0,1,2,5,0,1,.98720002,4,1,1,5,1,2,2
6890,0,1,0,1,0,1,0,1,.96259999,4,1,1,1,1,3,2
6900,0,1,2,3,2,5,0,1,.99879998,5,1,4,5,1,2,3
6920,0,1,0,1,1,4,0,1,.96740001,4,1,1,5,1,3,3
6995,0,,0,,0,1,0,,1,,1,1,1,1,2,2
7000,0,1,40,5,2,5,0,1,.96929997,4,1,5,5,1,3,3
7010,0,1,0,,0,,0,1,.92869997,3,1,1,1,1,4,2
7010,0,1,0,,0,,0,1,.78430003,1,1,1,1,1,5,2
7010,0,1,0,,0,,0,1,.80360001,1,1,1,1,1,5,2
7020,0,1,16,4,1,4,0,1,.99049997,5,1,5,5,1,2,3
7040,0,1,1,2,0,1,0,1,.90509999,3,1,4,1,1,4,3
7050,0,1,21,5,0,1,0,1,.80419999,1,1,5,1,1,5,3
7058,0,1,1,2,0,1,0,1,.88569999,2,1,4,1,1,4,3
7059,0,,5,4,0,1,0,,1,,1,5,1,1,2,2
7060,0,1,1,2,0,1,0,1,.9091,3,1,4,1,1,4,3
7069,0,1,0,1,0,1,0,1,.9382,3,1,1,1,1,3,2
7070,0,1,0,,0,,0,1,.86000001,2,1,1,1,1,4,2
7070,0,1,0,,0,,0,1,.66869998,1,1,1,1,1,5,2
7070,0,1,0,,0,,0,1,.92739999,3,1,1,1,1,4,2
7080,0,1,3,3,0,1,0,1,.7744,1,1,4,1,1,5,3
7089,0,1,1,2,0,1,0,1,.83850002,2,1,4,1,1,5,3
7090,0,1,0,,0,,0,1,.99739999,5,1,1,1,1,2,2
7090,0,1,0,,0,,0,1,.995,5,1,1,1,1,2,2
7100,0,1,0,,0,,0,1,.80129999,1,1,1,1,1,5,2
7100,0,1,0,,0,,0,1,.88639998,2,1,1,1,1,4,2
7109,0,1,2,3,0,1,0,1,.90649998,3,1,4,1,1,4,3
7110,0,1,0,1,0,1,0,1,.77340001,1,1,1,1,1,5,2
7119,0,1,0,,0,,0,1,.73890001,1,1,1,1,1,5,2
7119,0,1,0,,0,,0,1,.625,1,1,1,1,1,5,2
7130,0,1,0,,0,,0,1,.82440001,2,1,1,1,1,5,2
7130,0,1,0,,0,,0,1,.85250002,2,1,1,1,1,4,2
7140,0,1,0,,0,,0,1,.51660001,1,1,1,1,1,5,2
7140,0,1,0,,0,,0,1,.84429997,2,1,1,1,1,4,2
7140,0,1,0,,0,,0,1,.82740003,2,1,1,1,1,5,2
7140,0,1,0,,0,,0,1,.8132,2,1,1,1,1,5,2
7144,0,1,0,,0,,0,1,.67210001,1,1,1,1,1,5,2
7144,0,1,0,,0,,0,1,.72430003,1,1,1,1,1,5,2
7149,0,1,0,1,0,1,0,1,.81059998,2,1,1,1,1,5,2
7150,0,1,0,,0,,0,1,.76499999,1,1,1,1,1,5,2
7150,0,1,0,,0,,0,1,.79619998,1,1,1,1,1,5,2
7160,0,1,24,5,0,1,0,1,.86159998,2,1,5,1,1,4,3
7164,0,1,0,,0,,0,1,.75309998,1,1,1,1,1,5,2
7164,0,1,0,,0,,0,1,.68610001,1,1,1,1,1,5,2
7164,0,1,0,,0,,0,1,.76639998,1,1,1,1,1,5,2
7164,0,1,0,,0,,0,1,.96850002,4,1,1,1,1,3,2
7170,0,1,10,4,0,1,0,1,.82660002,2,1,5,1,1,5,3
7180,0,1,0,,0,,0,1,.88020003,2,1,1,1,1,4,2
7180,0,1,0,,0,,0,1,.77240002,1,1,1,1,1,5,2
7180,0,1,0,,0,,0,1,.7719,1,1,1,1,1,5,2
7183,0,1,3,3,0,1,0,1,.60799998,1,1,4,1,1,5,3
7187,0,1,1,2,0,1,0,1,.59140003,1,1,4,1,1,5,3
7188,0,1,10,4,0,1,0,1,.70230001,1,1,5,1,1,5,3
7189,0,1,1,2,0,1,0,1,.63349998,1,1,4,1,1,5,3
7190,0,1,27,5,0,1,0,1,.85860002,2,1,5,1,1,4,3
7199,0,1,1,2,0,1,0,1,.75160003,1,1,4,1,1,5,3
7200,0,1,22,5,0,1,0,1,.85149997,2,1,5,1,1,4,3
7207,0,1,1,2,0,1,0,1,.9095,3,1,4,1,1,4,3
7208,0,,0,,0,1,0,,1,,1,1,1,1,2,2
7209,0,1,1,2,0,1,0,1,.90399998,3,1,4,1,1,4,3
7210,0,1,14,4,0,1,0,1,.88419998,2,1,5,1,1,4,3
7214,0,1,1,2,0,1,0,1,.79890001,1,1,4,1,1,5,3
7220,0,1,0,,0,,0,1,.83109999,2,1,1,1,1,5,2
7220,0,1,0,,0,,0,1,.86040002,2,1,1,1,1,4,2
7224,0,1,0,1,0,1,0,1,.53869998,1,1,1,1,1,5,2
7230,0,1,11,4,0,1,0,1,.93430001,3,1,5,1,1,3,2
7239,0,1,0,1,0,1,0,1,.95230001,4,1,1,1,1,3,2
7240,0,1,2,3,0,1,0,1,.83609998,2,1,4,1,1,5,3
7248,0,,0,,0,,0,,1,,1,1,1,1,2,2
7248,0,,0,,0,,0,,1,,1,1,1,1,2,2
7248,0,,0,,0,,0,,1,,1,1,1,1,2,2
7248,0,,0,,0,,0,,1,,1,1,1,1,2,2
7248,0,,0,,0,,0,,1,,1,1,1,1,2,2
7249,0,,0,,0,,0,,1,,1,1,1,1,2,2
7249,0,,0,,0,,0,,1,,1,1,1,1,2,2
7250,0,1,2,3,0,1,0,1,.82880002,2,1,4,1,1,5,3
7259,0,1,0,1,0,1,0,1,.70630002,1,1,1,1,1,5,2
7268,0,1,5,4,0,1,0,1,.98790002,4,1,5,1,1,2,2
7269,0,,0,,0,1,0,,1,,1,1,1,1,2,2
7270,0,1,0,1,0,1,0,1,.99879998,5,1,1,1,1,2,2
7279,0,1,8,4,0,1,0,1,.99550003,5,1,5,1,1,2,2
7280,0,1,14,4,0,,0,1,.96390003,4,1,5,1,1,3,2
7280,0,1,14,4,0,,0,1,.96390003,4,1,5,1,1,3,2
7290,0,1,4,4,0,1,0,1,.81980002,2,1,4,1,1,5,3
7300,0,1,0,,0,,0,1,.9569,4,1,1,1,1,3,2
7300,0,1,0,,0,,0,1,.99849999,5,1,1,1,1,2,2
7309,0,,0,,0,1,0,,1,,1,1,1,1,2,2
7310,0,1,6,4,0,1,0,1,.75080001,1,1,5,1,1,5,3
7320,0,1,0,,0,,0,1,.95550001,4,1,1,1,1,3,2
7320,0,1,0,,0,,0,1,.9989,5,1,1,1,1,2,2
7320,0,1,0,,0,,0,1,.9989,5,1,1,1,1,2,2
7320,0,1,0,,0,,0,1,.9989,5,1,1,1,1,2,2
7323,0,,0,,0,1,0,,1,,1,1,1,1,2,2
7326,0,,0,,0,1,0,,1,,1,1,1,1,2,2
7327,0,,0,,0,1,0,,1,,1,1,1,1,2,2
7328,0,,0,,0,1,0,,1,,1,1,1,1,2,2
7329,0,,29,5,0,1,0,,1,,1,5,1,1,2,2
7330,0,1,3,3,0,1,0,1,.9619,4,1,4,1,1,3,2
7340,0,1,0,,0,,0,1,.9285,3,1,1,1,1,4,2
7340,0,1,0,,0,,0,1,.99760002,5,1,1,1,1,2,2
7349,0,,1,2,0,1,0,,1,,1,4,1,1,2,2
7350,0,1,0,,0,,0,1,.75950003,1,1,1,1,1,5,2
7350,0,1,0,,0,,0,1,.90920001,3,1,1,1,1,4,2
7359,0,1,2,3,0,1,0,1,.76749998,1,1,4,1,1,5,3
7360,0,1,91,5,0,,0,1,.92559999,3,1,5,1,1,4,3
7360,0,1,91,5,0,,0,1,.92559999,3,1,5,1,1,4,3
7363,0,,39,5,0,1,0,,1,,1,5,1,1,2,2
7369,0,1,25,5,2,5,0,1,.98220003,4,1,5,5,1,3,3
7370,0,1,1,2,0,1,0,1,.93760002,3,1,4,1,1,3,2
7380,0,1,0,,0,,0,1,.91360003,3,1,1,1,1,4,2
7380,0,1,0,,0,,0,1,.91839999,3,1,1,1,1,4,2
7400,0,1,10,4,0,1,0,1,.9508,4,1,5,1,1,3,2
7410,0,1,0,,0,,0,1,.88340002,2,1,1,1,1,4,2
7410,0,1,0,,0,,0,1,.9307,3,1,1,1,1,3,2
7420,0,1,0,,0,,0,1,.86669999,2,1,1,1,1,4,2
7420,0,1,0,,0,,0,1,.96649998,4,1,1,1,1,3,2
7430,0,1,0,1,0,1,0,1,.92150003,3,1,1,1,1,4,2
7440,0,1,5,4,0,1,0,1,.96439999,4,1,5,1,1,3,2
7450,0,1,29,5,0,1,0,1,.99900001,5,1,5,1,1,2,2
7455,0,1,1,2,0,1,0,1,1,5,1,4,1,1,2,2
7456,0,1,0,,0,,0,1,.9989,5,1,1,1,1,2,2
7456,0,1,0,,0,,0,1,.99870002,5,1,1,1,1,2,2
7457,0,,0,,0,,0,,1,,1,1,1,1,2,2
7457,0,,0,,0,,0,,1,,1,1,1,1,2,2
7458,0,,1,2,0,1,0,,1,,1,4,1,1,2,2
7459,0,,5,4,0,1,0,,1,,1,5,1,1,2,2
7460,0,1,6,4,0,1,0,1,.92919999,3,1,5,1,1,4,3
7469,0,1,64,5,0,1,0,1,.94010001,3,1,5,1,1,3,2
7470,0,1,0,1,0,1,0,1,.99779999,5,1,1,1,1,2,2
7480,0,1,3,3,0,1,0,1,.98909998,4,1,4,1,1,2,2
7500,0,1,30,5,0,1,0,1,.90490001,3,1,5,1,1,4,3
7509,0,1,17,4,0,,0,1,.92930001,3,1,5,1,1,4,3
7509,0,1,17,4,0,,0,1,.92930001,3,1,5,1,1,4,3
7510,0,1,9,4,0,1,0,1,.83960003,2,1,5,1,1,5,3
7520,0,1,29,5,0,1,0,1,.90200001,2,1,5,1,1,4,3
7530,0,1,88,5,0,,0,1,.91100001,3,1,5,1,1,4,3
7530,0,1,88,5,0,,0,1,.91100001,3,1,5,1,1,4,3
7540,0,1,407,5,0,1,1,5,.95370001,4,1,5,1,5,3,3
7548,0,,1,2,0,1,0,,1,,1,4,1,1,2,2
7549,0,,0,,0,,0,,1,,1,1,1,1,2,2
7549,0,,0,,0,,0,,1,,1,1,1,1,2,2
7550,0,1,66,5,0,1,0,1,.85570002,2,1,5,1,1,4,3
7560,0,1,64,5,0,1,0,1,.85900003,2,1,5,1,1,4,3
7570,0,1,9,4,0,1,0,1,.99239999,5,1,5,1,1,2,2
7580,0,1,265,5,1,4,0,1,.91500002,3,1,5,5,1,4,3
7600,0,1,2,3,0,1,0,1,.96640003,4,1,4,1,1,3,2
7620,0,1,11,4,0,1,0,1,.96700001,4,1,5,1,1,3,2
7630,0,1,4,4,0,1,1,5,.93370003,3,1,4,1,5,3,3
7640,0,1,2,3,0,1,0,1,.95639998,4,1,4,1,1,3,2
7650,0,1,0,1,1,4,0,1,.95910001,4,1,1,5,1,3,3
7660,0,,2,3,0,1,0,,1,,1,4,1,1,2,2
7670,0,1,1,2,0,1,0,1,.93260002,3,1,4,1,1,3,2
7680,0,1,0,1,0,1,0,1,.94669998,3,1,1,1,1,3,2
7700,0,1,15,4,0,,0,1,.98339999,4,1,5,1,1,3,2
7700,0,1,15,4,0,,0,1,.98339999,4,1,5,1,1,3,2
7700,0,1,15,4,0,,0,1,.98339999,4,1,5,1,1,3,2
7707,1,5,1,2,0,1,0,1,.99019998,5,5,4,1,1,2,3
7708,0,1,0,1,0,1,0,1,.99730003,5,1,1,1,1,2,2
7709,0,,0,,0,1,0,,1,,1,1,1,1,2,2
7710,0,,0,,0,1,0,,1,,1,1,1,1,2,2
7720,0,1,0,1,0,1,0,1,.99800003,5,1,1,1,1,2,2
7729,0,1,0,1,0,,1,5,1,,1,1,1,5,2,3
7730,0,1,0,,0,,0,1,.99409997,5,1,1,1,1,2,2
7730,0,1,0,,0,,0,1,.98269999,4,1,1,1,1,3,2
7730,0,1,0,,0,,0,1,.95730001,4,1,1,1,1,3,2
7738,0,,0,,0,1,0,,1,,1,1,1,1,2,2
7739,0,1,0,1,0,1,0,1,.98619998,4,1,1,1,1,2,2
7740,0,1,0,1,0,1,0,1,.99629998,5,1,1,1,1,2,2
7750,0,1,14,4,0,1,0,1,.98220003,4,1,5,1,1,3,2
7754,0,1,1,2,0,1,0,1,1,5,1,4,1,1,2,2
7755,0,1,0,1,0,1,0,1,.99879998,5,1,1,1,1,2,2
7760,0,1,6,4,1,4,0,1,.92140001,3,1,5,5,1,4,3
7770,0,1,0,,0,,0,1,.89850003,2,1,1,1,1,4,2
7770,0,1,0,,0,,0,1,.8933,2,1,1,1,1,4,2
7780,0,1,0,,0,,0,1,.9659,4,1,1,1,1,3,2
7780,0,1,0,,0,,0,1,.95880002,4,1,1,1,1,3,2
7790,0,1,0,,0,,0,1,.96749997,4,1,1,1,1,3,2
7790,0,1,0,,0,,0,1,.86449999,2,1,1,1,1,4,2
7800,1,5,12,4,1,4,0,1,.98629999,4,5,5,5,1,2,4
7810,0,1,47,5,0,1,0,1,.99070001,5,1,5,1,1,2,2
7820,0,1,0,,0,,0,1,.98460001,4,1,1,1,1,3,2
7820,0,1,0,,0,,0,1,.97280002,4,1,1,1,1,3,2
7830,0,1,6,4,0,1,0,1,.97229999,4,1,5,1,1,3,2
7838,0,1,0,1,0,1,0,1,.9249,3,1,1,1,1,4,2
7839,0,1,0,1,0,1,0,1,.93330002,3,1,1,1,1,3,2
7840,0,1,0,,0,,0,1,.96520001,4,1,1,1,1,3,2
7840,0,1,0,,0,,0,1,.99680001,5,1,1,1,1,2,2
7850,0,1,0,,0,,0,1,1,5,1,1,1,1,2,2
7850,0,1,0,,0,,0,1,.97750002,4,1,1,1,1,3,2
7858,0,1,1,2,0,1,0,1,.99409997,5,1,4,1,1,2,2
7859,0,1,2,3,0,1,0,1,.94230002,3,1,4,1,1,3,2
7860,0,1,0,,0,,0,1,.96030003,4,1,1,1,1,3,2
7860,0,1,0,,0,,0,1,.94199997,3,1,1,1,1,3,2
7869,0,1,4,4,0,1,0,1,.94330001,3,1,4,1,1,3,2
7870,0,1,0,,0,,0,1,.94510001,3,1,1,1,1,3,2
7870,0,1,0,,0,,0,1,.9964,5,1,1,1,1,2,2
7880,0,1,1,2,1,4,0,1,.97659999,4,1,4,5,1,3,3
7889,0,1,0,1,0,1,0,1,.97570002,4,1,1,1,1,3,2
7890,0,1,0,,0,,0,1,.91369998,3,1,1,1,1,4,2
7890,0,1,0,,0,,0,1,.9393,3,1,1,1,1,3,2
7890,0,1,0,,0,,0,1,.96429998,4,1,1,1,1,3,2
7899,0,1,0,1,0,1,0,1,.921,3,1,1,1,1,4,2
7900,0,1,18,5,0,1,0,1,.93980002,3,1,5,1,1,3,2
7909,0,,0,,0,1,0,,1,,1,1,1,1,2,2
7910,0,1,62,5,0,1,0,1,.87489998,2,1,5,1,1,4,3
7918,0,1,8,4,1,4,0,1,.98729998,4,1,5,5,1,2,3
7919,0,1,18,5,0,1,0,1,.91250002,3,1,5,1,1,4,3
7920,0,1,0,,0,,0,1,.88200003,2,1,1,1,1,4,2
7920,0,1,0,,0,,0,1,1,5,1,1,1,1,2,2
7930,0,1,0,1,0,1,0,1,.97189999,4,1,1,1,1,3,2
7939,0,1,0,1,0,1,0,1,.9612,4,1,1,1,1,3,2
7940,0,1,1,2,0,1,0,1,.91250002,3,1,4,1,1,4,3
7950,0,1,271,5,0,1,0,1,1,5,1,5,1,1,2,2
7958,0,1,0,1,0,1,0,1,.96429998,4,1,1,1,1,3,2
7959,0,,1,2,0,1,0,,1,,1,4,1,1,2,2
7960,0,1,0,,0,,0,1,.85799998,2,1,1,1,1,4,2
7960,0,1,0,,0,,0,1,.90630001,3,1,1,1,1,4,2
7960,0,1,0,,0,,0,1,.96990001,4,1,1,1,1,3,2
7969,0,1,0,,0,,0,1,.97500002,4,1,1,1,1,3,2
7969,0,1,0,,0,,0,1,.96079999,4,1,1,1,1,3,2
7970,0,1,32,5,1,4,0,1,.96710002,4,1,5,5,1,3,3
7979,0,1,0,,0,,0,1,.99309999,5,1,1,1,1,2,2
7979,0,1,0,,0,,0,1,.99260002,5,1,1,1,1,2,2
7980,0,1,24,5,0,,0,1,.9896,4,1,5,1,1,2,2
7980,0,1,24,5,0,,0,1,.9896,4,1,5,1,1,2,2
7990,0,1,1,2,0,1,0,1,.99519998,5,1,4,1,1,2,2
8000,0,1,0,1,0,1,0,1,.87919998,2,1,1,1,1,4,2
8009,0,,1,2,0,1,0,,1,,1,4,1,1,2,2
8010,0,1,0,1,1,4,0,1,.85039997,2,1,1,5,1,4,3
8020,0,1,2,3,1,4,0,1,.94370002,3,1,4,5,1,3,3
8029,0,,0,,0,1,0,,1,,1,1,1,1,2,2
8030,0,1,0,1,0,1,0,1,.90380001,3,1,1,1,1,4,2
8040,0,1,1,2,0,,0,1,.92460001,3,1,4,1,1,4,3
8040,0,1,1,2,0,,0,1,.92460001,3,1,4,1,1,4,3
8100,0,1,2,3,4,5,0,1,.95630002,4,1,4,5,1,3,3
8160,0,,0,,0,1,0,,1,,1,1,1,1,2,2
8170,0,,0,,0,1,0,,1,,1,1,1,1,2,2
8180,0,,0,,0,1,0,,1,,1,1,1,1,2,2
8188,0,,0,,0,1,0,,1,,1,1,1,1,2,2
8189,0,,2,3,0,1,0,,1,,1,4,1,1,2,2
8200,1,5,0,1,2,5,0,1,.99250001,5,5,1,5,1,2,3
8210,0,1,0,1,0,1,0,1,.9558,4,1,1,1,1,3,2
8220,0,1,0,1,0,1,0,1,.9228,3,1,1,1,1,4,2
8230,0,1,1,2,1,4,0,1,.77450001,1,1,4,5,1,5,3
8240,0,1,0,1,0,1,0,1,.84030002,2,1,1,1,1,4,2
8300,1,5,0,1,0,1,0,1,.89499998,2,5,1,1,1,4,3
8310,0,1,1,2,0,1,0,1,.82190001,2,1,4,1,1,5,3
8320,0,1,0,1,0,1,0,1,.97149998,4,1,1,1,1,3,2
8400,0,1,0,1,0,,0,1,.91079998,3,1,1,1,1,4,2
8400,0,1,0,1,0,,0,1,.91079998,3,1,1,1,1,4,2
8400,0,1,0,1,0,,0,1,.91079998,3,1,1,1,1,4,2
8420,0,1,0,1,0,1,0,1,.83840001,2,1,1,1,1,5,2
8500,0,1,1,2,4,5,0,1,.93959999,3,1,4,5,1,3,3
8501,1,5,0,1,0,,0,1,1,,5,1,1,1,2,3
8510,0,1,0,1,0,1,0,1,.8854,2,1,1,1,1,4,2
8520,0,,0,,0,1,0,,1,,1,1,1,1,2,2
8560,0,,0,,0,1,0,,1,,1,1,1,1,2,2
8580,0,,0,,0,1,0,,1,,1,1,1,1,2,2
8600,0,1,0,1,0,1,0,1,.85399997,2,1,1,1,1,4,2
8610,0,,0,,0,1,0,,1,,1,1,1,1,2,2
8619,0,,0,,0,1,0,,1,,1,1,1,1,2,2
8620,1,5,2,3,0,,1,5,.88279998,2,5,4,1,5,4,4
8620,1,5,2,3,0,,1,5,.88279998,2,5,4,1,5,4,4
8620,1,5,2,3,0,,1,5,.88279998,2,5,4,1,5,4,4
8650,0,1,3,3,0,1,0,1,.88090003,2,1,4,1,1,4,3
8700,0,1,0,1,0,1,0,1,.89630002,2,1,1,1,1,4,2
8710,0,1,0,1,0,1,0,1,.89630002,2,1,1,1,1,4,2
8720,0,1,0,1,0,1,0,1,.93709999,3,1,1,1,1,3,2
8730,0,1,3,3,0,1,0,1,.92739999,3,1,4,1,1,4,3
8760,0,1,0,,0,,0,1,.90969998,3,1,1,1,1,4,2
8760,0,1,0,,0,,0,1,.94459999,3,1,1,1,1,3,2
8760,0,1,0,,0,,0,1,.99849999,5,1,1,1,1,2,2
8770,0,1,0,1,0,1,0,1,.90969998,3,1,1,1,1,4,2
8800,0,1,0,1,0,1,0,1,.97140002,4,1,1,1,1,3,2
8810,1,5,0,1,0,1,0,1,.99730003,5,5,1,1,1,2,3
8820,0,,0,,0,,0,,1,,1,1,1,1,2,2
8820,0,,0,,0,,0,,1,,1,1,1,1,2,2
8830,0,1,0,1,1,4,0,1,.99830002,5,1,1,5,1,2,2
8840,0,1,0,1,0,1,0,1,.9971,5,1,1,1,1,2,2
8900,0,1,0,1,0,1,0,1,.9971,5,1,1,1,1,2,2
8910,0,1,1,2,0,1,0,1,.90109998,2,1,4,1,1,4,3
8920,0,1,0,1,0,1,0,1,.94230002,3,1,1,1,1,3,2
8930,0,,3,3,0,,0,,1,,1,4,1,1,2,2
8930,0,,3,3,0,,0,,1,,1,4,1,1,2,2
9000,0,1,0,,0,,0,1,.80129999,1,1,1,1,1,5,2
9000,0,1,0,,0,,0,1,.8017,1,1,1,1,1,5,2
9000,0,1,0,,0,,0,1,.89420003,2,1,1,1,1,4,2
9000,0,1,0,,0,,0,1,.58469999,1,1,1,1,1,5,2
9000,0,1,0,,0,,0,1,.764,1,1,1,1,1,5,2
9000,0,1,0,,0,,0,1,.76920003,1,1,1,1,1,5,2
9000,0,1,0,,0,,0,1,.76859999,1,1,1,1,1,5,2
9009,0,,8,4,0,1,0,,1,,1,5,1,1,2,2
9010,0,1,4,4,0,1,0,1,.99550003,5,1,4,1,1,2,2
9020,0,1,7,4,0,1,0,1,.9522,4,1,5,1,1,3,2
9030,0,1,5,4,0,1,0,1,.9971,5,1,5,1,1,2,2
9040,0,1,2,3,0,,0,1,.69800001,1,1,4,1,1,5,3
9040,0,1,2,3,0,,0,1,.69800001,1,1,4,1,1,5,3
9060,0,1,0,,0,,1,5,.97610003,4,1,1,1,5,3,3
9060,0,1,0,,0,,1,5,.9544,4,1,1,1,5,3,3
9070,0,1,14,4,1,4,0,1,.98019999,4,1,5,5,1,3,3
9080,0,1,2,3,0,,0,1,.99349999,5,1,4,1,1,2,2
9080,0,1,2,3,0,,0,1,.99349999,5,1,4,1,1,2,2
9089,0,1,2,3,1,4,0,1,.99870002,5,1,4,5,1,2,3
9090,0,1,20,5,0,1,0,1,.99370003,5,1,5,1,1,2,2
9099,0,1,1,2,0,1,0,1,.96289998,4,1,4,1,1,3,2
9100,0,1,23,5,1,4,0,1,.95679998,4,1,5,5,1,3,3
9110,0,,2,3,0,1,0,,1,,1,4,1,1,2,2
9120,0,,0,,0,1,0,,1,,1,1,1,1,2,2
9130,0,1,64,5,0,1,0,1,.90100002,2,1,5,1,1,4,3
9140,0,1,66,5,1,4,0,1,.9095,3,1,5,5,1,4,3
9150,0,,2,3,0,,0,,1,,1,4,1,1,2,2
9150,0,,2,3,0,,0,,1,,1,4,1,1,2,2
9160,0,,2,3,0,,0,,1,,1,4,1,1,2,2
9160,0,,2,3,0,,0,,1,,1,4,1,1,2,2
9170,0,,0,,0,1,0,,1,,1,1,1,1,2,2
9180,0,1,96,5,0,1,1,5,.9601,4,1,5,1,5,3,3
9200,0,1,91,5,0,1,0,1,.98580003,4,1,5,1,1,2,2
9207,0,,0,,0,1,0,,1,,1,1,1,1,2,2
9208,0,1,217,5,0,,0,1,.8527,2,1,5,1,1,4,3
9208,0,1,217,5,0,,0,1,.8527,2,1,5,1,1,4,3
9208,0,1,217,5,0,,0,1,.8527,2,1,5,1,1,4,3
9208,0,1,217,5,0,,0,1,.8527,2,1,5,1,1,4,3
9208,0,1,217,5,0,,0,1,.8527,2,1,5,1,1,4,3
9208,0,1,217,5,0,,0,1,.8527,2,1,5,1,1,4,3
9208,0,1,217,5,0,,0,1,.8527,2,1,5,1,1,4,3
9208,0,1,217,5,0,,0,1,.8527,2,1,5,1,1,4,3
9208,0,1,217,5,0,,0,1,.8527,2,1,5,1,1,4,3
9208,0,1,217,5,0,,0,1,.8527,2,1,5,1,1,4,3
9209,0,1,614,5,0,,0,1,.75199997,1,1,5,1,1,5,3
9209,0,1,614,5,0,,0,1,.75199997,1,1,5,1,1,5,3
9210,0,1,72,5,0,,0,1,.94870001,3,1,5,1,1,3,2
9210,0,1,72,5,0,,0,1,.94870001,3,1,5,1,1,3,2
9210,0,1,72,5,0,,0,1,.94870001,3,1,5,1,1,3,2
9219,0,,3,3,0,1,0,,1,,1,4,1,1,2,2
9220,0,1,187,5,0,1,0,1,.96289998,4,1,5,1,1,3,2
9226,0,,0,,0,1,0,,1,,1,1,1,1,2,2
9227,0,,9,4,0,,0,,1,,1,5,1,1,2,2
9227,0,,9,4,0,,0,,1,,1,5,1,1,2,2
9228,0,,73,5,0,1,0,,1,,1,5,1,1,2,2
9229,0,,2,3,0,1,0,,1,,1,4,1,1,2,2
9230,0,1,0,,0,,0,1,.91890001,3,1,1,1,1,4,2
9230,0,1,0,,0,,0,1,.87919998,2,1,1,1,1,4,2
9230,0,1,0,,0,,0,1,.88520002,2,1,1,1,1,4,2
9230,0,1,0,,0,,0,1,.98799998,4,1,1,1,1,2,2
9233,0,,5,4,0,1,0,,1,,1,5,1,1,2,2
9239,0,1,59,5,0,1,0,1,.97750002,4,1,5,1,1,3,2
9240,0,1,114,5,0,1,0,1,.97430003,4,1,5,1,1,3,2
9249,0,1,2,3,0,1,0,1,.91360003,3,1,4,1,1,4,3
9250,0,1,17,4,0,,0,1,.9321,3,1,5,1,1,3,2
9250,0,1,17,4,0,,0,1,.9321,3,1,5,1,1,3,2
9250,0,1,17,4,0,,0,1,.9321,3,1,5,1,1,3,2
9260,0,1,51,5,0,1,0,1,.99119997,5,1,5,1,1,2,2
9270,0,1,14,4,0,1,0,1,.99900001,5,1,5,1,1,2,2
9280,0,1,3,3,0,1,0,1,.9641,4,1,4,1,1,3,2
9290,0,1,110,5,0,,0,1,.90570003,3,1,5,1,1,4,3
9290,0,1,110,5,0,,0,1,.90570003,3,1,5,1,1,4,3
9290,0,1,110,5,0,,0,1,.90570003,3,1,5,1,1,4,3
9300,0,1,55,5,0,1,0,1,.87410003,2,1,5,1,1,4,3
9310,0,1,0,,0,,0,1,.78380001,1,1,1,1,1,5,2
9310,0,1,0,,0,,0,1,.84359998,2,1,1,1,1,4,2
9310,0,1,0,,0,,0,1,.78380001,1,1,1,1,1,5,2
9319,0,1,31,5,0,1,0,1,.99720001,5,1,5,1,1,2,2
9320,0,1,23,5,0,1,0,1,.9339,3,1,5,1,1,3,2
9330,0,,14,4,0,1,0,,1,,1,5,1,1,2,2
9350,0,1,2,3,0,1,0,1,.91360003,3,1,4,1,1,4,3
9359,0,1,0,1,0,1,0,1,.9619,4,1,1,1,1,3,2
9360,0,1,0,,0,,0,1,.90710002,3,1,1,1,1,4,2
9360,0,1,0,,0,,0,1,.93000001,3,1,1,1,1,4,2
9360,0,1,0,,0,,0,1,.93000001,3,1,1,1,1,4,2
9360,0,1,0,,0,,0,1,.93000001,3,1,1,1,1,4,2
9360,0,1,0,,0,,0,1,.93000001,3,1,1,1,1,4,2
9366,0,,0,,0,1,0,,1,,1,1,1,1,2,2
9368,0,,0,,0,1,0,,1,,1,1,1,1,2,2
9369,0,,11,4,0,,0,,1,,1,5,1,1,2,2
9369,0,,11,4,0,,0,,1,,1,5,1,1,2,2
9369,0,,11,4,0,,0,,1,,1,5,1,1,2,2
9400,0,1,0,,0,,0,1,.94190001,3,1,1,1,1,3,2
9400,0,1,0,,0,,0,1,.8502,2,1,1,1,1,4,2
9400,0,1,0,,0,,0,1,.8502,2,1,1,1,1,4,2
9410,0,1,0,,0,,0,1,.88440001,2,1,1,1,1,4,2
9410,0,1,0,,0,,0,1,.95899999,4,1,1,1,1,3,2
9410,0,1,0,,0,,0,1,.88340002,2,1,1,1,1,4,2
9410,0,1,0,,0,,0,1,.88340002,2,1,1,1,1,4,2
9420,0,1,0,,0,,0,1,.92049998,3,1,1,1,1,4,2
9420,0,1,0,,0,,0,1,.8592,2,1,1,1,1,4,2
9429,0,1,2,3,0,1,0,1,.95639998,4,1,4,1,1,3,2
9430,0,1,0,,0,,0,1,.8804,2,1,1,1,1,4,2
9430,0,1,0,,0,,0,1,.92259997,3,1,1,1,1,4,2
9437,0,,1,2,0,1,0,,1,,1,4,1,1,2,2
9438,0,1,8,4,0,1,0,1,.82169998,2,1,5,1,1,5,3
9440,0,1,0,,0,,0,1,.93419999,3,1,1,1,1,3,2
9440,0,1,0,,0,,0,1,.91180003,3,1,1,1,1,4,2
9440,0,1,0,,0,,0,1,.94989997,3,1,1,1,1,3,2
9450,0,1,3,3,0,1,0,1,.99839997,5,1,4,1,1,2,2
9460,0,1,0,1,0,1,0,1,1,5,1,1,1,1,2,2
9470,0,1,2,3,0,1,0,1,1,5,1,4,1,1,2,2
9479,0,1,9,4,0,1,0,1,.9946,5,1,5,1,1,2,2
9480,0,1,1,2,0,1,0,1,.99940002,5,1,4,1,1,2,2
9500,0,1,0,,0,,0,1,.78570002,1,1,1,1,1,5,2
9500,0,1,0,,0,,0,1,.77310002,1,1,1,1,1,5,2
9510,0,1,2330,5,0,1,0,1,.85039997,2,1,5,1,1,4,3
9519,0,1,5,4,0,1,0,1,.85039997,2,1,5,1,1,4,3
9520,0,1,0,,0,,0,1,.81349999,2,1,1,1,1,5,2
9520,0,1,0,,0,,0,1,.82499999,2,1,1,1,1,5,2
9530,0,1,28,5,0,1,0,1,.82529998,2,1,5,1,1,5,3
9540,1,5,0,1,0,,0,1,1,,5,1,1,1,2,3
9550,0,1,85,5,0,1,0,1,.72299999,1,1,5,1,1,5,3
9560,0,1,177,5,0,1,0,1,.83099997,2,1,5,1,1,5,3
9570,0,1,252,5,0,1,0,1,.78570002,1,1,5,1,1,5,3
9577,0,,6,4,0,,0,,1,,1,5,1,1,2,2
9577,0,,6,4,0,,0,,1,,1,5,1,1,2,2
9577,0,,6,4,0,,0,,1,,1,5,1,1,2,2
9578,0,1,92,5,0,1,0,1,.90460002,3,1,5,1,1,4,3
9579,0,,4,4,0,,0,,1,,1,4,1,1,2,2
9579,0,,4,4,0,,0,,1,,1,4,1,1,2,2
9600,1,5,75,5,0,1,0,1,.72469997,1,5,5,1,1,5,4
9608,0,1,108,5,0,1,0,1,.82279998,2,1,5,1,1,5,3
9609,0,1,45,5,0,1,0,1,.82279998,2,1,5,1,1,5,3
9620,0,1,154,5,1,4,0,1,.73509997,1,1,5,5,1,5,4
9630,0,1,0,,0,,0,1,.59759998,1,1,1,1,1,5,2
9630,0,1,0,,0,,0,1,.59549999,1,1,1,1,1,5,2
9630,0,1,0,,0,,0,1,.61299998,1,1,1,1,1,5,2
9630,0,1,0,,0,,0,1,.71700001,1,1,1,1,1,5,2
9630,0,1,0,,0,,0,1,.65210003,1,1,1,1,1,5,2
9630,0,1,0,,0,,0,1,.66140002,1,1,1,1,1,5,2
9630,0,1,0,,0,,0,1,.68889999,1,1,1,1,1,5,2
9630,0,1,0,,0,,0,1,.6602,1,1,1,1,1,5,2
9630,0,1,0,,0,,0,1,.71380001,1,1,1,1,1,5,2
9630,0,1,0,,0,,0,1,.66329998,1,1,1,1,1,5,2
9630,0,1,0,,0,,0,1,.75449997,1,1,1,1,1,5,2
9630,0,1,0,,0,,0,1,.70700002,1,1,1,1,1,5,2
9630,0,1,0,,0,,0,1,.65100002,1,1,1,1,1,5,2
9630,0,1,0,,0,,0,1,.52539998,1,1,1,1,1,5,2
9630,0,1,0,,0,,0,1,.5905,1,1,1,1,1,5,2
9637,0,1,497,5,0,1,0,1,.51560003,1,1,5,1,1,5,3
9638,0,1,220,5,0,1,0,1,.64060003,1,1,5,1,1,5,3
9640,0,1,0,,0,,0,1,.52719998,1,1,1,1,1,5,2
9640,0,1,0,,0,,0,1,.74299997,1,1,1,1,1,5,2
9648,0,1,107,5,0,1,0,1,.58469999,1,1,5,1,1,5,3
9660,0,1,378,5,0,1,0,1,.81510001,2,1,5,1,1,5,3
9670,1,5,66,5,0,1,0,1,.71280003,1,5,5,1,1,5,4
9680,0,1,54,5,0,1,0,1,.71619999,1,1,5,1,1,5,3
9689,0,1,5,4,0,1,0,1,.6602,1,1,5,1,1,5,3
9690,0,1,340,5,0,1,0,1,.67869997,1,1,5,1,1,5,3
9696,1,5,321,5,0,1,0,1,.58609998,1,5,5,1,1,5,4
9698,0,1,204,5,0,1,0,1,.65899998,1,1,5,1,1,5,3
9700,0,1,0,,0,,0,1,.74519998,1,1,1,1,1,5,2
9700,0,1,0,,0,,0,1,.8035,1,1,1,1,1,5,2
9700,0,1,0,,0,,0,1,.90570003,3,1,1,1,1,4,2
9700,0,1,0,,0,,0,1,.65609998,1,1,1,1,1,5,2
9700,0,1,0,,0,,0,1,.65609998,1,1,1,1,1,5,2
9700,0,1,0,,0,,0,1,.65609998,1,1,1,1,1,5,2
9700,0,1,0,,0,,0,1,.65609998,1,1,1,1,1,5,2
9704,0,1,437,5,0,,0,1,.63980001,1,1,5,1,1,5,3
9704,0,1,437,5,0,,0,1,.63980001,1,1,5,1,1,5,3
9704,0,1,437,5,0,,0,1,.63980001,1,1,5,1,1,5,3
9704,0,1,437,5,0,,0,1,.63980001,1,1,5,1,1,5,3
9704,0,1,437,5,0,,0,1,.63980001,1,1,5,1,1,5,3
9704,0,1,437,5,0,,0,1,.63980001,1,1,5,1,1,5,3
9705,0,,6,4,0,,0,,1,,1,5,1,1,2,2
9705,0,,6,4,0,,0,,1,,1,5,1,1,2,2
9706,0,1,0,,0,,0,1,.67879999,1,1,1,1,1,5,2
9706,0,1,0,,0,,0,1,.764,1,1,1,1,1,5,2
9708,0,1,573,5,0,,0,1,.73799998,1,1,5,1,1,5,3
9708,0,1,573,5,0,,0,1,.73799998,1,1,5,1,1,5,3
9709,0,1,6,4,0,1,0,1,.81400001,2,1,5,1,1,5,3
9710,0,1,1,2,0,1,0,1,.95490003,4,1,4,1,1,3,2
9719,0,,0,,0,1,0,,1,,1,1,1,1,2,2
9720,0,1,0,,0,,0,1,.85369998,2,1,1,1,1,4,2
9720,0,1,0,,0,,0,1,.89850003,2,1,1,1,1,4,2
9730,0,1,59,5,0,,0,1,.83249998,2,1,5,1,1,5,3
9730,0,1,59,5,0,,0,1,.83249998,2,1,5,1,1,5,3
9740,0,1,108,5,0,,0,1,.90490001,3,1,5,1,1,4,3
9740,0,1,108,5,0,,0,1,.90490001,3,1,5,1,1,4,3
9750,0,1,0,,0,,0,1,.85299999,2,1,1,1,1,4,2
9750,0,1,0,,0,,0,1,.88090003,2,1,1,1,1,4,2
9750,0,1,0,,0,,0,1,.73930001,1,1,1,1,1,5,2
9759,0,,3,3,0,1,0,,1,,1,4,1,1,2,2
9760,0,1,368,5,0,,0,1,.82410002,2,1,5,1,1,5,3
9760,0,1,368,5,0,,0,1,.82410002,2,1,5,1,1,5,3
9767,0,,3,3,0,1,0,,1,,1,4,1,1,2,2
9768,0,,9,4,0,1,0,,1,,1,5,1,1,2,2
9769,1,5,369,5,0,1,0,1,.67110002,1,5,5,1,1,5,4
9770,0,1,2,3,0,1,0,1,.83700001,2,1,4,1,1,5,3
9779,0,,1,2,0,1,0,,1,,1,4,1,1,2,2
9780,0,1,0,,0,,0,1,.88550001,2,1,1,1,1,4,2
9780,0,1,0,,0,,0,1,.84299999,2,1,1,1,1,4,2
9780,0,1,0,,0,,0,1,.84299999,2,1,1,1,1,4,2
9780,0,1,0,,0,,0,1,.84299999,2,1,1,1,1,4,2
9780,0,1,0,,0,,0,1,.84299999,2,1,1,1,1,4,2
9780,0,1,0,,0,,0,1,.84299999,2,1,1,1,1,4,2
9789,0,,2,3,0,1,0,,1,,1,4,1,1,2,2
9790,0,1,48,5,0,1,0,1,.75889999,1,1,5,1,1,5,3
9800,1,5,0,,0,,0,1,.88499999,2,5,1,1,1,4,3
9800,1,5,0,,0,,0,1,.90549999,3,5,1,1,1,4,3
9800,1,5,0,,0,,0,1,.87720001,2,5,1,1,1,4,3
9800,1,5,0,,0,,0,1,.8739,2,5,1,1,1,4,3
9800,1,5,0,,0,,0,1,.8994,2,5,1,1,1,4,3
9800,1,5,0,,0,,0,1,.93099999,3,5,1,1,1,3,3
9800,1,5,0,,0,,0,1,.71579999,1,5,1,1,1,5,3
9800,1,5,0,,0,,0,1,.89700001,2,5,1,1,1,4,3
9800,1,5,0,,0,,0,1,.90200001,2,5,1,1,1,4,3
9800,1,5,0,,0,,0,1,.90200001,2,5,1,1,1,4,3
9800,1,5,0,,0,,0,1,.90200001,2,5,1,1,1,4,3
9809,0,1,27,5,0,1,0,1,.88499999,2,1,5,1,1,4,3
9810,1,5,0,,0,,0,1,.97890002,4,5,1,1,1,3,3
9810,1,5,0,,0,,0,1,.97869998,4,5,1,1,1,3,3
9810,1,5,0,,0,,0,1,.93589997,3,5,1,1,1,3,3
9810,1,5,0,,0,,0,1,.99409997,5,5,1,1,1,2,3
9819,1,5,31,5,0,1,0,1,.86769998,2,5,5,1,1,4,4
9820,0,1,0,,0,,0,1,.9673,4,1,1,1,1,3,2
9820,0,1,0,,0,,0,1,.90850002,3,1,1,1,1,4,2
9820,0,1,0,,0,,0,1,.90630001,3,1,1,1,1,4,2
9820,0,1,0,,0,,0,1,.98610002,4,1,1,1,1,2,2
9820,0,1,0,,0,,0,1,.98610002,4,1,1,1,1,2,2
9828,0,1,5,4,0,1,0,1,.96200001,4,1,5,1,1,3,2
9829,0,1,105,5,0,,0,1,.93830001,3,1,5,1,1,3,2
9829,0,1,105,5,0,,0,1,.93830001,3,1,5,1,1,3,2
9830,1,5,0,,0,,0,1,.8998,2,5,1,1,1,4,3
9830,1,5,0,,0,,0,1,.93919998,3,5,1,1,1,3,3
9830,1,5,0,,0,,0,1,.94779998,3,5,1,1,1,3,3
9830,1,5,0,,0,,0,1,.87540001,2,5,1,1,1,4,3
9830,1,5,0,,0,,0,1,.90079999,2,5,1,1,1,4,3
9830,1,5,0,,0,,0,1,.90079999,2,5,1,1,1,4,3
9836,0,,6,4,2,5,0,,1,,1,5,5,1,2,3
9837,0,1,8,4,1,4,0,1,.84060001,2,1,5,5,1,4,3
9838,0,1,1,2,0,1,0,1,.87889999,2,1,4,1,1,4,3
9839,0,1,0,,0,,0,1,.86739999,2,1,1,1,1,4,2
9839,0,1,0,,0,,0,1,.8179,2,1,1,1,1,5,2
9839,0,1,0,,0,,0,1,.75889999,1,1,1,1,1,5,2
9839,0,1,0,,0,,0,1,.75889999,1,1,1,1,1,5,2
9840,0,1,53,5,0,1,0,1,.84899998,2,1,5,1,1,4,3
9849,0,1,8,4,0,1,0,1,.8427,2,1,5,1,1,4,3
9850,0,1,0,,0,,0,1,.91399997,3,1,1,1,1,4,2
9850,0,1,0,,0,,0,1,.91399997,3,1,1,1,1,4,2
9850,0,1,0,,0,,0,1,.91009998,3,1,1,1,1,4,2
9850,0,1,0,,0,,0,1,.95270002,4,1,1,1,1,3,2
9850,0,1,0,,0,,0,1,.95270002,4,1,1,1,1,3,2
9850,0,1,0,,0,,0,1,.95270002,4,1,1,1,1,3,2
9850,0,1,0,,0,,0,1,.95270002,4,1,1,1,1,3,2
9850,0,1,0,,0,,0,1,.95270002,4,1,1,1,1,3,2
9850,0,1,0,,0,,0,1,.95270002,4,1,1,1,1,3,2
9850,0,1,0,,0,,0,1,.95270002,4,1,1,1,1,3,2
9850,0,1,0,,0,,0,1,.95270002,4,1,1,1,1,3,2
9850,0,1,0,,0,,0,1,.95270002,4,1,1,1,1,3,2
9856,0,1,0,,0,,0,1,.89920002,2,1,1,1,1,4,2
9856,0,1,0,,0,,0,1,.93910003,3,1,1,1,1,3,2
9857,0,1,72,5,0,,0,1,.7647,1,1,5,1,1,5,3
9857,0,1,72,5,0,,0,1,.7647,1,1,5,1,1,5,3
9857,0,1,72,5,0,,0,1,.7647,1,1,5,1,1,5,3
9858,0,1,14,4,0,1,0,1,.88480002,2,1,5,1,1,4,3
9859,0,1,24,5,0,1,0,1,.86290002,2,1,5,1,1,4,3
9860,0,1,0,,0,,0,1,.9023,3,1,1,1,1,4,2
9860,0,1,0,,0,,0,1,.3213,1,1,1,1,1,5,2
9860,0,1,0,,0,,0,1,.88169998,2,1,1,1,1,4,2
9860,0,1,0,,0,,0,1,.99360001,5,1,1,1,1,2,2
9860,0,1,0,,0,,0,1,.92030001,3,1,1,1,1,4,2
9860,0,1,0,,0,,0,1,.93919998,3,1,1,1,1,3,2
9860,0,1,0,,0,,0,1,.93919998,3,1,1,1,1,3,2
9860,0,1,0,,0,,0,1,.93919998,3,1,1,1,1,3,2
9860,0,1,0,,0,,0,1,.93919998,3,1,1,1,1,3,2
9860,0,1,0,,0,,0,1,.93919998,3,1,1,1,1,3,2
9864,0,,0,,0,1,0,,1,,1,1,1,1,2,2
9868,0,1,15,4,0,,0,1,.98809999,4,1,5,1,1,2,2
9868,0,1,15,4,0,,0,1,.98809999,4,1,5,1,1,2,2
9869,0,,0,,0,1,0,,1,,1,1,1,1,2,2
9870,0,1,0,,0,,0,1,.85470003,2,1,1,1,1,4,2
9870,0,1,0,,0,,0,1,.90570003,3,1,1,1,1,4,2
9870,0,1,0,,0,,0,1,.90570003,3,1,1,1,1,4,2
9870,0,1,0,,0,,0,1,.84939998,2,1,1,1,1,4,2
9870,0,1,0,,0,,0,1,.84939998,2,1,1,1,1,4,2
9880,0,1,0,,0,,0,1,.99440002,5,1,1,1,1,2,2
9880,0,1,0,,0,,0,1,.93919998,3,1,1,1,1,3,2
9880,0,1,0,,0,,0,1,.9641,4,1,1,1,1,3,2
9880,0,1,0,,0,,0,1,.97670001,4,1,1,1,1,3,2
9880,0,1,0,,0,,0,1,.97670001,4,1,1,1,1,3,2
9880,0,1,0,,0,,0,1,.97670001,4,1,1,1,1,3,2
9885,0,,26,5,0,,0,,1,,1,5,1,1,2,2
9885,0,,26,5,0,,0,,1,,1,5,1,1,2,2
9889,0,,0,,0,1,0,,1,,1,1,1,1,2,2
9890,0,1,0,,0,,0,1,.9756,4,1,1,1,1,3,2
9890,0,1,0,,0,,0,1,.86290002,2,1,1,1,1,4,2
9897,0,1,7,4,0,,0,1,.97500002,4,1,5,1,1,3,2
9897,0,1,7,4,0,,0,1,.97500002,4,1,5,1,1,3,2
9898,0,,14,4,0,1,0,,1,,1,5,1,1,2,2
9899,0,,3,3,0,1,0,,1,,1,4,1,1,2,2
9900,0,1,0,,0,,0,1,.7464,1,1,1,1,1,5,2
9900,0,1,0,,0,,0,1,.89780003,2,1,1,1,1,4,2
9900,0,1,0,,0,,0,1,.7647,1,1,1,1,1,5,2
9910,0,1,3,3,0,,0,1,.98460001,4,1,4,1,1,3,2
9910,0,1,3,3,0,,0,1,.98460001,4,1,4,1,1,3,2
9920,0,1,3,3,0,1,0,1,.81059998,2,1,4,1,1,5,3
9930,0,1,180,5,1,4,0,1,.84399998,2,1,5,5,1,4,3
9940,0,1,2,3,0,1,0,1,.81370002,2,1,4,1,1,5,3
9960,0,1,0,,0,,0,1,.90700001,3,1,1,1,1,4,2
9960,0,1,0,,0,,0,1,.84500003,2,1,1,1,1,4,2
9960,0,1,0,,0,,0,1,.82660002,2,1,1,1,1,5,2
9960,0,1,0,,0,,0,1,.8283,2,1,1,1,1,5,2
9960,0,1,0,,0,,0,1,.8283,2,1,1,1,1,5,2
9960,0,1,0,,0,,0,1,.8283,2,1,1,1,1,5,2
9960,0,1,0,,0,,0,1,.8283,2,1,1,1,1,5,2
9960,0,1,0,,0,,0,1,.8283,2,1,1,1,1,5,2
9960,0,1,0,,0,,0,1,.8283,2,1,1,1,1,5,2
9960,0,1,0,,0,,0,1,.8283,2,1,1,1,1,5,2
9960,0,1,0,,0,,0,1,.8283,2,1,1,1,1,5,2
9969,0,1,5,4,0,1,0,1,.88690001,2,1,5,1,1,4,3
9970,0,1,28,5,3,5,0,1,.82520002,2,1,5,5,1,5,4
9979,0,,1,2,0,1,0,,1,,1,4,1,1,2,2
10000,0,1,0,1,3,5,0,1,.91759998,3,1,1,5,1,4,3
10010,0,1,0,,0,,0,1,.87809998,2,1,1,1,1,4,2
10010,0,1,0,,0,,0,1,.9364,3,1,1,1,1,3,2
10020,0,1,0,1,0,1,0,1,.9206,3,1,1,1,1,4,2
10100,0,,0,,3,5,0,,1,,1,1,5,1,2,2
10110,0,,0,,0,1,0,,1,,1,1,1,1,2,2
10130,0,,0,,0,1,0,,1,,1,1,1,1,2,2
10200,1,5,0,1,5,5,0,1,.98809999,4,5,1,5,1,2,3
10210,0,,0,,0,1,0,,1,,1,1,1,1,2,2
10290,0,,0,,0,1,0,,1,,1,1,1,1,2,2
10300,1,5,4,4,0,1,1,5,.736,1,5,4,1,5,5,5
10309,0,,4,4,0,1,0,,1,,1,4,1,1,2,2
10320,0,1,1,2,0,1,0,1,.81290001,2,1,4,1,1,5,3
10330,0,1,1,2,0,1,0,1,.82419997,2,1,4,1,1,5,3
10340,0,1,0,1,0,1,0,1,.847,2,1,1,1,1,4,2
10350,0,1,3,3,0,1,0,1,.83420002,2,1,4,1,1,5,3
10360,0,1,0,1,0,1,0,1,.8962,2,1,1,1,1,4,2
10368,0,1,1,2,0,1,0,1,.80229998,1,1,4,1,1,5,3
10369,0,1,0,,0,,0,1,.79320002,1,1,1,1,1,5,2
10369,0,1,0,,0,,0,1,.72009999,1,1,1,1,1,5,2
10370,0,1,0,1,0,1,0,1,.85900003,2,1,1,1,1,4,2
10378,0,1,0,1,0,1,0,1,.8283,2,1,1,1,1,5,2
10379,0,1,1,2,0,1,0,1,.74119997,1,1,4,1,1,5,3
10380,0,1,2,3,0,1,0,1,.91729999,3,1,4,1,1,4,3
10400,0,1,0,1,4,5,0,1,.9619,4,1,1,5,1,3,3
10500,0,1,0,1,1,4,0,1,.94529998,3,1,1,5,1,3,3
10508,0,,1,2,0,1,0,,1,,1,4,1,1,2,2
10509,0,,0,,0,1,0,,1,,1,1,1,1,2,2
10580,0,1,1,2,0,1,0,1,.95969999,4,1,4,1,1,3,2
10589,0,,4,4,0,1,0,,1,,1,4,1,1,2,2
10600,0,1,7,4,1,4,0,1,.85759997,2,1,5,5,1,4,3
10610,0,1,0,1,0,1,0,1,.90079999,2,1,1,1,1,4,2
10620,0,1,2,3,0,1,0,1,.78689998,1,1,4,1,1,5,3
10630,1,5,237,5,0,1,0,1,1,,5,5,1,1,2,3
10640,0,1,0,,0,,0,1,.79439998,1,1,1,1,1,5,2
10640,0,1,0,,0,,0,1,.91399997,3,1,1,1,1,4,2
10640,0,1,0,,0,,0,1,.81050003,1,1,1,1,1,5,2
10650,0,,0,,0,1,0,,1,,1,1,1,1,2,2
10660,0,1,1,2,0,1,0,1,.5794,1,1,4,1,1,5,3
10700,0,1,0,1,5,5,0,1,.95130002,4,1,1,5,1,3,3
10710,0,1,1,2,0,1,0,1,.94859999,3,1,4,1,1,3,2
10720,0,,1,2,0,1,0,,1,,1,4,1,1,2,2
10730,0,1,4,4,0,1,0,1,.94859999,3,1,4,1,1,3,2
10740,0,1,0,1,1,4,0,1,.94859999,3,1,1,5,1,3,3
10800,0,1,0,1,0,1,0,1,.90030003,2,1,1,1,1,4,2
10810,0,1,0,1,0,1,0,1,.75819999,1,1,1,1,1,5,2
10820,0,1,0,1,0,1,0,1,.97240001,4,1,1,1,1,3,2
10830,0,1,0,1,0,1,0,1,.94319999,3,1,1,1,1,3,2
10840,0,1,0,1,0,,0,1,.97899997,4,1,1,1,1,3,2
10840,0,1,0,1,0,,0,1,.97899997,4,1,1,1,1,3,2
10900,0,1,150,5,0,1,1,5,.7525,1,1,5,1,5,5,4
10910,0,1,2,3,0,1,0,1,.90469998,3,1,4,1,1,4,3
10920,0,1,0,1,0,1,0,1,.82440001,2,1,1,1,1,5,2
10926,0,,134,5,0,1,0,,1,,1,5,1,1,2,2
11000,1,5,0,,0,,1,5,1,5,5,1,1,5,2,4
11000,1,5,0,,0,,1,5,.95499998,4,5,1,1,5,3,4
11000,1,5,0,,0,,1,5,1,5,5,1,1,5,2,4
11000,1,5,0,,0,,1,5,.99730003,5,5,1,1,5,2,4
11000,1,5,0,,0,,1,5,.99659997,5,5,1,1,5,2,4
11000,1,5,0,,0,,1,5,.99900001,5,5,1,1,5,2,4
11000,1,5,0,,0,,1,5,.99330002,5,5,1,1,5,2,4
11000,1,5,0,,0,,1,5,.99900001,5,5,1,1,5,2,4
11009,0,,0,,0,1,0,,1,,1,1,1,1,2,2
11040,0,1,0,1,0,1,0,1,1,5,1,1,1,1,2,2
11100,1,5,0,,0,,0,1,.99900001,5,5,1,1,1,2,3
11100,1,5,0,,0,,0,1,.99900001,5,5,1,1,1,2,3
11109,0,,0,,0,1,0,,1,,1,1,1,1,2,2
11200,0,1,0,,0,,0,1,.99720001,5,1,1,1,1,2,2
11200,0,1,0,,0,,0,1,.9989,5,1,1,1,1,2,2
11209,0,,0,,0,1,0,,1,,1,1,1,1,2,2
11210,0,1,0,1,0,1,0,1,.71579999,1,1,1,1,1,5,2
11219,0,,0,,0,1,0,,1,,1,1,1,1,2,2
11220,0,1,0,1,0,,0,1,1,5,1,1,1,1,2,2
11220,0,1,0,1,0,,0,1,1,5,1,1,1,1,2,2
11230,0,1,0,1,1,4,0,1,.93889999,3,1,1,5,1,3,3
11239,0,,0,,0,1,0,,1,,1,1,1,1,2,2
11240,0,1,0,1,0,1,0,1,.91619998,3,1,1,1,1,4,2
11250,0,1,0,1,1,4,0,1,.8423,2,1,1,5,1,4,3
11259,0,,0,,0,1,0,,1,,1,1,1,1,2,2
11260,0,1,0,,0,,0,1,.91430002,3,1,1,1,1,4,2
11260,0,1,0,,0,,0,1,.95990002,4,1,1,1,1,3,2
11270,0,1,2,3,0,1,0,1,.85280001,2,1,4,1,1,4,3
11280,0,1,0,1,1,4,0,1,.81900001,2,1,1,5,1,5,3
11289,0,1,0,1,0,1,0,1,.92540002,3,1,1,1,1,4,2
11290,0,1,0,,0,,0,1,.98280001,4,1,1,1,1,3,2
11290,0,1,0,,0,,0,1,.91949999,3,1,1,1,1,4,2
11300,0,1,0,1,6,5,0,1,.9939,5,1,1,5,1,2,2
11310,0,1,0,1,1,4,0,1,.84899998,2,1,1,5,1,4,3
11311,0,,0,,0,1,0,,1,,1,1,1,1,2,2
11320,0,1,0,,0,,0,1,.96079999,4,1,1,1,1,3,2
11320,0,1,0,,0,,0,1,.97719997,4,1,1,1,1,3,2
11330,0,1,1,2,1,4,0,1,.99959999,5,1,4,5,1,2,3
11340,0,1,0,1,0,1,0,1,1,5,1,1,1,1,2,2
11350,0,1,0,1,0,1,0,1,.98100001,4,1,1,1,1,3,2
11360,0,1,0,1,0,1,0,1,.99400002,5,1,1,1,1,2,2
11370,0,1,1,2,0,1,0,1,.94330001,3,1,4,1,1,3,2
11379,0,,0,,0,1,0,,1,,1,1,1,1,2,2
11400,0,1,1,2,0,1,0,1,.98680001,4,1,4,1,1,2,2
11410,0,1,0,,0,,0,1,.92559999,3,1,1,1,1,4,2
11410,0,1,0,,0,,0,1,.96520001,4,1,1,1,1,3,2
11420,0,1,0,1,0,1,0,1,.97509998,4,1,1,1,1,3,2
11430,0,1,0,,0,,0,1,.91979998,3,1,1,1,1,4,2
11430,0,1,0,,0,,0,1,.93339998,3,1,1,1,1,3,2
11440,0,1,0,,0,,0,1,.9659,4,1,1,1,1,3,2
11440,0,1,0,,0,,0,1,.94230002,3,1,1,1,1,3,2
11450,0,1,0,,0,,0,1,.92460001,3,1,1,1,1,4,2
11450,0,1,0,,0,,0,1,.92400002,3,1,1,1,1,4,2
11450,0,1,0,,0,,0,1,.92900002,3,1,1,1,1,4,2
11460,1,5,0,,0,,0,1,.935,3,5,1,1,1,3,3
11460,1,5,0,,0,,0,1,.96600002,4,5,1,1,1,3,3
11460,1,5,0,,0,,0,1,.90450001,3,5,1,1,1,4,3
11460,1,5,0,,0,,0,1,.94129997,3,5,1,1,1,3,3
11470,0,1,0,,0,,0,1,.97780001,4,1,1,1,1,3,2
11470,0,1,0,,0,,0,1,.96880001,4,1,1,1,1,3,2
11479,0,,0,,0,1,0,,1,,1,1,1,1,2,2
11480,0,1,0,,0,,0,1,.94919997,3,1,1,1,1,3,2
11480,0,1,0,,0,,0,1,.95340002,4,1,1,1,1,3,2
11489,0,1,0,1,0,1,0,1,.86769998,2,1,1,1,1,4,2
11490,0,1,0,,0,,0,1,.90109998,2,1,1,1,1,4,2
11490,0,1,0,,0,,0,1,.94639999,3,1,1,1,1,3,2
11500,0,1,1,2,2,5,0,1,.99940002,5,1,4,5,1,2,3
11501,0,,0,,0,1,0,,1,,1,1,1,1,2,2
11510,0,1,0,1,2,5,0,1,.99730003,5,1,1,5,1,2,2
11511,0,,0,,0,1,0,,1,,1,1,1,1,2,2
11520,0,1,0,1,6,5,0,1,.98879999,4,1,1,5,1,2,2
11529,0,1,0,1,1,4,0,1,.9576,4,1,1,5,1,3,3
11530,0,1,2,3,3,5,0,1,.99949998,5,1,4,5,1,2,3
11540,0,1,1,2,0,1,0,1,.99949998,5,1,4,1,1,2,2
11550,0,1,0,1,15,5,0,1,.9982,5,1,1,5,1,2,2
11560,0,1,0,1,1,4,0,1,.9982,5,1,1,5,1,2,2
11580,1,5,0,1,0,1,0,1,.99659997,5,5,1,1,1,2,3
11587,0,,0,,0,1,0,,1,,1,1,1,1,2,2
11590,0,1,0,1,5,5,0,1,.99849999,5,1,1,5,1,2,2
11600,0,1,0,1,0,1,0,1,.99830002,5,1,1,1,1,2,2
11610,0,1,0,1,0,1,0,1,1,5,1,1,1,1,2,2
11619,0,,0,,0,,0,,1,,1,1,1,1,2,2
11619,0,,0,,0,,0,,1,,1,1,1,1,2,2
11640,0,,0,,0,1,0,,1,,1,1,1,1,2,2
11649,0,,0,,0,1,0,,1,,1,1,1,1,2,2
11650,0,1,0,1,0,1,0,1,.9788,4,1,1,1,1,3,2
11700,0,1,1,2,5,5,1,5,.9989,5,1,4,5,5,2,4
11800,1,5,0,,0,,0,1,.98329997,4,5,1,1,1,3,3
11800,1,5,0,,0,,0,1,.98470002,4,5,1,1,1,3,3
11810,0,1,0,1,2,5,0,1,.95840001,4,1,1,5,1,3,3
11820,0,1,1,2,3,5,0,1,.93010002,3,1,4,5,1,3,3
11830,0,1,0,1,1,4,0,1,.92379999,3,1,1,5,1,4,3
11840,0,1,0,1,2,5,0,1,.94529998,3,1,1,5,1,3,3
11850,1,5,0,,0,,1,5,.99669999,5,5,1,1,5,2,4
11850,1,5,0,,0,,1,5,.98809999,4,5,1,1,5,2,4
11860,0,1,0,1,1,4,0,1,.98589998,4,1,1,5,1,2,2
11869,0,,0,,0,1,0,,1,,1,1,1,1,2,2
11870,0,1,1,2,3,5,0,1,.92799997,3,1,4,5,1,4,3
11910,1,5,0,,3,5,1,5,.9932,5,5,1,5,5,2,4
11910,1,5,0,,3,5,1,5,.9932,5,5,1,5,5,2,4
11910,1,5,0,,3,5,1,5,.9932,5,5,1,5,5,2,4
11920,0,1,0,1,1,4,0,1,.97829998,4,1,1,5,1,3,3
11930,0,1,0,1,0,1,0,1,1,5,1,1,1,1,2,2
11950,0,1,0,1,10,5,0,1,1,5,1,1,5,1,2,2
12000,0,1,0,,0,,0,1,1,5,1,1,1,1,2,2
12000,0,1,0,,0,,0,1,.75309998,1,1,1,1,1,5,2
12000,0,1,0,,0,,0,1,.75309998,1,1,1,1,1,5,2
12000,0,1,0,,0,,0,1,.75309998,1,1,1,1,1,5,2
12000,0,1,0,,0,,0,1,.75309998,1,1,1,1,1,5,2
12000,0,1,0,,0,,0,1,.75309998,1,1,1,1,1,5,2
12000,0,1,0,,0,,0,1,.75309998,1,1,1,1,1,5,2
12009,0,,22,5,0,1,0,,1,,1,5,1,1,2,2
12070,0,,20,5,0,1,0,,1,,1,5,1,1,2,2
12080,0,1,7,4,0,1,0,1,.74059999,1,1,5,1,1,5,3
12100,0,1,0,,0,,0,1,.7288,1,1,1,1,1,5,2
12100,0,1,0,,0,,0,1,.8096,1,1,1,1,1,5,2
12100,0,1,0,,0,,0,1,.8096,1,1,1,1,1,5,2
12100,0,1,0,,0,,0,1,.8096,1,1,1,1,1,5,2
12100,0,1,0,,0,,0,1,.8096,1,1,1,1,1,5,2
12110,0,1,1,2,0,,0,1,.69459999,1,1,4,1,1,5,3
12110,0,1,1,2,0,,0,1,.69459999,1,1,4,1,1,5,3
12200,0,,156,5,0,,0,,1,,1,5,1,1,2,2
12200,0,,156,5,0,,0,,1,,1,5,1,1,2,2
12200,0,,156,5,0,,0,,1,,1,5,1,1,2,2
12200,0,,156,5,0,,0,,1,,1,5,1,1,2,2
12250,0,1,97,5,0,1,0,1,.60589999,1,1,5,1,1,5,3
12300,0,1,551,5,0,1,0,1,.56830001,1,1,5,1,1,5,3
12400,0,,138,5,0,,0,,1,,1,5,1,1,2,2
12400,0,,138,5,0,,0,,1,,1,5,1,1,2,2
12400,0,,138,5,0,,0,,1,,1,5,1,1,2,2
12410,0,,121,5,0,1,0,,1,,1,5,1,1,2,2
12500,0,1,48,5,0,1,0,1,.5395,1,1,5,1,1,5,3
12600,0,1,11,4,0,1,0,1,.68559998,1,1,5,1,1,5,3
12700,1,5,4,4,0,1,0,1,.63840002,1,5,4,1,1,5,4
12800,0,1,31,5,0,1,0,1,.63849998,1,1,5,1,1,5,3
12910,0,1,10,4,0,1,0,1,.72850001,1,1,5,1,1,5,3
12920,0,,13,4,0,1,0,,1,,1,5,1,1,2,2
12930,0,,14,4,0,1,0,,1,,1,5,1,1,2,2
12940,0,,27,5,0,1,0,,1,,1,5,1,1,2,2
12950,0,1,5,4,0,1,0,1,.59500003,1,1,5,1,1,5,3
13000,0,1,12,4,0,1,0,1,.91140002,3,1,5,1,1,4,3
13009,0,,202,5,0,1,0,,1,,1,5,1,1,2,2
13010,0,1,34,5,0,1,0,1,.85000002,2,1,5,1,1,4,3
13020,0,1,21,5,0,1,0,1,.84100002,2,1,5,1,1,4,3
13030,0,1,14,4,0,1,0,1,.89359999,2,1,5,1,1,4,3
13040,0,1,21,5,0,1,0,1,.8387,2,1,5,1,1,5,3
13050,0,1,66,5,0,1,0,1,.73079997,1,1,5,1,1,5,3
13060,0,1,0,,0,,0,1,.912,3,1,1,1,1,4,2
13060,0,1,0,,0,,0,1,.82550001,2,1,1,1,1,5,2
13060,0,1,0,,0,,0,1,.82550001,2,1,1,1,1,5,2
13063,0,,6,4,0,1,0,,1,,1,5,1,1,2,2
13070,0,1,0,,0,,0,1,.89200002,2,1,1,1,1,4,2
13070,0,1,0,,0,,0,1,.759,1,1,1,1,1,5,2
13080,0,1,0,,0,1,0,1,.5869,1,1,1,1,1,5,2
13080,0,1,0,,0,1,0,1,.86089998,2,1,1,1,1,4,2
13090,0,1,14,4,0,1,0,1,.8168,2,1,5,1,1,5,3
13093,0,1,0,1,0,1,0,1,.82190001,2,1,1,1,1,5,2
13094,0,1,0,1,0,1,0,1,.83329999,2,1,1,1,1,5,2
13099,0,1,54,5,1,4,0,1,.80190003,1,1,5,5,1,5,4
13100,0,1,122,5,0,,0,1,.3813,1,1,5,1,1,5,3
13100,0,1,122,5,0,,0,1,.3813,1,1,5,1,1,5,3
13110,0,,3,3,0,1,0,,1,,1,4,1,1,2,2
13119,0,,0,,0,1,0,,1,,1,1,1,1,2,2
13120,0,1,0,,0,,1,5,.7317,1,1,1,1,5,5,3
13120,0,1,0,,0,,1,5,.67439997,1,1,1,1,5,5,3
13120,0,1,0,,0,,1,5,.67439997,1,1,1,1,5,5,3
13120,0,1,0,,0,,1,5,.67439997,1,1,1,1,5,5,3
13120,0,1,0,,0,,1,5,.67439997,1,1,1,1,5,5,3
13123,0,,16,4,0,1,0,,1,,1,5,1,1,2,2
13129,0,,0,,0,1,0,,1,,1,1,1,1,2,2
13150,0,1,5,4,0,1,0,1,.8114,2,1,5,1,1,5,3
13180,0,1,5,4,0,1,0,1,.838,2,1,5,1,1,5,3
13200,0,1,73,5,0,1,0,1,.88459998,2,1,5,1,1,4,3
13209,0,,72,5,0,1,0,,1,,1,5,1,1,2,2
13210,0,1,13,4,0,1,0,1,.85729998,2,1,5,1,1,4,3
13219,0,1,0,,0,,0,1,.92720002,3,1,1,1,1,4,2
13219,0,1,0,,0,,0,1,.87919998,2,1,1,1,1,4,2
13220,0,1,3,3,0,1,0,1,.90380001,3,1,4,1,1,4,3
13229,0,,17,4,0,1,0,,1,,1,5,1,1,2,2
13230,0,1,2,3,0,1,0,1,.9127,3,1,4,1,1,4,3
13250,0,1,3,3,0,1,0,1,.81599998,2,1,4,1,1,5,3
13270,0,1,8,4,0,,0,1,.87169999,2,1,5,1,1,4,3
13270,0,1,8,4,0,,0,1,.87169999,2,1,5,1,1,4,3
13273,0,1,51,5,0,1,0,1,.97729999,4,1,5,1,1,3,2
13278,0,1,1,2,0,,0,1,.99809998,5,1,4,1,1,2,2
13278,0,1,1,2,0,,0,1,.99809998,5,1,4,1,1,2,2
13278,0,1,1,2,0,,0,1,.99809998,5,1,4,1,1,2,2
13280,0,1,2,3,0,1,0,1,.81400001,2,1,4,1,1,5,3
13300,0,1,0,,0,,0,1,.71249998,1,1,1,1,1,5,2
13300,0,1,0,,0,,0,1,.75880003,1,1,1,1,1,5,2
13300,0,1,0,,0,,0,1,.81019998,1,1,1,1,1,5,2
13300,0,1,0,,0,,0,1,.89910001,2,1,1,1,1,4,2
13300,0,1,0,,0,,0,1,.94809997,3,1,1,1,1,3,2
13300,0,1,0,,0,,0,1,.94809997,3,1,1,1,1,3,2
13310,0,1,20,5,0,1,0,1,.8222,2,1,5,1,1,5,3
13315,0,1,8,4,0,1,0,1,.81199998,2,1,5,1,1,5,3
13316,0,,2,3,0,,0,,1,,1,4,1,1,2,2
13316,0,,2,3,0,,0,,1,,1,4,1,1,2,2
13316,0,,2,3,0,,0,,1,,1,4,1,1,2,2
13317,0,,2,3,0,,0,,1,,1,4,1,1,2,2
13317,0,,2,3,0,,0,,1,,1,4,1,1,2,2
13318,0,,3,3,0,1,0,,1,,1,4,1,1,2,2
13319,0,1,8,4,0,,0,1,.77240002,1,1,5,1,1,5,3
13319,0,1,8,4,0,,0,1,.77240002,1,1,5,1,1,5,3
13360,1,5,0,,0,,0,1,.70819998,1,5,1,1,1,5,3
13360,1,5,0,,0,,0,1,.8197,2,5,1,1,1,5,3
13360,1,5,0,,0,,0,1,.7859,1,5,1,1,1,5,3
13363,0,,1,2,0,1,0,,1,,1,4,1,1,2,2
13400,0,1,203,5,0,1,0,1,.80800003,1,1,5,1,1,5,3
13410,0,,16,4,0,,0,,1,,1,5,1,1,2,2
13410,0,,16,4,0,,0,,1,,1,5,1,1,2,2
13419,0,1,10,4,0,1,0,1,.72610003,1,1,5,1,1,5,3
13420,0,1,44,5,0,1,0,1,.80040002,1,1,5,1,1,5,3
13429,0,,7,4,0,1,0,,1,,1,5,1,1,2,2
13430,0,1,451,5,0,1,0,1,.7895,1,1,5,1,1,5,3
13440,0,1,0,,0,,0,1,.87519997,2,1,1,1,1,4,2
13440,0,1,0,,0,,0,1,.87519997,2,1,1,1,1,4,2
13440,0,1,0,,0,,0,1,.87519997,2,1,1,1,1,4,2
13450,0,1,0,,0,,0,1,.8035,1,1,1,1,1,5,2
13450,0,1,0,,0,,0,1,.80400002,1,1,1,1,1,5,2
13460,0,1,9,4,0,1,0,1,.82249999,2,1,5,1,1,5,3
13500,1,5,0,1,0,,0,1,1,,5,1,1,1,2,3
13508,0,1,0,,0,,0,1,.88849998,2,1,1,1,1,4,2
13508,0,1,0,,0,,0,1,.67820001,1,1,1,1,1,5,2
13509,0,1,0,1,0,1,0,1,.88239998,2,1,1,1,1,4,2
13510,0,1,0,1,0,1,0,1,.8082,1,1,1,1,1,5,2
13520,0,1,1,2,0,1,0,1,.85250002,2,1,4,1,1,4,3
13529,0,,0,,0,1,0,,1,,1,1,1,1,2,2
13530,0,1,0,,0,,0,1,.91140002,3,1,1,1,1,4,2
13530,0,1,0,,0,,0,1,.76899999,1,1,1,1,1,5,2
13540,0,1,0,,0,,0,1,.80650002,1,1,1,1,1,5,2
13540,0,1,0,,0,,0,1,.65460002,1,1,1,1,1,5,2
13545,0,1,142,5,0,1,0,1,.83350003,2,1,5,1,1,5,3
13546,0,,0,,0,1,0,,1,,1,1,1,1,2,2
13549,0,1,73,5,0,1,0,1,.63859999,1,1,5,1,1,5,3
13550,0,1,0,,0,,0,1,.94590002,3,1,1,1,1,3,2
13550,0,1,0,,0,,0,1,.82380003,2,1,1,1,1,5,2
13559,0,,1,2,0,1,0,,1,,1,4,1,1,2,2
13600,0,,6,4,0,1,0,,1,,1,5,1,1,2,2
13601,0,1,0,1,0,,1,5,1,,1,1,1,5,2,3
13610,0,,4,4,0,1,0,,1,,1,4,1,1,2,2
13625,0,,47,5,0,1,0,,1,,1,5,1,1,2,2
13630,0,,4,4,0,1,0,,1,,1,4,1,1,2,2
13640,0,,10,4,0,1,0,,1,,1,5,1,1,2,2
13700,0,1,0,,0,,0,1,.5923,1,1,1,1,1,5,2
13700,0,1,0,,0,,0,1,.75919998,1,1,1,1,1,5,2
14000,0,1,0,,0,,0,1,.93449998,3,1,1,1,1,3,2
14000,0,1,0,,0,,0,1,.99049997,5,1,1,1,1,2,2
14009,0,1,6,4,0,1,1,5,1,,1,5,1,5,2,3
14010,0,1,2,3,3,5,0,1,.99790001,5,1,4,5,1,2,3
14017,0,,0,,0,1,0,,1,,1,1,1,1,2,2
14020,0,1,1,2,5,5,0,1,.99940002,5,1,4,5,1,2,3
14030,0,1,2,3,3,5,0,1,.90810001,3,1,4,5,1,4,3
14038,0,,0,,0,,0,,1,,1,1,1,1,2,2
14038,0,,0,,0,,0,,1,,1,1,1,1,2,2
14039,0,1,3,3,0,,0,1,.94739997,3,1,4,1,1,3,2
14039,0,1,3,3,0,,0,1,.94739997,3,1,4,1,1,3,2
14040,0,1,0,,0,,0,1,.94510001,3,1,1,1,1,3,2
14040,0,1,0,,0,,0,1,.9181,3,1,1,1,1,4,2
14049,0,1,0,1,0,1,0,1,.9012,2,1,1,1,1,4,2
14050,0,1,2,3,13,5,0,1,.98390001,4,1,4,5,1,3,3
14060,0,1,0,1,1,4,0,1,.99220002,5,1,1,5,1,2,2
14070,0,1,0,,0,,0,1,.9763,4,1,1,1,1,3,2
14070,0,1,0,,0,,0,1,.9411,3,1,1,1,1,3,2
14070,0,1,0,,0,,0,1,.91070002,3,1,1,1,1,4,2
14070,0,1,0,,0,,0,1,.91070002,3,1,1,1,1,4,2
14080,0,1,0,,0,,0,1,.98680001,4,1,1,1,1,2,2
14080,0,1,0,,0,,0,1,.97130001,4,1,1,1,1,3,2
14090,0,1,52,5,4,5,0,1,.9989,5,1,5,5,1,2,3
14098,0,,0,,0,1,0,,1,,1,1,1,1,2,2
14100,1,5,0,,0,,0,1,.80419999,1,5,1,1,1,5,3
14100,1,5,0,,0,,0,1,.62349999,1,5,1,1,1,5,3
14100,1,5,0,,0,,0,1,.67830002,1,5,1,1,1,5,3
14100,1,5,0,,0,,0,1,.72930002,1,5,1,1,1,5,3
14100,1,5,0,,0,,0,1,.77209997,1,5,1,1,1,5,3
14108,0,1,36,5,0,,0,1,.62239999,1,1,5,1,1,5,3
14108,0,1,36,5,0,,0,1,.62239999,1,1,5,1,1,5,3
14110,0,1,0,,0,,0,1,.93769997,3,1,1,1,1,3,2
14110,0,1,0,,0,,0,1,.99870002,5,1,1,1,1,2,2
14120,0,1,0,1,0,1,0,1,.99860001,5,1,1,1,1,2,2
14129,0,,1,2,0,1,0,,1,,1,4,1,1,2,2
14130,0,,4,4,5,5,0,,1,,1,4,5,1,2,3
14140,0,1,0,1,3,5,0,1,.98509997,4,1,1,5,1,2,2
14141,0,,0,,0,1,0,,1,,1,1,1,1,2,2
14148,0,,0,,0,1,0,,1,,1,1,1,1,2,2
14149,0,,4,4,0,1,0,,1,,1,4,1,1,2,2
14150,0,1,2,3,0,1,0,1,.94940001,3,1,4,1,1,3,2
14160,0,1,2,3,0,1,0,1,.78780001,1,1,4,1,1,5,3
14200,0,1,0,,0,,1,5,.85900003,2,1,1,1,5,4,3
14200,0,1,0,,0,,1,5,.95289999,4,1,1,1,5,3,3
14208,0,1,0,1,0,1,0,1,.8901,2,1,1,1,1,4,2
14209,0,1,3,3,0,1,0,1,.74860001,1,1,4,1,1,5,3
14210,0,1,0,1,3,5,0,1,.99849999,5,1,1,5,1,2,2
14219,0,,8,4,0,,0,,1,,1,5,1,1,2,2
14219,0,,8,4,0,,0,,1,,1,5,1,1,2,2
14220,0,1,0,,0,,0,1,.7608,1,1,1,1,1,5,2
14220,0,1,0,,0,,0,1,.81269997,2,1,1,1,1,5,2
14230,0,1,32,5,0,1,0,1,.66229999,1,1,5,1,1,5,3
14239,0,1,4,4,0,1,0,1,.79159999,1,1,4,1,1,5,3
14240,0,1,0,,0,,0,1,.77569997,1,1,1,1,1,5,2
14240,0,1,0,,0,,0,1,.79369998,1,1,1,1,1,5,2
14248,0,1,19,5,0,1,0,1,.73769999,1,1,5,1,1,5,3
14250,0,1,0,,0,,0,1,.78789997,1,1,1,1,1,5,2
14250,0,1,0,,0,,0,1,.91339999,3,1,1,1,1,4,2
14250,0,1,0,,0,,0,1,.75629997,1,1,1,1,1,5,2
14250,0,1,0,,0,,0,1,.54430002,1,1,1,1,1,5,2
14260,0,1,0,,0,,1,5,.8919,2,1,1,1,5,4,3
14260,0,1,0,,0,,1,5,.92659998,3,1,1,1,5,4,3
14265,0,,0,,1,4,0,,1,,1,1,5,1,2,2
14266,0,1,0,1,0,1,0,1,.9874,4,1,1,1,1,2,2
14267,0,1,8,4,1,4,0,1,.94590002,3,1,5,5,1,3,3
14268,0,1,0,1,0,1,0,1,.92079997,3,1,1,1,1,4,2
14269,0,1,0,1,0,1,0,1,.96069998,4,1,1,1,1,3,2
14270,0,,21,5,0,1,0,,1,,1,5,1,1,2,2
14273,0,,215,5,0,1,0,,1,,1,5,1,1,2,2
14275,0,,38,5,1,4,0,,1,,1,5,5,1,2,3
14276,0,,1,2,0,1,0,,1,,1,4,1,1,2,2
14300,0,1,0,,0,,0,1,1,5,1,1,1,1,2,2
14300,0,1,0,,0,,0,1,.99849999,5,1,1,1,1,2,2
14300,0,1,0,,0,,0,1,1,5,1,1,1,1,2,2
14307,0,,0,,0,1,0,,1,,1,1,1,1,2,2
14308,0,1,0,1,0,,0,1,.99959999,5,1,1,1,1,2,2
14308,0,1,0,1,0,,0,1,.99959999,5,1,1,1,1,2,2
14309,0,,3,3,0,1,0,,1,,1,4,1,1,2,2
14310,0,1,0,,0,,0,1,.99959999,5,1,1,1,1,2,2
14310,0,1,0,,0,,0,1,1,5,1,1,1,1,2,2
14310,0,1,0,,0,,0,1,1,5,1,1,1,1,2,2
14320,0,1,1,2,1,4,0,1,1,5,1,4,5,1,2,3
14324,0,,0,,0,1,0,,1,,1,1,1,1,2,2
14325,0,1,1,2,0,1,0,1,.99919999,5,1,4,1,1,2,2
14326,0,1,1,2,0,,0,1,.99739999,5,1,4,1,1,2,2
14326,0,1,1,2,0,,0,1,.99739999,5,1,4,1,1,2,2
14327,0,,0,,0,1,0,,1,,1,1,1,1,2,2
14328,0,,1,2,0,,0,,1,,1,4,1,1,2,2
14328,0,,1,2,0,,0,,1,,1,4,1,1,2,2
14329,0,,1,2,0,1,0,,1,,1,4,1,1,2,2
14330,0,1,0,,0,,1,5,.99650002,5,1,1,1,5,2,3
14330,0,1,0,,0,,1,5,.99830002,5,1,1,1,5,2,3
14330,0,1,0,,0,,1,5,.99830002,5,1,1,1,5,2,3
14334,0,,9,4,0,1,0,,1,,1,5,1,1,2,2
14335,0,,0,,0,,0,,1,,1,1,1,1,2,2
14335,0,,0,,0,,0,,1,,1,1,1,1,2,2
14336,0,,0,,2,5,0,,1,,1,1,5,1,2,2
14337,0,,0,,0,1,0,,1,,1,1,1,1,2,2
14338,0,,0,,0,,0,,1,,1,1,1,1,2,2
14338,0,,0,,0,,0,,1,,1,1,1,1,2,2
14339,0,,0,,0,1,0,,1,,1,1,1,1,2,2
14340,0,1,0,,0,,0,1,.99760002,5,1,1,1,1,2,2
14340,0,1,0,,0,,0,1,.99589998,5,1,1,1,1,2,2
14350,0,1,2,3,0,1,0,1,.99790001,5,1,4,1,1,2,2
14356,0,,2,3,1,4,0,,1,,1,4,5,1,2,3
14357,1,5,0,,0,,0,1,.99669999,5,5,1,1,1,2,3
14357,1,5,0,,0,,0,1,.99809998,5,5,1,1,1,2,3
14358,0,,1,2,0,1,0,,1,,1,4,1,1,2,2
14360,0,1,0,,0,,0,1,.99760002,5,1,1,1,1,2,2
14360,0,1,0,,0,,0,1,.99309999,5,1,1,1,1,2,2
14360,0,1,0,,0,,0,1,.99309999,5,1,1,1,1,2,2
14370,0,1,0,,0,,0,1,.80419999,1,1,1,1,1,5,2
14370,0,1,0,,0,,0,1,.9673,4,1,1,1,1,3,2
14370,0,1,0,,0,,0,1,.98479998,4,1,1,1,1,2,2
14370,0,1,0,,0,,0,1,.98479998,4,1,1,1,1,2,2
14376,0,1,8,4,1,4,0,1,.972,4,1,5,5,1,3,3
14377,0,1,1,2,0,1,0,1,1,5,1,4,1,1,2,2
14378,0,,0,,0,1,0,,1,,1,1,1,1,2,2
14380,0,1,0,,0,,0,1,1,5,1,1,1,1,2,2
14380,0,1,0,,0,,0,1,.94870001,3,1,1,1,1,3,2
14386,0,1,0,1,0,1,0,1,1,5,1,1,1,1,2,2
14387,0,1,0,1,1,4,0,1,.90960002,3,1,1,5,1,4,3
14388,0,1,10,4,1,4,0,1,.9418,3,1,5,5,1,3,3
14389,0,1,2,3,0,1,0,1,.98619998,4,1,4,1,1,2,2
14390,0,1,0,,0,,0,1,.9932,5,1,1,1,1,2,2
14390,0,1,0,,0,,0,1,1,5,1,1,1,1,2,2
14390,0,1,0,,0,,0,1,.99910003,5,1,1,1,1,2,2
14390,0,1,0,,0,,0,1,.99949998,5,1,1,1,1,2,2
14399,0,,0,,0,1,0,,1,,1,1,1,1,2,2
14400,0,1,2379,5,2,5,0,1,.66439998,1,1,5,5,1,5,4
14406,0,1,6,4,0,1,1,5,.70370001,1,1,5,1,5,5,4
14408,0,1,2,3,0,1,0,1,.65109998,1,1,4,1,1,5,3
14409,0,1,10,4,0,1,0,1,.64539999,1,1,5,1,1,5,3
14410,0,1,1,2,0,1,0,1,.94630003,3,1,4,1,1,3,2
14420,0,1,0,,0,,0,1,.87769997,2,1,1,1,1,4,2
14420,0,1,0,,0,,0,1,.91930002,3,1,1,1,1,4,2
14420,0,1,0,,0,,0,1,.70920002,1,1,1,1,1,5,2
14426,0,1,0,,0,,0,1,.84500003,2,1,1,1,1,4,2
14426,0,1,0,,0,,0,1,.96149999,4,1,1,1,1,3,2
14427,0,1,23,5,0,,0,1,.77670002,1,1,5,1,1,5,3
14427,0,1,23,5,0,,0,1,.77670002,1,1,5,1,1,5,3
14428,0,,0,,0,1,0,,1,,1,1,1,1,2,2
14429,0,1,6,4,0,1,0,1,.83350003,2,1,5,1,1,5,3
14430,0,1,0,,0,,0,1,.88669997,2,1,1,1,1,4,2
14430,0,1,0,,0,,0,1,.96340001,4,1,1,1,1,3,2
14438,0,1,5,4,0,1,0,1,.85970002,2,1,5,1,1,4,3
14439,0,1,9,4,0,1,0,1,.93769997,3,1,5,1,1,3,2
14440,0,1,2,3,0,1,0,1,.90170002,2,1,4,1,1,4,3
14449,0,1,0,,0,,0,1,.91360003,3,1,1,1,1,4,2
14449,0,1,0,,0,,0,1,.94739997,3,1,1,1,1,3,2
14449,0,1,0,,0,,0,1,.94220001,3,1,1,1,1,3,2
14450,0,,0,,0,1,0,,1,,1,1,1,1,2,2
14456,0,,28,5,0,1,0,,1,,1,5,1,1,2,2
14460,0,1,7,4,0,1,0,1,.76899999,1,1,5,1,1,5,3
14470,0,1,222,5,0,,0,1,.32949999,1,1,5,1,1,5,3
14470,0,1,222,5,0,,0,1,.32949999,1,1,5,1,1,5,3
14476,0,1,44,5,0,1,0,1,.57450002,1,1,5,1,1,5,3
14479,0,1,81,5,0,1,1,5,.6336,1,1,5,1,5,5,4
14480,0,1,428,5,0,1,0,1,.27669999,1,1,5,1,1,5,3
14490,0,1,1948,5,0,1,0,1,.2674,1,1,5,1,1,5,3
14500,0,1,4725,5,0,1,0,1,.27360001,1,1,5,1,1,5,3
14520,0,,10,4,0,1,0,,1,,1,5,1,1,2,2
14529,0,,2,3,0,1,0,,1,,1,4,1,1,2,2
14550,0,,4,4,0,1,0,,1,,1,4,1,1,2,2
14600,0,1,2,3,0,1,0,1,.99739999,5,1,4,1,1,2,2
14608,0,1,0,1,0,1,0,1,.98680001,4,1,1,1,1,2,2
14609,0,1,2,3,0,1,0,1,.98390001,4,1,4,1,1,3,2
14610,0,1,7,4,7,5,0,1,.9946,5,1,5,5,1,2,3
14620,0,1,1,2,0,,0,1,1,5,1,4,1,1,2,2
14620,0,1,1,2,0,,0,1,1,5,1,4,1,1,2,2
14629,0,1,3,3,0,1,0,1,.99860001,5,1,4,1,1,2,2
14630,0,1,0,,0,,0,1,.98809999,4,1,1,1,1,2,2
14630,0,1,0,,0,,0,1,.9939,5,1,1,1,1,2,2
14639,0,,2,3,0,1,0,,1,,1,4,1,1,2,2
14640,0,1,0,1,0,1,1,5,.87889999,2,1,1,1,5,4,3
14643,0,1,1,2,0,1,0,1,.90219998,2,1,4,1,1,4,3
14646,0,1,7,4,0,1,0,1,.92409998,3,1,5,1,1,4,3
14647,0,1,0,,0,,0,1,.91710001,3,1,1,1,1,4,2
14647,0,1,0,,0,,0,1,.96030003,4,1,1,1,1,3,2
14647,0,1,0,,0,,0,1,.95090002,4,1,1,1,1,3,2
14650,0,1,18,5,1,4,0,1,.77819997,1,1,5,5,1,5,4
14651,0,,0,,0,1,0,,1,,1,1,1,1,2,2
14653,0,1,0,1,0,1,0,1,.8937,2,1,1,1,1,4,2
14654,0,,184,5,0,,0,,1,,1,5,1,1,2,2
14654,0,,184,5,0,,0,,1,,1,5,1,1,2,2
14655,0,,267,5,0,1,0,,1,,1,5,1,1,2,2
14656,1,5,0,1,0,,0,1,1,,5,1,1,1,2,3
14657,0,1,13,4,0,1,0,1,.73570001,1,1,5,1,1,5,3
14658,0,1,2,3,0,1,0,1,.80180001,1,1,4,1,1,5,3
14659,1,5,0,1,0,1,0,1,.8039,1,5,1,1,1,5,3
14700,0,1,1690,5,0,1,0,1,.36680001,1,1,5,1,1,5,3
14710,0,1,1267,5,0,1,0,1,.42910001,1,1,5,1,1,5,3
14720,0,1,173,5,0,1,0,1,.63480002,1,1,5,1,1,5,3
14730,0,1,92,5,0,1,0,1,.54189998,1,1,5,1,1,5,3
14734,0,,957,5,0,1,0,,1,,1,5,1,1,2,2
14735,0,,897,5,0,,0,,1,,1,5,1,1,2,2
14735,0,,897,5,0,,0,,1,,1,5,1,1,2,2
14737,0,1,11,4,0,1,0,1,.65319997,1,1,5,1,1,5,3
14738,0,1,227,5,1,4,0,1,.45559999,1,1,5,5,1,5,4
14739,0,1,62,5,0,1,0,1,.68760002,1,1,5,1,1,5,3
14740,0,1,51,5,0,1,0,1,.64529997,1,1,5,1,1,5,3
14748,0,1,0,,0,,0,1,.7942,1,1,1,1,1,5,2
14748,0,1,0,,0,,0,1,.60720003,1,1,1,1,1,5,2
14749,0,1,18,5,0,1,0,1,.74150002,1,1,5,1,1,5,3
14750,0,,0,,0,1,0,,1,,1,1,1,1,2,2
14760,0,,138,5,0,1,0,,1,,1,5,1,1,2,2
14780,0,,0,,0,1,0,,1,,1,1,1,1,2,2
14790,0,,8,4,0,1,0,,1,,1,5,1,1,2,2
14900,0,1,494,5,0,1,0,1,.30509999,1,1,5,1,1,5,3
15000,0,1,2,3,1,4,1,5,.95429999,4,1,4,5,5,3,4
15010,0,1,0,1,0,1,0,1,.95450002,4,1,1,1,1,3,2
15020,0,1,0,1,0,1,1,5,.95310003,4,1,1,1,5,3,3
15100,0,1,1,2,0,1,0,1,.96469998,4,1,4,1,1,3,2
15120,0,,0,,0,1,0,,1,,1,1,1,1,2,2
15200,0,1,0,1,0,1,0,1,.97030002,4,1,1,1,1,3,2
15210,0,1,1,2,0,1,0,1,.94510001,3,1,4,1,1,3,2
15220,1,5,0,,0,,0,1,.9795,4,5,1,1,1,3,3
15220,1,5,0,,0,,0,1,.99299997,5,5,1,1,1,2,3
15230,0,1,0,1,0,1,0,1,.93449998,3,1,1,1,1,3,2
15240,0,1,0,1,0,1,0,1,.99510002,5,1,1,1,1,2,2
15250,0,1,0,1,0,1,0,1,.9885,4,1,1,1,1,2,2
15260,0,1,0,1,0,1,0,1,.96259999,4,1,1,1,1,3,2
15270,0,1,0,1,0,1,0,1,.96759999,4,1,1,1,1,3,2
15280,0,1,0,1,0,1,0,1,.93760002,3,1,1,1,1,3,2
15290,0,1,0,1,0,1,0,1,.9698,4,1,1,1,1,3,2
15299,0,,1,2,0,1,0,,1,,1,4,1,1,2,2
15300,0,1,0,1,1,4,0,1,.95630002,4,1,1,5,1,3,3
15309,0,1,0,1,0,1,0,1,.95050001,4,1,1,1,1,3,2
15310,1,5,0,,0,1,0,1,.87639999,2,5,1,1,1,4,3
15310,1,5,0,,0,1,0,1,.87639999,2,5,1,1,1,4,3
15320,0,1,0,1,0,1,0,1,.90600002,3,1,1,1,1,4,2
15330,0,1,0,1,0,1,0,1,.90490001,3,1,1,1,1,4,2
15339,0,1,0,1,0,1,0,1,.92650002,3,1,1,1,1,4,2
15340,0,1,1,2,0,1,0,1,.95160002,4,1,4,1,1,3,2
15350,0,1,0,1,0,1,0,1,.9835,4,1,1,1,1,3,2
15370,0,1,0,1,0,1,0,1,.84920001,2,1,1,1,1,4,2
15380,0,1,0,1,0,1,0,1,.96240002,4,1,1,1,1,3,2
15390,0,1,0,1,1,4,0,1,.99309999,5,1,1,5,1,2,2
15400,0,1,0,1,0,1,0,1,.92930001,3,1,1,1,1,4,2
15410,0,1,1,2,0,1,0,1,.92720002,3,1,4,1,1,4,3
15420,0,1,0,1,0,1,0,1,.96390003,4,1,1,1,1,3,2
15430,0,1,0,1,1,4,0,1,.95270002,4,1,1,5,1,3,3
15440,0,1,0,1,0,1,0,1,.98119998,4,1,1,1,1,3,2
15450,0,1,0,1,0,1,0,1,.91159999,3,1,1,1,1,4,2
15460,0,1,0,1,0,1,0,1,.89240003,2,1,1,1,1,4,2
15470,0,,0,,0,1,0,,1,,1,1,1,1,2,2
15500,0,1,0,1,0,1,0,1,.9429,3,1,1,1,1,3,2
15510,0,1,0,1,2,5,0,1,.92369998,3,1,1,5,1,4,3
15520,0,1,8,4,1,4,0,1,.85339999,2,1,5,5,1,4,3
15530,1,5,1,2,0,1,0,1,.94709998,3,5,4,1,1,3,3
15540,0,1,0,1,0,1,0,1,.98930001,4,1,1,1,1,2,2
15600,0,1,0,,1,4,0,1,.82569999,2,1,1,5,1,5,3
15600,0,1,0,,1,4,0,1,.91399997,3,1,1,5,1,4,3
15610,0,1,0,1,0,1,0,1,.92210001,3,1,1,1,1,4,2
15620,0,,0,,0,1,0,,1,,1,1,1,1,2,2
15630,0,1,0,1,0,1,0,1,.93370003,3,1,1,1,1,3,2
15640,0,1,0,,0,,0,1,.91399997,3,1,1,1,1,4,2
15640,0,1,0,,0,,0,1,.82569999,2,1,1,1,1,5,2
15640,0,1,0,,0,,0,1,.95190001,4,1,1,1,1,3,2
15650,0,1,0,1,0,1,0,1,.8495,2,1,1,1,1,4,2
15660,0,1,0,,0,1,0,1,.82569999,2,1,1,1,1,5,2
15660,0,1,0,,0,1,0,1,.91399997,3,1,1,1,1,4,2
15669,0,,0,,0,1,0,,1,,1,1,1,1,2,2
15670,0,1,0,1,0,1,0,1,.90469998,3,1,1,1,1,4,2
15680,0,1,0,,0,1,0,1,.91399997,3,1,1,1,1,4,2
15680,0,1,0,,0,1,0,1,.82569999,2,1,1,1,1,5,2
15700,0,1,0,1,1,4,0,1,.95649999,4,1,1,5,1,3,3
15710,0,1,0,1,0,1,0,1,.65820003,1,1,1,1,1,5,2
15720,0,,0,,0,1,0,,1,,1,1,1,1,2,2
15730,0,1,0,1,1,4,0,1,.98100001,4,1,1,5,1,3,3
15740,0,1,0,1,0,1,0,1,.92659998,3,1,1,1,1,4,2
15750,0,1,0,1,0,1,0,1,.91420001,3,1,1,1,1,4,2
15800,0,1,0,1,1,4,0,1,.99680001,5,1,1,5,1,2,2
15810,0,1,0,1,0,1,1,5,.95709997,4,1,1,1,5,3,3
15820,0,1,0,1,0,1,1,5,.9806,4,1,1,1,5,3,3
15829,0,,0,,0,1,0,,1,,1,1,1,1,2,2
15830,0,1,0,1,0,1,0,1,.98070002,4,1,1,1,1,3,2
15840,0,1,0,1,0,1,0,1,.95590001,4,1,1,1,1,3,2
15850,0,1,1,2,0,1,0,1,.935,3,1,4,1,1,3,2
15860,0,1,0,1,2,5,0,1,.84689999,2,1,1,5,1,4,3
15870,0,1,0,1,0,1,0,1,.99919999,5,1,1,1,1,2,2
15900,0,1,0,1,0,1,0,1,.99419999,5,1,1,1,1,2,2
15909,0,,0,,0,1,0,,1,,1,1,1,1,2,2
15940,0,1,0,1,0,1,0,1,.96759999,4,1,1,1,1,3,2
15950,0,,0,,0,1,0,,1,,1,1,1,1,2,2
15960,0,1,0,1,2,5,0,1,.99669999,5,1,1,5,1,2,2
15968,0,,0,,0,1,0,,1,,1,1,1,1,2,2
15970,0,1,0,1,0,1,0,1,.99370003,5,1,1,1,1,2,2
15980,0,1,0,1,0,1,0,1,1,5,1,1,1,1,2,2
15990,0,1,0,1,0,1,0,1,.95590001,4,1,1,1,1,3,2
16000,1,5,0,,0,,0,1,.87440002,2,5,1,1,1,4,3
16000,1,5,0,,0,,0,1,.80190003,1,5,1,1,1,5,3
16000,1,5,0,,0,,0,1,.69749999,1,5,1,1,1,5,3
16001,1,5,0,1,0,,1,5,1,,5,1,1,5,2,4
16010,0,1,0,,0,,0,1,.89520001,2,1,1,1,1,4,2
16010,0,1,0,,0,,0,1,.90930003,3,1,1,1,1,4,2
16010,0,1,0,,0,,0,1,.99299997,5,1,1,1,1,2,2
16010,0,1,0,,0,,0,1,.99580002,5,1,1,1,1,2,2
16010,0,1,0,,0,,0,1,.99580002,5,1,1,1,1,2,2
16010,0,1,0,,0,,0,1,.99580002,5,1,1,1,1,2,2
16010,0,1,0,,0,,0,1,.99580002,5,1,1,1,1,2,2
16019,0,,0,,0,1,0,,1,,1,1,1,1,2,2
16020,1,5,0,,0,,0,1,.91339999,3,5,1,1,1,4,3
16020,1,5,0,,0,,0,1,.93150002,3,5,1,1,1,3,3
16029,0,1,1,2,0,1,0,1,.93800002,3,1,4,1,1,3,2
16030,0,1,0,,0,,0,1,.97729999,4,1,1,1,1,3,2
16030,0,1,0,,0,,0,1,.94730002,3,1,1,1,1,3,2
16030,0,1,0,,0,,0,1,.97790003,4,1,1,1,1,3,2
16030,0,1,0,,0,,0,1,.97790003,4,1,1,1,1,3,2
16030,0,1,0,,0,,0,1,.97790003,4,1,1,1,1,3,2
16034,1,5,7,4,1,4,0,1,.97250003,4,5,5,5,1,3,4
16035,0,1,0,,0,,0,1,.86949998,2,1,1,1,1,4,2
16035,0,1,0,,0,,0,1,.67610002,1,1,1,1,1,5,2
16036,0,,17,4,0,1,0,,1,,1,5,1,1,2,2
16038,0,1,2,3,0,1,0,1,.62330002,1,1,4,1,1,5,3
16039,0,,4,4,0,1,0,,1,,1,4,1,1,2,2
16040,0,1,0,,0,,0,1,.55900002,1,1,1,1,1,5,2
16040,0,1,0,,0,,0,1,.80419999,1,1,1,1,1,5,2
16050,0,1,0,,0,,0,1,.86870003,2,1,1,1,1,4,2
16050,0,1,0,,0,,0,1,.89480001,2,1,1,1,1,4,2
16050,0,1,0,,0,,0,1,.99580002,5,1,1,1,1,2,2
16057,0,,0,,0,1,0,,1,,1,1,1,1,2,2
16058,0,,0,,0,1,0,,1,,1,1,1,1,2,2
16059,0,,0,,0,,0,,1,,1,1,1,1,2,2
16059,0,,0,,0,,0,,1,,1,1,1,1,2,2
16060,0,1,3,3,0,1,0,1,.65439999,1,1,4,1,1,5,3
16070,0,1,0,,0,,0,1,.9777,4,1,1,1,1,3,2
16070,0,1,0,,0,,0,1,.87349999,2,1,1,1,1,4,2
16070,0,1,0,,0,,0,1,.94029999,3,1,1,1,1,3,2
16070,0,1,0,,0,,0,1,.87720001,2,1,1,1,1,4,2
16080,0,1,0,,0,,0,1,.78439999,1,1,1,1,1,5,2
16080,0,1,0,,0,,0,1,.7202,1,1,1,1,1,5,2
16080,0,1,0,,0,,0,1,.81449997,2,1,1,1,1,5,2
16080,0,1,0,,0,,0,1,.75569999,1,1,1,1,1,5,2
16090,1,5,0,,0,,0,1,.88,2,5,1,1,1,4,3
16090,1,5,0,,0,,0,1,.9928,5,5,1,1,1,2,3
16090,1,5,0,,0,,0,1,.90130001,2,5,1,1,1,4,3
16090,1,5,0,,0,,0,1,.90130001,2,5,1,1,1,4,3
16095,0,,11,4,0,1,0,,1,,1,5,1,1,2,2
16098,0,,2,3,0,1,0,,1,,1,4,1,1,2,2
16099,0,,0,,0,1,0,,1,,1,1,1,1,2,2
16100,0,1,3,3,0,1,0,1,.88249999,2,1,4,1,1,4,3
16105,0,,0,,0,1,0,,1,,1,1,1,1,2,2
16200,0,1,59,5,0,1,0,1,.86940002,2,1,5,1,1,4,3
16210,0,1,0,1,0,1,0,1,.91479999,3,1,1,1,1,4,2
16220,0,,10,4,0,1,0,,1,,1,5,1,1,2,2
16240,0,,312,5,0,,0,,1,,1,5,1,1,2,2
16240,0,,312,5,0,,0,,1,,1,5,1,1,2,2
16244,0,,6,4,0,1,0,,1,,1,5,1,1,2,2
16247,0,,7,4,0,1,0,,1,,1,5,1,1,2,2
16248,0,,17,4,0,1,0,,1,,1,5,1,1,2,2
16300,0,1,4,4,0,1,0,1,.84460002,2,1,4,1,1,4,3
16310,0,1,1,2,0,1,0,1,.74489999,1,1,4,1,1,5,3
16320,0,1,0,1,0,1,0,1,.79329997,1,1,1,1,1,5,2
16330,0,,0,,0,1,0,,1,,1,1,1,1,2,2
16340,0,1,0,1,0,1,0,1,.81029999,1,1,1,1,1,5,2
16400,0,1,10,4,0,1,0,1,.78210002,1,1,5,1,1,5,3
16410,0,1,0,1,0,1,0,1,.81599998,2,1,1,1,1,5,2
16420,0,1,2,3,0,1,0,1,.76789999,1,1,4,1,1,5,3
16428,0,1,0,1,0,1,0,1,.68559998,1,1,1,1,1,5,2
16429,0,1,8,4,0,1,0,1,.80019999,1,1,5,1,1,5,3
16430,0,1,1,2,0,1,0,1,.88690001,2,1,4,1,1,4,3
16440,0,1,0,1,0,1,0,1,.67919999,1,1,1,1,1,5,2
16443,0,1,0,1,0,1,0,1,.7184,1,1,1,1,1,5,2
16450,0,1,1268,5,0,1,0,1,.7335,1,1,5,1,1,5,3
16457,0,1,1,2,0,1,0,1,.65259999,1,1,4,1,1,5,3
16459,0,1,20,5,1,4,0,1,.58899999,1,1,5,5,1,5,4
16500,0,,0,,1,4,0,,1,,1,1,5,1,2,2
16510,0,,26,5,0,1,0,,1,,1,5,1,1,2,2
16513,0,1,0,,0,,0,1,.83539999,2,1,1,1,1,5,2
16513,0,1,0,,0,,0,1,.79869998,1,1,1,1,1,5,2
16514,0,1,0,,0,,0,1,.73900002,1,1,1,1,1,5,2
16514,0,1,0,,0,,0,1,.6753,1,1,1,1,1,5,2
16514,0,1,0,,0,,0,1,.74669999,1,1,1,1,1,5,2
16515,0,,154,5,0,1,0,,1,,1,5,1,1,2,2
16520,0,1,403,5,0,,0,1,.7367,1,1,5,1,1,5,3
16520,0,1,403,5,0,,0,1,.7367,1,1,5,1,1,5,3
16530,0,1,2,3,0,,0,1,.49470001,1,1,4,1,1,5,3
16530,0,1,2,3,0,,0,1,.49470001,1,1,4,1,1,5,3
16533,0,1,1,2,0,1,0,1,.67250001,1,1,4,1,1,5,3
16550,0,1,36,5,0,,0,1,.85699999,2,1,5,1,1,4,3
16550,0,1,36,5,0,,0,1,.85699999,2,1,5,1,1,4,3
16600,0,1,125,5,0,1,0,1,.72469997,1,1,5,1,1,5,3
16604,0,1,1,2,0,1,0,1,.41330001,1,1,4,1,1,5,3
16605,0,1,68,5,0,1,0,1,.55470002,1,1,5,1,1,5,3
16606,0,1,0,1,0,1,0,1,.3766,1,1,1,1,1,5,2
16607,0,1,3,3,0,1,0,1,.44069999,1,1,4,1,1,5,3
16609,0,,0,,0,1,0,,1,,1,1,1,1,2,2
16610,0,1,520,5,0,1,0,1,.6821,1,1,5,1,1,5,3
16614,0,1,0,1,0,1,0,1,.53960001,1,1,1,1,1,5,2
16615,0,1,0,1,0,1,0,1,.23649999,1,1,1,1,1,5,2
16616,0,1,15,4,0,1,0,1,.57779998,1,1,5,1,1,5,3
16617,0,1,0,1,0,1,0,1,.52060002,1,1,1,1,1,5,2
16620,0,1,11,4,0,1,0,1,.71069998,1,1,5,1,1,5,3
16629,0,1,0,,0,,0,1,.83389997,2,1,1,1,1,5,2
16629,0,1,0,,0,,0,1,.6534,1,1,1,1,1,5,2
16630,0,1,0,1,0,1,0,1,.59909999,1,1,1,1,1,5,2
16640,0,1,4,4,0,1,0,1,.54979998,1,1,4,1,1,5,3
16710,0,1,27,5,0,1,0,1,.80260003,1,1,5,1,1,5,3
16720,0,1,9,4,0,1,0,1,.58279997,1,1,5,1,1,5,3
16739,0,1,154,5,0,1,0,1,.86669999,2,1,5,1,1,4,3
16740,0,1,1,2,0,1,0,1,.89319998,2,1,4,1,1,4,3
16749,0,1,0,1,1,4,0,1,.72970003,1,1,1,5,1,5,3
16750,0,1,0,1,0,1,0,1,.92140001,3,1,1,1,1,4,2
16770,0,1,0,1,0,1,0,1,.78960001,1,1,1,1,1,5,2
16776,0,1,0,,0,,0,1,.73680001,1,1,1,1,1,5,2
16776,0,1,0,,0,,0,1,.89850003,2,1,1,1,1,4,2
16776,0,1,0,,0,,0,1,.89850003,2,1,1,1,1,4,2
16780,0,1,0,,0,,0,1,.79869998,1,1,1,1,1,5,2
16780,0,1,0,,0,,0,1,.56590003,1,1,1,1,1,5,2
16780,0,1,0,,0,,0,1,.68150002,1,1,1,1,1,5,2
16780,0,1,0,,0,,0,1,.70340002,1,1,1,1,1,5,2
16780,0,1,0,,0,,0,1,.028999999,1,1,1,1,1,5,2
16780,0,1,0,,0,,0,1,.028999999,1,1,1,1,1,5,2
16797,0,1,823,5,0,1,0,1,.8373,2,1,5,1,1,5,3
16799,0,1,23,5,0,1,0,1,.53579998,1,1,5,1,1,5,3
16800,0,1,23,5,0,1,1,5,.88810003,2,1,5,1,5,4,4
16808,0,,0,,0,1,0,,1,,1,1,1,1,2,2
16809,0,,0,,0,1,0,,1,,1,1,1,1,2,2
16810,0,1,0,,0,,0,1,.75999999,1,1,1,1,1,5,2
16810,0,1,0,,0,,0,1,.8549,2,1,1,1,1,4,2
16810,0,1,0,,0,,0,1,.8549,2,1,1,1,1,4,2
16810,0,1,0,,0,,0,1,.71259999,1,1,1,1,1,5,2
16810,0,1,0,,0,,0,1,.71259999,1,1,1,1,1,5,2
16810,0,1,0,,0,,0,1,.71259999,1,1,1,1,1,5,2
16810,0,1,0,,0,,0,1,.71259999,1,1,1,1,1,5,2
16813,0,1,0,1,0,1,0,1,.4183,1,1,1,1,1,5,2
16819,1,5,1,2,0,,1,5,1,,5,4,1,5,2,4
16819,1,5,1,2,0,,1,5,1,,5,4,1,5,2,4
16840,0,1,1,2,0,,0,1,.71460003,1,1,4,1,1,5,3
16840,0,1,1,2,0,,0,1,.71460003,1,1,4,1,1,5,3
16850,0,1,0,1,0,,0,1,.61150002,1,1,1,1,1,5,2
16850,0,1,0,1,0,,0,1,.61150002,1,1,1,1,1,5,2
16860,0,1,3,3,0,1,0,1,.66320002,1,1,4,1,1,5,3
16866,0,,53,5,0,1,0,,1,,1,5,1,1,2,2
16869,0,,0,,0,1,0,,1,,1,1,1,1,2,2
16870,0,,1,2,0,1,0,,1,,1,4,1,1,2,2
16880,0,1,120,5,0,,0,1,.7809,1,1,5,1,1,5,3
16880,0,1,120,5,0,,0,1,.7809,1,1,5,1,1,5,3
16880,0,1,120,5,0,,0,1,.7809,1,1,5,1,1,5,3
16888,0,,0,,0,,0,,1,,1,1,1,1,2,2
16888,0,,0,,0,,0,,1,,1,1,1,1,2,2
16888,0,,0,,0,,0,,1,,1,1,1,1,2,2
16889,0,,4,4,0,1,0,,1,,1,4,1,1,2,2
16900,0,1,8,4,0,1,0,1,.5747,1,1,5,1,1,5,3
16908,0,,1,2,0,1,0,,1,,1,4,1,1,2,2
16909,0,,3,3,0,1,0,,1,,1,4,1,1,2,2
16910,0,,0,,0,1,0,,1,,1,1,1,1,2,2
52105,0,,0,,1,4,0,,1,,1,1,5,1,2,2
52764,0,,0,,1,4,0,,1,,1,1,5,1,2,2
52780,0,,0,,1,4,0,,1,,1,1,5,1,2,2
52786,0,,0,,1,4,0,,1,,1,1,5,1,2,2
52787,0,,0,,1,4,0,,1,,1,1,5,1,2,2
52927,0,,0,,2,5,0,,1,,1,1,5,1,2,2
53000,0,,0,,2,5,0,,1,,1,1,5,1,2,2
53050,0,,0,,1,4,0,,1,,1,1,5,1,2,2
53100,0,,0,,6,5,0,,1,,1,1,5,1,2,2
53160,0,,0,,1,4,0,,1,,1,1,5,1,2,2
53200,0,,0,,1,4,0,,1,,1,1,5,1,2,2
53310,0,,0,,1,4,0,,1,,1,1,5,1,2,2
53370,0,,0,,1,4,0,,1,,1,1,5,1,2,2
53398,0,,0,,4,5,0,,1,,1,1,5,1,2,2
53489,0,,0,,1,4,0,,1,,1,1,5,1,2,2
53910,0,,0,,1,4,0,,1,,1,1,5,1,2,2
54000,0,,0,,1,4,0,,1,,1,1,5,1,2,2
54015,0,,0,,2,5,0,,1,,1,1,5,1,2,2
54020,0,,0,,3,5,0,,1,,1,1,5,1,2,2
54080,0,,0,,1,4,0,,1,,1,1,5,1,2,2
54150,0,,0,,1,4,0,,1,,1,1,5,1,2,2
54180,0,,0,,1,4,0,,1,,1,1,5,1,2,2
54720,0,,0,,1,4,0,,1,,1,1,5,1,2,2
54730,0,,0,,1,4,0,,1,,1,1,5,1,2,2
54745,0,,0,,6,5,0,,1,,1,1,5,1,2,2
54769,0,,0,,2,5,0,,1,,1,1,5,1,2,2
54879,0,,0,,1,4,0,,1,,1,1,5,1,2,2
54900,0,,0,,3,5,0,,1,,1,1,5,1,2,2
54913,0,,0,,1,4,0,,1,,1,1,5,1,2,2
54949,0,,0,,1,4,0,,1,,1,1,5,1,2,2
55000,0,,0,,1,4,0,,1,,1,1,5,1,2,2
55070,0,,0,,1,4,0,,1,,1,1,5,1,2,2
55280,0,,0,,2,5,0,,1,,1,1,5,1,2,2
55349,0,,0,,2,5,0,,1,,1,1,5,1,2,2
55390,0,,0,,1,4,0,,1,,1,1,5,1,2,2
55700,0,,0,,1,4,0,,1,,1,1,5,1,2,2
55719,0,,0,,1,4,0,,1,,1,1,5,1,2,2
55760,0,,0,,1,4,0,,1,,1,1,5,1,2,2
56400,0,,0,,1,4,0,,1,,1,1,5,1,2,2
56615,0,,0,,2,5,0,,1,,1,1,5,1,2,2
56619,0,,0,,1,4,0,,1,,1,1,5,1,2,2
57100,0,,0,,4,5,0,,1,,1,1,5,1,2,2
57120,0,,0,,1,4,0,,1,,1,1,5,1,2,2
57170,0,,0,,3,5,0,,1,,1,1,5,1,2,2
57185,0,,0,,1,4,0,,1,,1,1,5,1,2,2
57200,0,,0,,2,5,0,,1,,1,1,5,1,2,2
57310,0,,0,,1,4,0,,1,,1,1,5,1,2,2
