codigo,basureros,rank_basureros,reporte_falta_agua,rank_reporteagua,reportesretio,rank_reporteretio,aguaresidual,rank_aguaresidual,adecuacinsanitaria,rank_adecuacionsanitaria,dup,fbasureros,freporte_falta_agua,freportesretio,faguaresidual,fadecuacinsanitaria,ranking
0,0,,0,,275,5,0,,0,,0,1,1,5,1,1,2
951,0,,1,2,0,,0,,0,,0,1,3,1,1,1,2
1000,0,1,1,2,11,5,1,5,.9932,5,0,1,3,5,5,5,4
1010,0,1,0,1,5,5,0,1,.9932,5,0,1,1,5,1,5,3
1020,0,1,0,1,0,1,0,1,.99690002,5,0,1,1,1,1,5,2
1028,0,,0,,0,1,0,,0,,0,1,1,1,1,1,2
1029,0,,0,,0,1,0,,0,,0,1,1,1,1,1,2
1040,0,1,1,2,0,1,0,1,.99479997,5,0,1,3,1,1,5,3
1048,0,1,0,1,0,1,0,1,.98449999,4,0,1,1,1,1,5,2
1049,0,1,0,1,0,1,0,1,.9041,3,0,1,1,1,1,3,2
1050,0,1,0,1,1,4,0,1,.9982,5,0,1,1,4,1,5,3
1070,0,1,0,1,0,1,0,1,.995,5,0,1,1,1,1,5,2
1080,0,1,1,2,12,5,0,1,.95490003,4,0,1,3,5,1,4,3
1089,0,1,0,1,0,1,0,1,.99790001,5,0,1,1,1,1,5,2
1109,0,1,0,1,0,1,0,1,.90310001,3,0,1,1,1,1,3,2
1116,0,,0,,0,1,0,,0,,0,1,1,1,1,1,2
1125,0,1,0,1,0,1,0,1,.95859998,4,0,1,1,1,1,4,2
1139,0,1,0,1,0,1,0,1,.88330001,2,0,1,1,1,1,3,2
1159,0,,0,,0,1,0,,0,,0,1,1,1,1,1,2
1184,0,,0,,0,1,0,,0,,0,1,1,1,1,1,2
1200,0,1,0,1,0,1,0,1,.90740001,3,0,1,1,1,1,4,2
1209,0,,0,,0,1,0,,0,,0,1,1,1,1,1,2
1210,0,1,5,4,0,1,0,1,.9993,5,0,1,4,1,1,5,3
1219,0,1,0,1,7,5,0,1,.99620003,5,0,1,1,5,1,5,3
1239,0,1,0,1,0,1,0,1,.94389999,3,0,1,1,1,1,4,2
1240,0,1,0,1,0,1,0,1,.94199997,3,0,1,1,1,1,4,2
1275,0,1,0,1,0,1,0,1,.80110002,1,0,1,1,1,1,3,2
1276,0,1,0,1,0,1,0,1,.96130002,4,0,1,1,1,1,4,2
1278,0,1,0,1,0,1,0,1,.84979999,2,0,1,1,1,1,3,2
1279,0,1,0,1,0,1,0,1,.88419998,2,0,1,1,1,1,3,2
1285,0,1,0,1,0,1,0,1,.90799999,3,0,1,1,1,1,4,2
1289,0,1,0,1,0,1,0,1,.94270003,3,0,1,1,1,1,4,2
1298,0,1,0,1,0,1,0,1,.9501,4,0,1,1,1,1,4,2
1310,0,1,0,1,0,1,0,1,.86519998,2,0,1,1,1,1,3,2
1320,0,1,2,3,0,1,0,1,.88129997,2,0,1,4,1,1,3,2
1329,0,,0,,1,4,0,,0,,0,1,1,4,1,1,2
1330,0,1,0,1,0,1,0,1,.98689997,4,0,1,1,1,1,5,2
1340,0,1,1,2,2,5,0,1,.94660002,3,0,1,3,5,1,4,3
1377,0,1,0,1,0,1,0,1,.90210003,2,0,1,1,1,1,3,2
1379,0,,0,,0,1,0,,0,,0,1,1,1,1,1,2
1389,0,,0,,0,1,0,,0,,0,1,1,1,1,1,2
1407,0,1,0,1,0,1,0,1,.88700002,2,0,1,1,1,1,3,2
1408,0,1,0,1,0,1,0,1,.90069997,2,0,1,1,1,1,3,2
1419,1,5,0,1,0,1,1,5,.92320001,3,0,5,1,1,5,4,4
1430,0,1,0,1,1,4,0,1,.99809998,5,0,1,1,4,1,5,3
1440,0,,0,,0,1,0,,0,,0,1,1,1,1,1,2
1460,1,5,0,1,0,1,0,1,.9867,4,0,5,1,1,1,5,3
1480,0,1,0,1,3,5,0,1,.99790001,5,0,1,1,5,1,5,3
1504,0,,0,,0,1,0,,0,,0,1,1,1,1,1,2
1505,0,,0,,0,1,0,,0,,0,1,1,1,1,1,2
1506,0,,0,,0,1,0,,0,,0,1,1,1,1,1,2
1507,0,,0,,0,1,0,,0,,0,1,1,1,1,1,2
1508,0,,0,,0,1,0,,0,,0,1,1,1,1,1,2
1509,0,1,0,1,0,1,0,1,.87599999,2,0,1,1,1,1,3,2
1530,0,1,0,1,0,1,0,1,.91320002,3,0,1,1,1,1,4,2
1537,0,,0,,0,1,0,,0,,0,1,1,1,1,1,2
1538,0,1,0,1,1,4,0,1,.92790002,3,0,1,1,4,1,4,3
1548,0,1,0,1,0,1,0,1,.8804,2,0,1,1,1,1,3,2
1549,0,1,0,1,0,1,0,1,.87339997,2,0,1,1,1,1,3,2
1566,0,1,0,1,0,1,0,1,.99159998,5,0,1,1,1,1,5,2
1567,0,1,0,1,0,1,0,1,.8926,2,0,1,1,1,1,3,2
1569,0,1,0,1,0,1,0,1,.94370002,3,0,1,1,1,1,4,2
1585,0,,0,,0,1,0,,0,,0,1,1,1,1,1,2
1586,0,,0,,0,1,0,,0,,0,1,1,1,1,1,2
1587,0,,0,,0,1,0,,0,,0,1,1,1,1,1,2
1588,0,1,0,1,0,1,0,1,.95190001,4,0,1,1,1,1,4,2
1589,0,,0,,0,1,0,,0,,0,1,1,1,1,1,2
1590,0,1,0,1,0,1,0,1,1,5,0,1,1,1,1,5,2
1620,0,1,0,1,1,4,0,1,.98689997,4,0,1,1,4,1,5,3
1640,1,5,0,1,0,1,0,1,.9817,4,0,5,1,1,1,5,3
1645,0,1,0,1,0,1,0,1,.93229997,3,0,1,1,1,1,4,2
1720,0,1,0,1,2,5,0,1,.99089998,5,0,1,1,5,1,5,3
1729,0,1,0,1,5,5,0,1,.98140001,4,0,1,1,5,1,5,3
1759,0,1,0,1,0,1,0,1,.87589997,2,0,1,1,1,1,3,2
1788,0,,0,,0,1,0,,0,,0,1,1,1,1,1,2
1789,0,1,0,1,0,1,0,1,.77060002,1,0,1,1,1,1,3,2
1800,1,5,504,5,0,1,0,1,.7403,1,0,5,5,1,1,3,3
1807,0,1,0,1,0,1,0,1,.9598,4,0,1,1,1,1,4,2
1810,0,1,0,1,3,5,1,5,.99659997,5,0,1,1,5,5,5,4
1830,0,1,647,5,0,1,0,1,.55809999,1,0,1,5,1,1,2,2
1840,0,1,0,1,0,1,0,1,.88300002,2,0,1,1,1,1,3,2
1856,0,,0,,0,1,0,,0,,0,1,1,1,1,1,2
1857,0,1,0,1,0,1,0,1,.81779999,2,0,1,1,1,1,3,2
1859,0,1,0,1,0,1,0,1,.7026,1,0,1,1,1,1,3,2
1860,0,1,0,1,0,1,0,1,.8714,2,0,1,1,1,1,3,2
1863,0,,0,,0,1,0,,0,,0,1,1,1,1,1,2
1870,0,1,0,1,2,5,0,1,.86220002,2,0,1,1,5,1,3,3
1900,1,5,0,1,29,5,0,1,.9939,5,0,5,1,5,1,5,4
1904,0,1,0,1,0,1,0,1,.96939999,4,0,1,1,1,1,4,2
1940,0,,0,,0,1,0,,0,,0,1,1,1,1,1,2
1990,0,,0,,0,1,0,,0,,0,1,1,1,1,1,2
2000,0,1,5,4,1,4,0,1,.96249998,4,0,1,4,4,1,4,3
2008,0,,0,,0,1,0,,0,,0,1,1,1,1,1,2
2090,0,1,11,4,0,1,0,1,.97350001,4,0,1,5,1,1,4,3
2099,0,1,3,3,0,1,0,1,.9152,3,0,1,4,1,1,4,3
2120,0,1,10,4,0,1,0,1,.95609999,4,0,1,5,1,1,4,3
2125,0,1,20,5,0,1,0,1,.95609999,4,0,1,5,1,1,4,3
2127,0,,0,,0,1,0,,0,,0,1,1,1,1,1,2
2128,0,1,0,1,0,1,0,1,.99690002,5,0,1,1,1,1,5,2
2129,0,1,1,2,0,1,0,1,.89039999,2,0,1,3,1,1,3,2
2130,0,1,0,1,0,1,0,1,.88150001,2,0,1,1,1,1,3,2
2140,0,1,0,1,0,1,0,1,.87510002,2,0,1,1,1,1,3,2
2160,0,1,4,4,0,1,0,1,.9788,4,0,1,4,1,1,5,3
2169,0,,0,,0,1,0,,0,,0,1,1,1,1,1,2
2200,1,5,2,3,0,1,0,1,.94559997,3,0,5,4,1,1,4,3
2230,0,1,9,4,0,1,0,1,.94529998,3,0,1,5,1,1,4,3
2250,0,1,8,4,0,1,0,1,.90920001,3,0,1,4,1,1,4,3
2260,0,,0,,0,1,0,,0,,0,1,1,1,1,1,2
2300,0,1,33,5,3,5,0,1,.861,2,0,1,5,5,1,3,3
2310,0,1,9,4,0,1,0,1,.81720001,2,0,1,5,1,1,3,2
2320,0,1,0,1,1,4,0,1,.9357,3,0,1,1,4,1,4,3
2330,0,1,0,1,0,1,0,1,.92769998,3,0,1,1,1,1,4,2
2340,0,1,0,1,0,1,0,1,.71130002,1,0,1,1,1,1,3,2
2350,0,,0,,0,1,0,,0,,0,1,1,1,1,1,2
2360,0,1,9,4,0,1,0,1,.74409997,1,0,1,5,1,1,3,2
2409,0,,0,,0,1,0,,0,,0,1,1,1,1,1,2
2410,0,1,6,4,0,1,0,1,.99870002,5,0,1,4,1,1,5,3
2419,0,,0,,0,1,0,,0,,0,1,1,1,1,1,2
2430,0,,0,,0,1,0,,0,,0,1,1,1,1,1,2
2440,0,1,8,4,0,1,0,1,.90990001,3,0,1,4,1,1,4,3
2459,0,1,13,4,0,1,0,1,.95190001,4,0,1,5,1,1,4,3
2470,0,1,3,3,0,1,0,1,.91530001,3,0,1,4,1,1,4,3
2479,0,,0,,0,1,0,,0,,0,1,1,1,1,1,2
2480,0,1,4,4,0,1,0,1,.98989999,5,0,1,4,1,1,5,3
2500,0,1,0,1,0,1,0,1,.99659997,5,0,1,1,1,1,5,2
2519,0,1,0,1,0,1,0,1,.9199,3,0,1,1,1,1,4,2
2520,0,,0,,0,1,0,,0,,0,1,1,1,1,1,2
2525,0,,0,,0,1,0,,0,,0,1,1,1,1,1,2
2530,0,1,0,1,0,1,0,1,.97140002,4,0,1,1,1,1,4,2
2540,0,,0,,0,1,0,,0,,0,1,1,1,1,1,2
2600,0,1,1,2,0,1,0,1,.95200002,4,0,1,3,1,1,4,2
2640,0,1,0,1,0,1,0,1,.9077,3,0,1,1,1,1,4,2
2650,0,1,4,4,0,1,0,1,.96359998,4,0,1,4,1,1,4,3
2660,0,1,0,1,0,1,0,1,.91869998,3,0,1,1,1,1,4,2
2670,0,1,6,4,0,1,0,1,.92309999,3,0,1,4,1,1,4,3
2680,0,1,0,1,0,1,0,1,.91600001,3,0,1,1,1,1,4,2
2700,0,1,13,4,0,1,0,1,.85759997,2,0,1,5,1,1,3,2
2718,0,,0,,0,1,0,,0,,0,1,1,1,1,1,2
2719,0,1,1,2,1,4,0,1,.83829999,2,0,1,3,4,1,3,3
2729,0,,0,,0,1,0,,0,,0,1,1,1,1,1,2
2730,0,1,27,5,0,1,0,1,.97030002,4,0,1,5,1,1,4,3
2739,0,,0,,0,1,0,,0,,0,1,1,1,1,1,2
2770,0,1,0,1,0,1,0,1,.82669997,2,0,1,1,1,1,3,2
2780,0,1,0,1,0,1,0,1,.93589997,3,0,1,1,1,1,4,2
2790,1,5,32,5,0,1,0,1,.94709998,3,0,5,5,1,1,4,4
2800,0,1,25,5,0,1,0,1,.99669999,5,0,1,5,1,1,5,3
2820,0,,0,,1,4,0,,0,,0,1,1,4,1,1,2
2850,0,1,1,2,0,1,0,1,.94959998,3,0,1,3,1,1,4,2
2860,0,1,9,4,4,5,0,1,.94959998,3,0,1,5,5,1,4,3
2870,0,1,3,3,0,1,0,1,.97000003,4,0,1,4,1,1,4,3
2900,0,1,0,1,0,1,0,1,.90859997,3,0,1,1,1,1,4,2
2910,0,1,3,3,0,1,0,1,.92570001,3,0,1,4,1,1,4,3
2920,0,1,2,3,0,1,0,1,.96069998,4,0,1,4,1,1,4,3
2930,0,1,0,1,0,1,0,1,.91339999,3,0,1,1,1,1,4,2
2940,0,1,0,1,0,1,0,1,.95969999,4,0,1,1,1,1,4,2
2950,0,1,17,4,0,1,0,1,.93409997,3,0,1,5,1,1,4,3
2960,0,1,1,2,0,1,0,1,.76249999,1,0,1,3,1,1,3,2
2970,0,1,0,1,0,1,0,1,.85949999,2,0,1,1,1,1,3,2
2990,0,1,3,3,3,5,0,1,.96749997,4,0,1,4,5,1,4,3
3000,0,1,9,4,3,5,0,1,.99699998,5,0,1,5,5,1,5,4
3010,0,1,5,4,0,1,0,1,.99519998,5,0,1,4,1,1,5,3
3027,0,,0,,0,1,0,,0,,0,1,1,1,1,1,2
3028,0,,0,,0,1,0,,0,,0,1,1,1,1,1,2
3103,0,1,19,5,0,1,0,1,.99769998,5,0,1,5,1,1,5,3
3104,0,1,27,5,0,1,0,1,.99720001,5,0,1,5,1,1,5,3
3109,0,,0,,0,1,0,,0,,0,1,1,1,1,1,2
3199,0,,1,2,0,1,0,,0,,0,1,3,1,1,1,2
3200,0,1,21,5,4,5,0,1,.99129999,5,0,1,5,5,1,5,4
3219,0,,0,,0,1,0,,0,,0,1,1,1,1,1,2
3220,0,,0,,0,1,0,,0,,0,1,1,1,1,1,2
3229,0,,0,,0,1,0,,0,,0,1,1,1,1,1,2
3230,0,1,4,4,5,5,0,1,.99760002,5,0,1,4,5,1,5,3
3240,1,5,13,4,3,5,0,1,1,5,0,5,5,5,1,5,5
3300,0,1,8,4,7,5,1,5,.99250001,5,0,1,4,5,5,5,4
3303,0,1,5,4,0,1,0,1,.99059999,5,0,1,4,1,1,5,3
3310,0,1,19,5,3,5,1,5,.98150003,4,0,1,5,5,5,5,5
3311,0,1,0,1,0,,1,5,0,,0,1,1,1,5,1,3
3313,0,,0,,0,1,0,,0,,0,1,1,1,1,1,2
3319,1,5,1,2,0,1,0,1,0,,0,5,3,1,1,1,3
3320,0,1,1,2,1,4,0,1,.95340002,4,0,1,3,4,1,4,3
3330,0,1,0,1,0,1,0,1,.97310001,4,0,1,1,1,1,4,2
3339,0,,0,,0,1,0,,0,,0,1,1,1,1,1,2
3340,0,1,0,1,3,5,0,1,.99620003,5,0,1,1,5,1,5,3
3410,0,1,1,2,0,1,0,1,.99129999,5,0,1,3,1,1,5,3
3420,0,1,1,2,0,1,0,1,.99559999,5,0,1,3,1,1,5,3
3430,0,1,0,1,1,4,0,1,.9921,5,0,1,1,4,1,5,3
3440,0,1,3,3,0,1,1,5,.96380001,4,0,1,4,1,5,4,4
3500,1,5,10,4,4,5,0,1,.99409997,5,0,5,5,5,1,5,5
3510,0,1,8,4,0,1,0,1,.99440002,5,0,1,4,1,1,5,3
3520,0,1,1,2,1,4,0,1,.99669999,5,0,1,3,4,1,5,3
3530,1,5,0,1,1,4,0,1,.99010003,5,0,5,1,4,1,5,4
3540,0,1,2,3,1,4,0,1,.99349999,5,0,1,4,4,1,5,3
3550,0,1,2,3,0,1,0,1,.9921,5,0,1,4,1,1,5,3
3560,0,1,0,1,0,1,0,1,.99250001,5,0,1,1,1,1,5,2
3570,0,1,21,5,1,4,0,1,.99290001,5,0,1,5,4,1,5,3
3580,0,1,1,2,1,4,0,1,.99370003,5,0,1,3,4,1,5,3
3590,0,1,1,2,3,5,0,1,1,5,0,1,3,5,1,5,3
3600,0,1,5,4,0,1,0,1,.99430001,5,0,1,4,1,1,5,3
3610,0,1,38,5,0,1,0,1,.99129999,5,0,1,5,1,1,5,3
3620,0,1,0,1,0,1,0,1,.99349999,5,0,1,1,1,1,5,2
3630,0,1,6,4,0,1,0,1,.9896,4,0,1,4,1,1,5,3
3640,0,1,6,4,0,1,0,1,1,5,0,1,4,1,1,5,3
3650,1,5,1,2,2,5,0,1,.99919999,5,0,5,3,5,1,5,4
3660,1,5,7,4,0,1,0,1,.98760003,4,0,5,4,1,1,5,4
3700,0,1,1,2,1,4,0,1,.99589998,5,0,1,3,4,1,5,3
3710,1,5,1,2,2,5,0,1,.98930001,4,0,5,3,5,1,5,4
3720,0,1,0,1,0,1,0,1,.99989998,5,0,1,1,1,1,5,2
3730,0,1,1,2,1,4,0,1,.98040003,4,0,1,3,4,1,5,3
3740,0,1,6,4,0,1,0,1,.99760002,5,0,1,4,1,1,5,3
3800,0,1,0,1,5,5,0,1,.99659997,5,0,1,1,5,1,5,3
3809,0,,0,,0,1,0,,0,,0,1,1,1,1,1,2
3810,1,5,6,4,2,5,0,1,.9975,5,0,5,4,5,1,5,4
3818,0,,0,,0,1,0,,0,,0,1,1,1,1,1,2
3819,0,,0,,0,1,0,,0,,0,1,1,1,1,1,2
3820,0,1,3,3,2,5,0,1,.98629999,4,0,1,4,5,1,5,3
3840,0,1,0,1,0,1,0,1,.98869997,4,0,1,1,1,1,5,2
3849,0,,0,,0,1,0,,0,,0,1,1,1,1,1,2
3900,0,1,0,1,0,1,0,1,.9964,5,0,1,1,1,1,5,2
3910,0,1,3,3,3,5,0,1,.99199998,5,0,1,4,5,1,5,3
3920,1,5,7,4,1,4,0,1,.99860001,5,0,5,4,4,1,5,4
3930,0,1,3,3,1,4,0,1,.99610001,5,0,1,4,4,1,5,3
3940,0,1,0,1,0,1,0,1,.99529999,5,0,1,1,1,1,5,2
3949,0,,0,,0,1,0,,0,,0,1,1,1,1,1,2
4000,0,1,21,5,0,1,0,1,.9921,5,0,1,5,1,1,5,3
4009,0,,0,,0,1,0,,0,,0,1,1,1,1,1,2
4010,0,1,0,1,2,5,0,1,.98659998,4,0,1,1,5,1,5,3
4020,0,1,1,2,0,1,0,1,.9971,5,0,1,3,1,1,5,3
4030,0,1,0,1,0,1,0,1,.97579998,4,0,1,1,1,1,5,2
4040,0,1,10,4,1,4,0,1,.9975,5,0,1,5,4,1,5,3
4100,0,1,16,4,1,4,0,1,.99190003,5,0,1,5,4,1,5,3
4110,0,,1,2,0,1,0,,0,,0,1,3,1,1,1,2
4129,0,,0,,0,1,0,,0,,0,1,1,1,1,1,2
4200,0,1,2,3,1,4,0,1,.99730003,5,0,1,4,4,1,5,3
4210,0,1,0,1,0,1,0,1,.9982,5,0,1,1,1,1,5,2
4230,0,1,4,4,0,1,0,1,.97909999,4,0,1,4,1,1,5,3
4239,0,,0,,0,1,0,,0,,0,1,1,1,1,1,2
4240,0,1,0,1,0,1,0,1,.96640003,4,0,1,1,1,1,4,2
4250,0,1,1,2,0,1,0,1,.9928,5,0,1,3,1,1,5,3
4259,0,,0,,0,1,0,,0,,0,1,1,1,1,1,2
4270,0,,0,,1,4,0,,0,,0,1,1,4,1,1,2
4280,0,,0,,1,4,0,,0,,0,1,1,4,1,1,2
4300,0,1,560,5,1,4,0,1,.83149999,2,0,1,5,4,1,3,3
4307,0,,7,4,0,1,0,,0,,0,1,4,1,1,1,2
4309,0,,0,,0,1,0,,0,,0,1,1,1,1,1,2
4317,0,,0,,0,1,0,,0,,0,1,1,1,1,1,2
4318,0,1,0,1,0,1,0,1,.99150002,5,0,1,1,1,1,5,2
4326,0,,0,,0,1,0,,0,,0,1,1,1,1,1,2
4327,0,,0,,0,1,0,,0,,0,1,1,1,1,1,2
4336,0,,0,,0,1,0,,0,,0,1,1,1,1,1,2
4337,0,,0,,0,1,0,,0,,0,1,1,1,1,1,2
4338,0,,0,,0,1,0,,0,,0,1,1,1,1,1,2
4359,0,,0,,0,1,0,,0,,0,1,1,1,1,1,2
4368,0,,0,,0,1,0,,0,,0,1,1,1,1,1,2
4369,0,1,17,4,1,4,0,1,.84329998,2,0,1,5,4,1,3,3
4400,0,1,1,2,0,1,0,1,.99919999,5,0,1,3,1,1,5,3
4420,0,1,0,1,0,1,0,1,.97869998,4,0,1,1,1,1,5,2
4450,0,1,0,1,0,1,0,1,1,5,0,1,1,1,1,5,2
4489,0,1,1,2,0,1,0,1,.99839997,5,0,1,3,1,1,5,3
4500,0,1,7,4,5,5,0,1,.99849999,5,0,1,4,5,1,5,3
4510,0,,0,,0,1,0,,0,,0,1,1,1,1,1,2
4519,0,1,0,1,0,1,0,1,.97570002,4,0,1,1,1,1,4,2
4530,0,1,2,3,3,5,0,1,.99769998,5,0,1,4,5,1,5,3
4535,0,,0,,0,1,0,,0,,0,1,1,1,1,1,2
4600,0,1,156,5,2,5,0,1,.87230003,2,0,1,5,5,1,3,3
4610,0,1,0,1,1,4,0,1,.9892,4,0,1,1,4,1,5,3
4620,0,1,20,5,3,5,0,1,.94989997,3,0,1,5,5,1,4,3
4630,0,1,304,5,0,1,0,1,.85790002,2,0,1,5,1,1,3,2
4640,1,5,1,2,0,1,0,1,.9975,5,0,5,3,1,1,5,4
4710,0,1,4,4,0,1,0,1,.99559999,5,0,1,4,1,1,5,3
4718,0,,0,,0,1,0,,0,,0,1,1,1,1,1,2
4720,0,,0,,0,1,0,,0,,0,1,1,1,1,1,2
4729,0,,0,,0,1,0,,0,,0,1,1,1,1,1,2
4739,0,1,0,1,2,5,0,1,.97689998,4,0,1,1,5,1,5,3
4810,0,1,0,1,0,1,0,1,.99900001,5,0,1,1,1,1,5,2
4815,0,,10,4,0,1,0,,0,,0,1,5,1,1,1,2
4840,0,,5,4,0,1,0,,0,,0,1,4,1,1,1,2
4843,0,,0,,0,1,0,,0,,0,1,1,1,1,1,2
4849,0,,0,,0,1,0,,0,,0,1,1,1,1,1,2
4850,0,,0,,0,1,0,,0,,0,1,1,1,1,1,2
4859,0,,0,,0,1,0,,0,,0,1,1,1,1,1,2
4899,0,1,2,3,0,1,0,1,.96160001,4,0,1,4,1,1,4,3
4908,0,,0,,0,1,0,,0,,0,1,1,1,1,1,2
4910,0,1,1,2,2,5,0,1,.87849998,2,0,1,3,5,1,3,3
4918,0,1,2,3,0,1,0,1,.99769998,5,0,1,4,1,1,5,3
4919,0,1,0,1,0,1,0,1,.97399998,4,0,1,1,1,1,4,2
4920,0,1,11,4,8,5,0,1,.99949998,5,0,1,5,5,1,5,4
4921,0,,1,2,0,1,0,,0,,0,1,3,1,1,1,2
4929,0,1,0,1,0,1,0,1,1,5,0,1,1,1,1,5,2
4930,0,1,0,1,1,4,0,1,1,5,0,1,1,4,1,5,3
4938,0,1,1,2,0,1,0,1,.99919999,5,0,1,3,1,1,5,3
4939,0,1,0,1,0,1,0,1,.99910003,5,0,1,1,1,1,5,2
4940,0,1,0,1,0,1,0,1,1,5,0,1,1,1,1,5,2
4950,0,1,0,1,0,1,0,1,.99910003,5,0,1,1,1,1,5,2
4960,0,1,0,1,0,1,0,1,.99849999,5,0,1,1,1,1,5,2
4970,0,1,0,1,0,1,0,1,.9982,5,0,1,1,1,1,5,2
5000,0,1,128,5,0,1,0,1,.90079999,2,0,1,5,1,1,3,2
5009,0,,7,4,0,1,0,,0,,0,1,4,1,1,1,2
5010,0,1,15,4,0,1,0,1,.71079999,1,0,1,5,1,1,3,2
5020,0,1,5,4,0,1,0,1,.72799999,1,0,1,4,1,1,3,2
5039,0,1,0,1,0,1,1,5,0,,0,1,1,1,5,1,3
5060,0,,0,,0,1,0,,0,,0,1,1,1,1,1,2
5100,0,1,49,5,0,1,0,1,.89590001,2,0,1,5,1,1,3,2
5109,0,,0,,1,4,0,,0,,0,1,1,4,1,1,2
5110,0,1,9,4,1,4,0,1,.89600003,2,0,1,5,4,1,3,3
5118,0,1,2,3,0,1,0,1,.91869998,3,0,1,4,1,1,4,3
5119,0,1,4,4,0,1,0,1,.98220003,4,0,1,4,1,1,5,3
5126,0,,0,,0,1,0,,0,,0,1,1,1,1,1,2
5128,0,,0,,0,1,0,,0,,0,1,1,1,1,1,2
5130,0,,1,2,0,1,0,,0,,0,1,3,1,1,1,2
5200,0,1,33,5,0,1,0,1,.96990001,4,0,1,5,1,1,4,3
5214,0,,0,,0,1,0,,0,,0,1,1,1,1,1,2
5219,0,1,2,3,0,1,0,1,.95029998,4,0,1,4,1,1,4,3
5220,0,1,0,1,0,1,0,1,.96899998,4,0,1,1,1,1,4,2
5230,0,1,0,1,1,4,0,1,.95139998,4,0,1,1,4,1,4,3
5238,0,,0,,0,1,0,,0,,0,1,1,1,1,1,2
5240,0,1,1,2,0,1,0,1,.98680001,4,0,1,3,1,1,5,3
5249,0,,0,,0,1,0,,0,,0,1,1,1,1,1,2
5260,0,1,23,5,1,4,0,1,.90700001,3,0,1,5,4,1,3,3
5268,0,,0,,0,1,0,,0,,0,1,1,1,1,1,2
5269,0,1,2,3,0,1,0,1,.74519998,1,0,1,4,1,1,3,2
5270,0,1,6,4,0,1,0,1,.93720001,3,0,1,4,1,1,4,3
5280,0,1,2,3,0,1,0,1,.87010002,2,0,1,4,1,1,3,2
5310,0,1,4,4,0,1,0,1,.9576,4,0,1,4,1,1,4,3
5320,0,1,7,4,0,1,1,5,.96920002,4,0,1,4,1,5,4,4
5348,0,1,11,4,0,1,0,1,.98299998,4,0,1,5,1,1,5,3
5349,0,,0,,1,4,0,,0,,0,1,1,4,1,1,2
5360,0,1,0,1,0,1,0,1,.93849999,3,0,1,1,1,1,4,2
5370,0,1,1,2,1,4,0,1,.89090002,2,0,1,3,4,1,3,3
5379,0,1,1,2,0,1,0,1,.8186,2,0,1,3,1,1,3,2
5400,0,1,19,5,0,1,0,1,.87440002,2,0,1,5,1,1,3,2
5500,0,1,34,5,0,1,0,1,.90829998,3,0,1,5,1,1,4,3
5501,1,5,0,1,0,,0,1,0,,0,5,1,1,1,1,2
5520,0,,2,3,0,1,0,,0,,0,1,4,1,1,1,2
5530,0,1,5,4,0,1,0,1,.92769998,3,0,1,4,1,1,4,3
5610,0,1,1,2,0,1,0,1,.4637,1,0,1,3,1,1,2,2
5619,0,,0,,0,1,0,,0,,0,1,1,1,1,1,2
5620,0,,2,3,0,1,0,,0,,0,1,4,1,1,1,2
5700,0,,18,5,1,4,0,,0,,0,1,5,4,1,1,3
5710,0,1,111,5,0,1,0,1,.7665,1,0,1,5,1,1,3,2
5730,0,1,35,5,0,1,0,1,.7992,1,0,1,5,1,1,3,2
5750,0,1,141,5,0,1,0,1,.6261,1,0,1,5,1,1,2,2
5760,0,1,4,4,0,1,0,1,.67049998,1,0,1,4,1,1,2,2
5780,0,1,0,1,0,1,0,1,.58590001,1,0,1,1,1,1,2,2
6000,0,1,10,4,6,5,0,1,.93580002,3,0,1,5,5,1,4,3
6010,0,1,7,4,0,1,0,1,.93580002,3,0,1,4,1,1,4,3
6018,0,,0,,0,1,0,,0,,0,1,1,1,1,1,2
6020,0,1,0,1,0,1,0,1,.93580002,3,0,1,1,1,1,4,2
6030,0,1,0,1,0,1,0,1,.97689998,4,0,1,1,1,1,5,2
6038,0,,0,,0,1,0,,0,,0,1,1,1,1,1,2
6039,0,,0,,0,1,0,,0,,0,1,1,1,1,1,2
6040,0,1,0,1,0,1,0,1,.93580002,3,0,1,1,1,1,4,2
6050,0,1,0,1,0,1,0,1,.93580002,3,0,1,1,1,1,4,2
6057,0,,0,,0,1,0,,0,,0,1,1,1,1,1,2
6058,0,,0,,0,1,0,,0,,0,1,1,1,1,1,2
6060,0,1,0,1,0,1,0,1,.93580002,3,0,1,1,1,1,4,2
6065,0,,0,,0,1,0,,0,,0,1,1,1,1,1,2
6066,0,,0,,0,1,0,,0,,0,1,1,1,1,1,2
6067,0,,0,,0,1,0,,0,,0,1,1,1,1,1,2
6068,0,,0,,0,1,0,,0,,0,1,1,1,1,1,2
6070,0,1,0,1,0,1,0,1,.93580002,3,0,1,1,1,1,4,2
6079,0,,0,,0,1,0,,0,,0,1,1,1,1,1,2
6080,0,1,0,1,0,1,0,1,.93580002,3,0,1,1,1,1,4,2
6090,0,1,0,1,0,1,0,1,.93580002,3,0,1,1,1,1,4,2
6100,0,1,0,1,3,5,0,1,.99699998,5,0,1,1,5,1,5,3
6140,0,1,0,1,1,4,0,1,.99699998,5,0,1,1,4,1,5,3
6170,0,1,0,1,0,1,0,1,.99739999,5,0,1,1,1,1,5,2
6171,0,,0,,0,1,0,,0,,0,1,1,1,1,1,2
6179,0,,0,,0,1,0,,0,,0,1,1,1,1,1,2
6199,0,,0,,0,1,0,,0,,0,1,1,1,1,1,2
6220,0,1,3,3,0,1,0,1,.97579998,4,0,1,4,1,1,5,3
6240,0,1,1,2,1,4,0,1,.96579999,4,0,1,3,4,1,4,3
6250,0,1,0,1,0,1,0,1,.97610003,4,0,1,1,1,1,5,2
6270,0,1,1,2,0,1,0,1,.97119999,4,0,1,3,1,1,4,2
6280,0,1,0,1,0,1,0,1,.9756,4,0,1,1,1,1,4,2
6300,0,1,2,3,3,5,0,1,.97280002,4,0,1,4,5,1,4,3
6302,1,5,0,1,0,,1,5,0,,0,5,1,1,5,1,3
6309,0,,0,,0,1,0,,0,,0,1,1,1,1,1,2
6350,0,1,0,1,0,1,0,1,.9752,4,0,1,1,1,1,4,2
6357,0,,0,,0,1,0,,0,,0,1,1,1,1,1,2
6400,0,1,7,4,2,5,0,1,.97280002,4,0,1,4,5,1,4,3
6430,0,1,1,2,2,5,0,1,.99830002,5,0,1,3,5,1,5,3
6450,0,1,21,5,3,5,0,1,.9598,4,0,1,5,5,1,4,3
6479,0,,0,,0,1,0,,0,,0,1,1,1,1,1,2
6500,0,1,12,4,2,5,0,1,.99589998,5,0,1,5,5,1,5,4
6589,0,,0,,0,1,0,,0,,0,1,1,1,1,1,2
6597,0,,0,,0,1,0,,0,,0,1,1,1,1,1,2
6598,0,,0,,0,1,0,,0,,0,1,1,1,1,1,2
6599,0,,0,,0,1,0,,0,,0,1,1,1,1,1,2
6600,0,1,46,5,5,5,1,5,.9824,4,0,1,5,5,5,5,5
6606,0,,0,,0,1,0,,0,,0,1,1,1,1,1,2
6609,0,,0,,0,1,0,,0,,0,1,1,1,1,1,2
6691,0,,0,,0,1,0,,0,,0,1,1,1,1,1,2
6692,0,,0,,0,1,0,,0,,0,1,1,1,1,1,2
6693,0,,0,,0,1,0,,0,,0,1,1,1,1,1,2
6694,0,,0,,0,1,0,,0,,0,1,1,1,1,1,2
6695,0,,0,,0,1,0,,0,,0,1,1,1,1,1,2
6696,0,,0,,0,1,0,,0,,0,1,1,1,1,1,2
6698,0,,0,,0,1,0,,0,,0,1,1,1,1,1,2
6699,0,,0,,0,1,0,,0,,0,1,1,1,1,1,2
6700,1,5,2,3,7,5,0,1,.97689998,4,0,5,4,5,1,5,4
6703,1,5,0,1,0,,0,1,0,,0,5,1,1,1,1,2
6704,0,,0,,0,1,0,,0,,0,1,1,1,1,1,2
6707,0,,0,,0,1,0,,0,,0,1,1,1,1,1,2
6720,0,1,3,3,3,5,0,1,.98250002,4,0,1,4,5,1,5,3
6724,0,,0,,0,1,0,,0,,0,1,1,1,1,1,2
6725,0,,0,,0,1,0,,0,,0,1,1,1,1,1,2
6727,0,,0,,0,1,0,,0,,0,1,1,1,1,1,2
6728,0,,0,,0,1,0,,0,,0,1,1,1,1,1,2
6729,0,,0,,0,1,0,,0,,0,1,1,1,1,1,2
6740,0,,0,,0,1,0,,0,,0,1,1,1,1,1,2
6780,0,1,0,1,3,5,0,1,.96789998,4,0,1,1,5,1,4,3
6796,0,,0,,0,1,0,,0,,0,1,1,1,1,1,2
6797,0,,0,,0,1,0,,0,,0,1,1,1,1,1,2
6798,0,,0,,0,1,0,,0,,0,1,1,1,1,1,2
6800,0,1,0,1,2,5,0,1,.98009998,4,0,1,1,5,1,5,3
6820,0,1,2,3,1,4,0,1,.97799999,4,0,1,4,4,1,5,3
6840,0,1,0,1,0,1,0,1,.97670001,4,0,1,1,1,1,5,2
6850,0,1,0,1,2,5,0,1,.96700001,4,0,1,1,5,1,4,3
6860,0,1,0,1,1,4,0,1,.96219999,4,0,1,1,4,1,4,3
6870,0,1,0,1,0,1,0,1,.95490003,4,0,1,1,1,1,4,2
6880,0,1,0,1,2,5,0,1,.98720002,4,0,1,1,5,1,5,3
6890,0,1,0,1,0,1,0,1,.96259999,4,0,1,1,1,1,4,2
6900,0,1,2,3,2,5,0,1,.99879998,5,0,1,4,5,1,5,3
6920,0,1,0,1,1,4,0,1,.96740001,4,0,1,1,4,1,4,3
6995,0,,0,,0,1,0,,0,,0,1,1,1,1,1,2
7000,0,1,40,5,2,5,0,1,.96929997,4,0,1,5,5,1,4,3
7020,0,1,16,4,1,4,0,1,.99049997,5,0,1,5,4,1,5,3
7040,0,1,1,2,0,1,0,1,.90509999,3,0,1,3,1,1,3,2
7050,0,1,21,5,0,1,0,1,.80419999,1,0,1,5,1,1,3,2
7058,0,1,1,2,0,1,0,1,.88569999,2,0,1,3,1,1,3,2
7059,0,,5,4,0,1,0,,0,,0,1,4,1,1,1,2
7060,0,1,1,2,0,1,0,1,.9091,3,0,1,3,1,1,4,2
7069,0,1,0,1,0,1,0,1,.9382,3,0,1,1,1,1,4,2
7080,0,1,3,3,0,1,0,1,.7744,1,0,1,4,1,1,3,2
7089,0,1,1,2,0,1,0,1,.83850002,2,0,1,3,1,1,3,2
7109,0,1,2,3,0,1,0,1,.90649998,3,0,1,4,1,1,3,2
7110,0,1,0,1,0,1,0,1,.77340001,1,0,1,1,1,1,3,2
7149,0,1,0,1,0,1,0,1,.81059998,2,0,1,1,1,1,3,2
7160,0,1,24,5,0,1,0,1,.86159998,2,0,1,5,1,1,3,2
7170,0,1,10,4,0,1,0,1,.82660002,2,0,1,5,1,1,3,2
7183,0,1,3,3,0,1,0,1,.60799998,1,0,1,4,1,1,2,2
7187,0,1,1,2,0,1,0,1,.59140003,1,0,1,3,1,1,2,2
7188,0,1,10,4,0,1,0,1,.70230001,1,0,1,5,1,1,3,2
7189,0,1,1,2,0,1,0,1,.63349998,1,0,1,3,1,1,2,2
7190,0,1,27,5,0,1,0,1,.85860002,2,0,1,5,1,1,3,2
7199,0,1,1,2,0,1,0,1,.75160003,1,0,1,3,1,1,3,2
7200,0,1,22,5,0,1,0,1,.85149997,2,0,1,5,1,1,3,2
7207,0,1,1,2,0,1,0,1,.9095,3,0,1,3,1,1,4,2
7208,0,,0,,0,1,0,,0,,0,1,1,1,1,1,2
7209,0,1,1,2,0,1,0,1,.90399998,3,0,1,3,1,1,3,2
7210,0,1,14,4,0,1,0,1,.88419998,2,0,1,5,1,1,3,2
7214,0,1,1,2,0,1,0,1,.79890001,1,0,1,3,1,1,3,2
7224,0,1,0,1,0,1,0,1,.53869998,1,0,1,1,1,1,2,2
7230,0,1,11,4,0,1,0,1,.93430001,3,0,1,5,1,1,4,3
7239,0,1,0,1,0,1,0,1,.95230001,4,0,1,1,1,1,4,2
7240,0,1,2,3,0,1,0,1,.83609998,2,0,1,4,1,1,3,2
7250,0,1,2,3,0,1,0,1,.82880002,2,0,1,4,1,1,3,2
7259,0,1,0,1,0,1,0,1,.70630002,1,0,1,1,1,1,3,2
7268,0,1,5,4,0,1,0,1,.98790002,4,0,1,4,1,1,5,3
7269,0,,0,,0,1,0,,0,,0,1,1,1,1,1,2
7270,0,1,0,1,0,1,0,1,.99879998,5,0,1,1,1,1,5,2
7279,0,1,8,4,0,1,0,1,.99550003,5,0,1,4,1,1,5,3
7290,0,1,4,4,0,1,0,1,.81980002,2,0,1,4,1,1,3,2
7309,0,,0,,0,1,0,,0,,0,1,1,1,1,1,2
7310,0,1,6,4,0,1,0,1,.75080001,1,0,1,4,1,1,3,2
7323,0,,0,,0,1,0,,0,,0,1,1,1,1,1,2
7326,0,,0,,0,1,0,,0,,0,1,1,1,1,1,2
7327,0,,0,,0,1,0,,0,,0,1,1,1,1,1,2
7328,0,,0,,0,1,0,,0,,0,1,1,1,1,1,2
7329,0,,29,5,0,1,0,,0,,0,1,5,1,1,1,2
7330,0,1,3,3,0,1,0,1,.9619,4,0,1,4,1,1,4,3
7349,0,,1,2,0,1,0,,0,,0,1,3,1,1,1,2
7359,0,1,2,3,0,1,0,1,.76749998,1,0,1,4,1,1,3,2
7363,0,,39,5,0,1,0,,0,,0,1,5,1,1,1,2
7369,0,1,25,5,2,5,0,1,.98220003,4,0,1,5,5,1,5,4
7370,0,1,1,2,0,1,0,1,.93760002,3,0,1,3,1,1,4,2
7400,0,1,10,4,0,1,0,1,.9508,4,0,1,5,1,1,4,3
7430,0,1,0,1,0,1,0,1,.92150003,3,0,1,1,1,1,4,2
7440,0,1,5,4,0,1,0,1,.96439999,4,0,1,4,1,1,4,3
7450,0,1,29,5,0,1,0,1,.99900001,5,0,1,5,1,1,5,3
7455,0,1,1,2,0,1,0,1,1,5,0,1,3,1,1,5,3
7458,0,,1,2,0,1,0,,0,,0,1,3,1,1,1,2
7459,0,,5,4,0,1,0,,0,,0,1,4,1,1,1,2
7460,0,1,6,4,0,1,0,1,.92919999,3,0,1,4,1,1,4,3
7469,0,1,64,5,0,1,0,1,.94010001,3,0,1,5,1,1,4,3
7470,0,1,0,1,0,1,0,1,.99779999,5,0,1,1,1,1,5,2
7480,0,1,3,3,0,1,0,1,.98909998,4,0,1,4,1,1,5,3
7500,0,1,30,5,0,1,0,1,.90490001,3,0,1,5,1,1,3,2
7510,0,1,9,4,0,1,0,1,.83960003,2,0,1,5,1,1,3,2
7520,0,1,29,5,0,1,0,1,.90200001,2,0,1,5,1,1,3,2
7540,0,1,407,5,0,1,1,5,.95370001,4,0,1,5,1,5,4,4
7548,0,,1,2,0,1,0,,0,,0,1,3,1,1,1,2
7550,0,1,66,5,0,1,0,1,.85570002,2,0,1,5,1,1,3,2
7560,0,1,64,5,0,1,0,1,.85900003,2,0,1,5,1,1,3,2
7570,0,1,9,4,0,1,0,1,.99239999,5,0,1,5,1,1,5,3
7580,0,1,265,5,1,4,0,1,.91500002,3,0,1,5,4,1,4,3
7600,0,1,2,3,0,1,0,1,.96640003,4,0,1,4,1,1,4,3
7620,0,1,11,4,0,1,0,1,.96700001,4,0,1,5,1,1,4,3
7630,0,1,4,4,0,1,1,5,.93370003,3,0,1,4,1,5,4,4
7640,0,1,2,3,0,1,0,1,.95639998,4,0,1,4,1,1,4,3
7650,0,1,0,1,1,4,0,1,.95910001,4,0,1,1,4,1,4,3
7660,0,,2,3,0,1,0,,0,,0,1,4,1,1,1,2
7670,0,1,1,2,0,1,0,1,.93260002,3,0,1,3,1,1,4,2
7680,0,1,0,1,0,1,0,1,.94669998,3,0,1,1,1,1,4,2
7707,1,5,1,2,0,1,0,1,.99019998,5,0,5,3,1,1,5,4
7708,0,1,0,1,0,1,0,1,.99730003,5,0,1,1,1,1,5,2
7709,0,,0,,0,1,0,,0,,0,1,1,1,1,1,2
7710,0,,0,,0,1,0,,0,,0,1,1,1,1,1,2
7720,0,1,0,1,0,1,0,1,.99800003,5,0,1,1,1,1,5,2
7729,0,1,0,1,0,,1,5,0,,0,1,1,1,5,1,3
7738,0,,0,,0,1,0,,0,,0,1,1,1,1,1,2
7739,0,1,0,1,0,1,0,1,.98619998,4,0,1,1,1,1,5,2
7740,0,1,0,1,0,1,0,1,.99629998,5,0,1,1,1,1,5,2
7750,0,1,14,4,0,1,0,1,.98220003,4,0,1,5,1,1,5,3
7754,0,1,1,2,0,1,0,1,1,5,0,1,3,1,1,5,3
7755,0,1,0,1,0,1,0,1,.99879998,5,0,1,1,1,1,5,2
7760,0,1,6,4,1,4,0,1,.92140001,3,0,1,4,4,1,4,3
7800,1,5,12,4,1,4,0,1,.98629999,4,0,5,5,4,1,5,4
7810,0,1,47,5,0,1,0,1,.99070001,5,0,1,5,1,1,5,3
7830,0,1,6,4,0,1,0,1,.97229999,4,0,1,4,1,1,4,3
7838,0,1,0,1,0,1,0,1,.9249,3,0,1,1,1,1,4,2
7839,0,1,0,1,0,1,0,1,.93330002,3,0,1,1,1,1,4,2
7858,0,1,1,2,0,1,0,1,.99409997,5,0,1,3,1,1,5,3
7859,0,1,2,3,0,1,0,1,.94230002,3,0,1,4,1,1,4,3
7869,0,1,4,4,0,1,0,1,.94330001,3,0,1,4,1,1,4,3
7880,0,1,1,2,1,4,0,1,.97659999,4,0,1,3,4,1,5,3
7889,0,1,0,1,0,1,0,1,.97570002,4,0,1,1,1,1,4,2
7899,0,1,0,1,0,1,0,1,.921,3,0,1,1,1,1,4,2
7900,0,1,18,5,0,1,0,1,.93980002,3,0,1,5,1,1,4,3
7909,0,,0,,0,1,0,,0,,0,1,1,1,1,1,2
7910,0,1,62,5,0,1,0,1,.87489998,2,0,1,5,1,1,3,2
7918,0,1,8,4,1,4,0,1,.98729998,4,0,1,4,4,1,5,3
7919,0,1,18,5,0,1,0,1,.91250002,3,0,1,5,1,1,4,3
7930,0,1,0,1,0,1,0,1,.97189999,4,0,1,1,1,1,4,2
7939,0,1,0,1,0,1,0,1,.9612,4,0,1,1,1,1,4,2
7940,0,1,1,2,0,1,0,1,.91250002,3,0,1,3,1,1,4,2
7950,0,1,271,5,0,1,0,1,1,5,0,1,5,1,1,5,3
7958,0,1,0,1,0,1,0,1,.96429998,4,0,1,1,1,1,4,2
7959,0,,1,2,0,1,0,,0,,0,1,3,1,1,1,2
7970,0,1,32,5,1,4,0,1,.96710002,4,0,1,5,4,1,4,3
7990,0,1,1,2,0,1,0,1,.99519998,5,0,1,3,1,1,5,3
8000,0,1,0,1,0,1,0,1,.87919998,2,0,1,1,1,1,3,2
8009,0,,1,2,0,1,0,,0,,0,1,3,1,1,1,2
8010,0,1,0,1,1,4,0,1,.85039997,2,0,1,1,4,1,3,2
8020,0,1,2,3,1,4,0,1,.94370002,3,0,1,4,4,1,4,3
8029,0,,0,,0,1,0,,0,,0,1,1,1,1,1,2
8030,0,1,0,1,0,1,0,1,.90380001,3,0,1,1,1,1,3,2
8100,0,1,2,3,4,5,0,1,.95630002,4,0,1,4,5,1,4,3
8160,0,,0,,0,1,0,,0,,0,1,1,1,1,1,2
8170,0,,0,,0,1,0,,0,,0,1,1,1,1,1,2
8180,0,,0,,0,1,0,,0,,0,1,1,1,1,1,2
8188,0,,0,,0,1,0,,0,,0,1,1,1,1,1,2
8189,0,,2,3,0,1,0,,0,,0,1,4,1,1,1,2
8200,1,5,0,1,2,5,0,1,.99250001,5,0,5,1,5,1,5,4
8210,0,1,0,1,0,1,0,1,.9558,4,0,1,1,1,1,4,2
8220,0,1,0,1,0,1,0,1,.9228,3,0,1,1,1,1,4,2
8230,0,1,1,2,1,4,0,1,.77450001,1,0,1,3,4,1,3,3
8240,0,1,0,1,0,1,0,1,.84030002,2,0,1,1,1,1,3,2
8300,1,5,0,1,0,1,0,1,.89499998,2,0,5,1,1,1,3,3
8310,0,1,1,2,0,1,0,1,.82190001,2,0,1,3,1,1,3,2
8320,0,1,0,1,0,1,0,1,.97149998,4,0,1,1,1,1,4,2
8420,0,1,0,1,0,1,0,1,.83840001,2,0,1,1,1,1,3,2
8500,0,1,1,2,4,5,0,1,.93959999,3,0,1,3,5,1,4,3
8501,1,5,0,1,0,,0,1,0,,0,5,1,1,1,1,2
8510,0,1,0,1,0,1,0,1,.8854,2,0,1,1,1,1,3,2
8520,0,,0,,0,1,0,,0,,0,1,1,1,1,1,2
8560,0,,0,,0,1,0,,0,,0,1,1,1,1,1,2
8580,0,,0,,0,1,0,,0,,0,1,1,1,1,1,2
8600,0,1,0,1,0,1,0,1,.85399997,2,0,1,1,1,1,3,2
8610,0,,0,,0,1,0,,0,,0,1,1,1,1,1,2
8619,0,,0,,0,1,0,,0,,0,1,1,1,1,1,2
8650,0,1,3,3,0,1,0,1,.88090003,2,0,1,4,1,1,3,2
8700,0,1,0,1,0,1,0,1,.89630002,2,0,1,1,1,1,3,2
8710,0,1,0,1,0,1,0,1,.89630002,2,0,1,1,1,1,3,2
8720,0,1,0,1,0,1,0,1,.93709999,3,0,1,1,1,1,4,2
8730,0,1,3,3,0,1,0,1,.92739999,3,0,1,4,1,1,4,3
8770,0,1,0,1,0,1,0,1,.90969998,3,0,1,1,1,1,4,2
8800,0,1,0,1,0,1,0,1,.97140002,4,0,1,1,1,1,4,2
8810,1,5,0,1,0,1,0,1,.99730003,5,0,5,1,1,1,5,3
8830,0,1,0,1,1,4,0,1,.99830002,5,0,1,1,4,1,5,3
8840,0,1,0,1,0,1,0,1,.9971,5,0,1,1,1,1,5,2
8900,0,1,0,1,0,1,0,1,.9971,5,0,1,1,1,1,5,2
8910,0,1,1,2,0,1,0,1,.90109998,2,0,1,3,1,1,3,2
8920,0,1,0,1,0,1,0,1,.94230002,3,0,1,1,1,1,4,2
9009,0,,8,4,0,1,0,,0,,0,1,4,1,1,1,2
9010,0,1,4,4,0,1,0,1,.99550003,5,0,1,4,1,1,5,3
9020,0,1,7,4,0,1,0,1,.9522,4,0,1,4,1,1,4,3
9030,0,1,5,4,0,1,0,1,.9971,5,0,1,4,1,1,5,3
9070,0,1,14,4,1,4,0,1,.98019999,4,0,1,5,4,1,5,3
9089,0,1,2,3,1,4,0,1,.99870002,5,0,1,4,4,1,5,3
9090,0,1,20,5,0,1,0,1,.99370003,5,0,1,5,1,1,5,3
9099,0,1,1,2,0,1,0,1,.96289998,4,0,1,3,1,1,4,2
9100,0,1,23,5,1,4,0,1,.95679998,4,0,1,5,4,1,4,3
9110,0,,2,3,0,1,0,,0,,0,1,4,1,1,1,2
9120,0,,0,,0,1,0,,0,,0,1,1,1,1,1,2
9130,0,1,64,5,0,1,0,1,.90100002,2,0,1,5,1,1,3,2
9140,0,1,66,5,1,4,0,1,.9095,3,0,1,5,4,1,4,3
9170,0,,0,,0,1,0,,0,,0,1,1,1,1,1,2
9180,0,1,96,5,0,1,1,5,.9601,4,0,1,5,1,5,4,4
9200,0,1,91,5,0,1,0,1,.98580003,4,0,1,5,1,1,5,3
9207,0,,0,,0,1,0,,0,,0,1,1,1,1,1,2
9219,0,,3,3,0,1,0,,0,,0,1,4,1,1,1,2
9220,0,1,187,5,0,1,0,1,.96289998,4,0,1,5,1,1,4,3
9226,0,,0,,0,1,0,,0,,0,1,1,1,1,1,2
9228,0,,73,5,0,1,0,,0,,0,1,5,1,1,1,2
9229,0,,2,3,0,1,0,,0,,0,1,4,1,1,1,2
9233,0,,5,4,0,1,0,,0,,0,1,4,1,1,1,2
9239,0,1,59,5,0,1,0,1,.97750002,4,0,1,5,1,1,5,3
9240,0,1,114,5,0,1,0,1,.97430003,4,0,1,5,1,1,4,3
9249,0,1,2,3,0,1,0,1,.91360003,3,0,1,4,1,1,4,3
9260,0,1,51,5,0,1,0,1,.99119997,5,0,1,5,1,1,5,3
9270,0,1,14,4,0,1,0,1,.99900001,5,0,1,5,1,1,5,3
9280,0,1,3,3,0,1,0,1,.9641,4,0,1,4,1,1,4,3
9300,0,1,55,5,0,1,0,1,.87410003,2,0,1,5,1,1,3,2
9319,0,1,31,5,0,1,0,1,.99720001,5,0,1,5,1,1,5,3
9320,0,1,23,5,0,1,0,1,.9339,3,0,1,5,1,1,4,3
9330,0,,14,4,0,1,0,,0,,0,1,5,1,1,1,2
9350,0,1,2,3,0,1,0,1,.91360003,3,0,1,4,1,1,4,3
9359,0,1,0,1,0,1,0,1,.9619,4,0,1,1,1,1,4,2
9366,0,,0,,0,1,0,,0,,0,1,1,1,1,1,2
9368,0,,0,,0,1,0,,0,,0,1,1,1,1,1,2
9429,0,1,2,3,0,1,0,1,.95639998,4,0,1,4,1,1,4,3
9437,0,,1,2,0,1,0,,0,,0,1,3,1,1,1,2
9438,0,1,8,4,0,1,0,1,.82169998,2,0,1,4,1,1,3,2
9450,0,1,3,3,0,1,0,1,.99839997,5,0,1,4,1,1,5,3
9460,0,1,0,1,0,1,0,1,1,5,0,1,1,1,1,5,2
9470,0,1,2,3,0,1,0,1,1,5,0,1,4,1,1,5,3
9479,0,1,9,4,0,1,0,1,.9946,5,0,1,5,1,1,5,3
9480,0,1,1,2,0,1,0,1,.99940002,5,0,1,3,1,1,5,3
9510,0,1,2330,5,0,1,0,1,.85039997,2,0,1,5,1,1,3,2
9519,0,1,5,4,0,1,0,1,.85039997,2,0,1,4,1,1,3,2
9530,0,1,28,5,0,1,0,1,.82529998,2,0,1,5,1,1,3,2
9540,1,5,0,1,0,,0,1,0,,0,5,1,1,1,1,2
9550,0,1,85,5,0,1,0,1,.72299999,1,0,1,5,1,1,3,2
9560,0,1,177,5,0,1,0,1,.83099997,2,0,1,5,1,1,3,2
9570,0,1,252,5,0,1,0,1,.78570002,1,0,1,5,1,1,3,2
9578,0,1,92,5,0,1,0,1,.90460002,3,0,1,5,1,1,3,2
9600,1,5,75,5,0,1,0,1,.72469997,1,0,5,5,1,1,3,3
9608,0,1,108,5,0,1,0,1,.82279998,2,0,1,5,1,1,3,2
9609,0,1,45,5,0,1,0,1,.82279998,2,0,1,5,1,1,3,2
9620,0,1,154,5,1,4,0,1,.73509997,1,0,1,5,4,1,3,3
9637,0,1,497,5,0,1,0,1,.51560003,1,0,1,5,1,1,2,2
9638,0,1,220,5,0,1,0,1,.64060003,1,0,1,5,1,1,2,2
9648,0,1,107,5,0,1,0,1,.58469999,1,0,1,5,1,1,2,2
9660,0,1,378,5,0,1,0,1,.81510001,2,0,1,5,1,1,3,2
9670,1,5,66,5,0,1,0,1,.71280003,1,0,5,5,1,1,3,3
9680,0,1,54,5,0,1,0,1,.71619999,1,0,1,5,1,1,3,2
9689,0,1,5,4,0,1,0,1,.6602,1,0,1,4,1,1,2,2
9690,0,1,340,5,0,1,0,1,.67869997,1,0,1,5,1,1,2,2
9696,1,5,321,5,0,1,0,1,.58609998,1,0,5,5,1,1,2,3
9698,0,1,204,5,0,1,0,1,.65899998,1,0,1,5,1,1,2,2
9709,0,1,6,4,0,1,0,1,.81400001,2,0,1,4,1,1,3,2
9710,0,1,1,2,0,1,0,1,.95490003,4,0,1,3,1,1,4,2
9719,0,,0,,0,1,0,,0,,0,1,1,1,1,1,2
9759,0,,3,3,0,1,0,,0,,0,1,4,1,1,1,2
9767,0,,3,3,0,1,0,,0,,0,1,4,1,1,1,2
9768,0,,9,4,0,1,0,,0,,0,1,5,1,1,1,2
9769,1,5,369,5,0,1,0,1,.67110002,1,0,5,5,1,1,2,3
9770,0,1,2,3,0,1,0,1,.83700001,2,0,1,4,1,1,3,2
9779,0,,1,2,0,1,0,,0,,0,1,3,1,1,1,2
9789,0,,2,3,0,1,0,,0,,0,1,4,1,1,1,2
9790,0,1,48,5,0,1,0,1,.75889999,1,0,1,5,1,1,3,2
9809,0,1,27,5,0,1,0,1,.88499999,2,0,1,5,1,1,3,2
9819,1,5,31,5,0,1,0,1,.86769998,2,0,5,5,1,1,3,3
9828,0,1,5,4,0,1,0,1,.96200001,4,0,1,4,1,1,4,3
9836,0,,6,4,2,5,0,,0,,0,1,4,5,1,1,3
9837,0,1,8,4,1,4,0,1,.84060001,2,0,1,4,4,1,3,3
9838,0,1,1,2,0,1,0,1,.87889999,2,0,1,3,1,1,3,2
9840,0,1,53,5,0,1,0,1,.84899998,2,0,1,5,1,1,3,2
9849,0,1,8,4,0,1,0,1,.8427,2,0,1,4,1,1,3,2
9858,0,1,14,4,0,1,0,1,.88480002,2,0,1,5,1,1,3,2
9859,0,1,24,5,0,1,0,1,.86290002,2,0,1,5,1,1,3,2
9864,0,,0,,0,1,0,,0,,0,1,1,1,1,1,2
9869,0,,0,,0,1,0,,0,,0,1,1,1,1,1,2
9889,0,,0,,0,1,0,,0,,0,1,1,1,1,1,2
9898,0,,14,4,0,1,0,,0,,0,1,5,1,1,1,2
9899,0,,3,3,0,1,0,,0,,0,1,4,1,1,1,2
9920,0,1,3,3,0,1,0,1,.81059998,2,0,1,4,1,1,3,2
9930,0,1,180,5,1,4,0,1,.84399998,2,0,1,5,4,1,3,3
9940,0,1,2,3,0,1,0,1,.81370002,2,0,1,4,1,1,3,2
9969,0,1,5,4,0,1,0,1,.88690001,2,0,1,4,1,1,3,2
9970,0,1,28,5,3,5,0,1,.82520002,2,0,1,5,5,1,3,3
9979,0,,1,2,0,1,0,,0,,0,1,3,1,1,1,2
10000,0,1,0,1,3,5,0,1,.91759998,3,0,1,1,5,1,4,3
10020,0,1,0,1,0,1,0,1,.9206,3,0,1,1,1,1,4,2
10100,0,,0,,3,5,0,,0,,0,1,1,5,1,1,2
10110,0,,0,,0,1,0,,0,,0,1,1,1,1,1,2
10130,0,,0,,0,1,0,,0,,0,1,1,1,1,1,2
10200,1,5,0,1,5,5,0,1,.98809999,4,0,5,1,5,1,5,4
10210,0,,0,,0,1,0,,0,,0,1,1,1,1,1,2
10290,0,,0,,0,1,0,,0,,0,1,1,1,1,1,2
10300,1,5,4,4,0,1,1,5,.736,1,0,5,4,1,5,3,4
10309,0,,4,4,0,1,0,,0,,0,1,4,1,1,1,2
10320,0,1,1,2,0,1,0,1,.81290001,2,0,1,3,1,1,3,2
10330,0,1,1,2,0,1,0,1,.82419997,2,0,1,3,1,1,3,2
10340,0,1,0,1,0,1,0,1,.847,2,0,1,1,1,1,3,2
10350,0,1,3,3,0,1,0,1,.83420002,2,0,1,4,1,1,3,2
10360,0,1,0,1,0,1,0,1,.8962,2,0,1,1,1,1,3,2
10368,0,1,1,2,0,1,0,1,.80229998,1,0,1,3,1,1,3,2
10370,0,1,0,1,0,1,0,1,.85900003,2,0,1,1,1,1,3,2
10378,0,1,0,1,0,1,0,1,.8283,2,0,1,1,1,1,3,2
10379,0,1,1,2,0,1,0,1,.74119997,1,0,1,3,1,1,3,2
10380,0,1,2,3,0,1,0,1,.91729999,3,0,1,4,1,1,4,3
10400,0,1,0,1,4,5,0,1,.9619,4,0,1,1,5,1,4,3
10500,0,1,0,1,1,4,0,1,.94529998,3,0,1,1,4,1,4,3
10508,0,,1,2,0,1,0,,0,,0,1,3,1,1,1,2
10509,0,,0,,0,1,0,,0,,0,1,1,1,1,1,2
10580,0,1,1,2,0,1,0,1,.95969999,4,0,1,3,1,1,4,2
10589,0,,4,4,0,1,0,,0,,0,1,4,1,1,1,2
10600,0,1,7,4,1,4,0,1,.85759997,2,0,1,4,4,1,3,3
10610,0,1,0,1,0,1,0,1,.90079999,2,0,1,1,1,1,3,2
10620,0,1,2,3,0,1,0,1,.78689998,1,0,1,4,1,1,3,2
10630,1,5,237,5,0,1,0,1,0,,0,5,5,1,1,1,3
10650,0,,0,,0,1,0,,0,,0,1,1,1,1,1,2
10660,0,1,1,2,0,1,0,1,.5794,1,0,1,3,1,1,2,2
10700,0,1,0,1,5,5,0,1,.95130002,4,0,1,1,5,1,4,3
10710,0,1,1,2,0,1,0,1,.94859999,3,0,1,3,1,1,4,2
10720,0,,1,2,0,1,0,,0,,0,1,3,1,1,1,2
10730,0,1,4,4,0,1,0,1,.94859999,3,0,1,4,1,1,4,3
10740,0,1,0,1,1,4,0,1,.94859999,3,0,1,1,4,1,4,3
10800,0,1,0,1,0,1,0,1,.90030003,2,0,1,1,1,1,3,2
10810,0,1,0,1,0,1,0,1,.75819999,1,0,1,1,1,1,3,2
10820,0,1,0,1,0,1,0,1,.97240001,4,0,1,1,1,1,4,2
10830,0,1,0,1,0,1,0,1,.94319999,3,0,1,1,1,1,4,2
10900,0,1,150,5,0,1,1,5,.7525,1,0,1,5,1,5,3,3
10910,0,1,2,3,0,1,0,1,.90469998,3,0,1,4,1,1,3,2
10920,0,1,0,1,0,1,0,1,.82440001,2,0,1,1,1,1,3,2
10926,0,,134,5,0,1,0,,0,,0,1,5,1,1,1,2
11009,0,,0,,0,1,0,,0,,0,1,1,1,1,1,2
11040,0,1,0,1,0,1,0,1,1,5,0,1,1,1,1,5,2
11109,0,,0,,0,1,0,,0,,0,1,1,1,1,1,2
11209,0,,0,,0,1,0,,0,,0,1,1,1,1,1,2
11210,0,1,0,1,0,1,0,1,.71579999,1,0,1,1,1,1,3,2
11219,0,,0,,0,1,0,,0,,0,1,1,1,1,1,2
11230,0,1,0,1,1,4,0,1,.93889999,3,0,1,1,4,1,4,3
11239,0,,0,,0,1,0,,0,,0,1,1,1,1,1,2
11240,0,1,0,1,0,1,0,1,.91619998,3,0,1,1,1,1,4,2
11250,0,1,0,1,1,4,0,1,.8423,2,0,1,1,4,1,3,2
11259,0,,0,,0,1,0,,0,,0,1,1,1,1,1,2
11270,0,1,2,3,0,1,0,1,.85280001,2,0,1,4,1,1,3,2
11280,0,1,0,1,1,4,0,1,.81900001,2,0,1,1,4,1,3,2
11289,0,1,0,1,0,1,0,1,.92540002,3,0,1,1,1,1,4,2
11300,0,1,0,1,6,5,0,1,.9939,5,0,1,1,5,1,5,3
11310,0,1,0,1,1,4,0,1,.84899998,2,0,1,1,4,1,3,2
11311,0,,0,,0,1,0,,0,,0,1,1,1,1,1,2
11330,0,1,1,2,1,4,0,1,.99959999,5,0,1,3,4,1,5,3
11340,0,1,0,1,0,1,0,1,1,5,0,1,1,1,1,5,2
11350,0,1,0,1,0,1,0,1,.98100001,4,0,1,1,1,1,5,2
11360,0,1,0,1,0,1,0,1,.99400002,5,0,1,1,1,1,5,2
11370,0,1,1,2,0,1,0,1,.94330001,3,0,1,3,1,1,4,2
11379,0,,0,,0,1,0,,0,,0,1,1,1,1,1,2
11400,0,1,1,2,0,1,0,1,.98680001,4,0,1,3,1,1,5,3
11420,0,1,0,1,0,1,0,1,.97509998,4,0,1,1,1,1,4,2
11479,0,,0,,0,1,0,,0,,0,1,1,1,1,1,2
11489,0,1,0,1,0,1,0,1,.86769998,2,0,1,1,1,1,3,2
11500,0,1,1,2,2,5,0,1,.99940002,5,0,1,3,5,1,5,3
11501,0,,0,,0,1,0,,0,,0,1,1,1,1,1,2
11510,0,1,0,1,2,5,0,1,.99730003,5,0,1,1,5,1,5,3
11511,0,,0,,0,1,0,,0,,0,1,1,1,1,1,2
11520,0,1,0,1,6,5,0,1,.98879999,4,0,1,1,5,1,5,3
11529,0,1,0,1,1,4,0,1,.9576,4,0,1,1,4,1,4,3
11530,0,1,2,3,3,5,0,1,.99949998,5,0,1,4,5,1,5,3
11540,0,1,1,2,0,1,0,1,.99949998,5,0,1,3,1,1,5,3
11550,0,1,0,1,15,5,0,1,.9982,5,0,1,1,5,1,5,3
11560,0,1,0,1,1,4,0,1,.9982,5,0,1,1,4,1,5,3
11580,1,5,0,1,0,1,0,1,.99659997,5,0,5,1,1,1,5,3
11587,0,,0,,0,1,0,,0,,0,1,1,1,1,1,2
11590,0,1,0,1,5,5,0,1,.99849999,5,0,1,1,5,1,5,3
11600,0,1,0,1,0,1,0,1,.99830002,5,0,1,1,1,1,5,2
11610,0,1,0,1,0,1,0,1,1,5,0,1,1,1,1,5,2
11640,0,,0,,0,1,0,,0,,0,1,1,1,1,1,2
11649,0,,0,,0,1,0,,0,,0,1,1,1,1,1,2
11650,0,1,0,1,0,1,0,1,.9788,4,0,1,1,1,1,5,2
11700,0,1,1,2,5,5,1,5,.9989,5,0,1,3,5,5,5,4
11810,0,1,0,1,2,5,0,1,.95840001,4,0,1,1,5,1,4,3
11820,0,1,1,2,3,5,0,1,.93010002,3,0,1,3,5,1,4,3
11830,0,1,0,1,1,4,0,1,.92379999,3,0,1,1,4,1,4,3
11840,0,1,0,1,2,5,0,1,.94529998,3,0,1,1,5,1,4,3
11860,0,1,0,1,1,4,0,1,.98589998,4,0,1,1,4,1,5,3
11869,0,,0,,0,1,0,,0,,0,1,1,1,1,1,2
11870,0,1,1,2,3,5,0,1,.92799997,3,0,1,3,5,1,4,3
11920,0,1,0,1,1,4,0,1,.97829998,4,0,1,1,4,1,5,3
11930,0,1,0,1,0,1,0,1,1,5,0,1,1,1,1,5,2
11950,0,1,0,1,10,5,0,1,1,5,0,1,1,5,1,5,3
12009,0,,22,5,0,1,0,,0,,0,1,5,1,1,1,2
12070,0,,20,5,0,1,0,,0,,0,1,5,1,1,1,2
12080,0,1,7,4,0,1,0,1,.74059999,1,0,1,4,1,1,3,2
12250,0,1,97,5,0,1,0,1,.60589999,1,0,1,5,1,1,2,2
12300,0,1,551,5,0,1,0,1,.56830001,1,0,1,5,1,1,2,2
12410,0,,121,5,0,1,0,,0,,0,1,5,1,1,1,2
12500,0,1,48,5,0,1,0,1,.5395,1,0,1,5,1,1,2,2
12600,0,1,11,4,0,1,0,1,.68559998,1,0,1,5,1,1,2,2
12700,1,5,4,4,0,1,0,1,.63840002,1,0,5,4,1,1,2,3
12800,0,1,31,5,0,1,0,1,.63849998,1,0,1,5,1,1,2,2
12910,0,1,10,4,0,1,0,1,.72850001,1,0,1,5,1,1,3,2
12920,0,,13,4,0,1,0,,0,,0,1,5,1,1,1,2
12930,0,,14,4,0,1,0,,0,,0,1,5,1,1,1,2
12940,0,,27,5,0,1,0,,0,,0,1,5,1,1,1,2
12950,0,1,5,4,0,1,0,1,.59500003,1,0,1,4,1,1,2,2
13000,0,1,12,4,0,1,0,1,.91140002,3,0,1,5,1,1,4,3
13009,0,,202,5,0,1,0,,0,,0,1,5,1,1,1,2
13010,0,1,34,5,0,1,0,1,.85000002,2,0,1,5,1,1,3,2
13020,0,1,21,5,0,1,0,1,.84100002,2,0,1,5,1,1,3,2
13030,0,1,14,4,0,1,0,1,.89359999,2,0,1,5,1,1,3,2
13040,0,1,21,5,0,1,0,1,.8387,2,0,1,5,1,1,3,2
13050,0,1,66,5,0,1,0,1,.73079997,1,0,1,5,1,1,3,2
13063,0,,6,4,0,1,0,,0,,0,1,4,1,1,1,2
13090,0,1,14,4,0,1,0,1,.8168,2,0,1,5,1,1,3,2
13093,0,1,0,1,0,1,0,1,.82190001,2,0,1,1,1,1,3,2
13094,0,1,0,1,0,1,0,1,.83329999,2,0,1,1,1,1,3,2
13099,0,1,54,5,1,4,0,1,.80190003,1,0,1,5,4,1,3,3
13110,0,,3,3,0,1,0,,0,,0,1,4,1,1,1,2
13119,0,,0,,0,1,0,,0,,0,1,1,1,1,1,2
13123,0,,16,4,0,1,0,,0,,0,1,5,1,1,1,2
13129,0,,0,,0,1,0,,0,,0,1,1,1,1,1,2
13150,0,1,5,4,0,1,0,1,.8114,2,0,1,4,1,1,3,2
13180,0,1,5,4,0,1,0,1,.838,2,0,1,4,1,1,3,2
13200,0,1,73,5,0,1,0,1,.88459998,2,0,1,5,1,1,3,2
13209,0,,72,5,0,1,0,,0,,0,1,5,1,1,1,2
13210,0,1,13,4,0,1,0,1,.85729998,2,0,1,5,1,1,3,2
13220,0,1,3,3,0,1,0,1,.90380001,3,0,1,4,1,1,3,2
13229,0,,17,4,0,1,0,,0,,0,1,5,1,1,1,2
13230,0,1,2,3,0,1,0,1,.9127,3,0,1,4,1,1,4,3
13250,0,1,3,3,0,1,0,1,.81599998,2,0,1,4,1,1,3,2
13273,0,1,51,5,0,1,0,1,.97729999,4,0,1,5,1,1,5,3
13280,0,1,2,3,0,1,0,1,.81400001,2,0,1,4,1,1,3,2
13310,0,1,20,5,0,1,0,1,.8222,2,0,1,5,1,1,3,2
13315,0,1,8,4,0,1,0,1,.81199998,2,0,1,4,1,1,3,2
13318,0,,3,3,0,1,0,,0,,0,1,4,1,1,1,2
13363,0,,1,2,0,1,0,,0,,0,1,3,1,1,1,2
13400,0,1,203,5,0,1,0,1,.80800003,1,0,1,5,1,1,3,2
13419,0,1,10,4,0,1,0,1,.72610003,1,0,1,5,1,1,3,2
13420,0,1,44,5,0,1,0,1,.80040002,1,0,1,5,1,1,3,2
13429,0,,7,4,0,1,0,,0,,0,1,4,1,1,1,2
13430,0,1,451,5,0,1,0,1,.7895,1,0,1,5,1,1,3,2
13460,0,1,9,4,0,1,0,1,.82249999,2,0,1,5,1,1,3,2
13500,1,5,0,1,0,,0,1,0,,0,5,1,1,1,1,2
13509,0,1,0,1,0,1,0,1,.88239998,2,0,1,1,1,1,3,2
13510,0,1,0,1,0,1,0,1,.8082,1,0,1,1,1,1,3,2
13520,0,1,1,2,0,1,0,1,.85250002,2,0,1,3,1,1,3,2
13529,0,,0,,0,1,0,,0,,0,1,1,1,1,1,2
13545,0,1,142,5,0,1,0,1,.83350003,2,0,1,5,1,1,3,2
13546,0,,0,,0,1,0,,0,,0,1,1,1,1,1,2
13549,0,1,73,5,0,1,0,1,.63859999,1,0,1,5,1,1,2,2
13559,0,,1,2,0,1,0,,0,,0,1,3,1,1,1,2
13600,0,,6,4,0,1,0,,0,,0,1,4,1,1,1,2
13601,0,1,0,1,0,,1,5,0,,0,1,1,1,5,1,3
13610,0,,4,4,0,1,0,,0,,0,1,4,1,1,1,2
13625,0,,47,5,0,1,0,,0,,0,1,5,1,1,1,2
13630,0,,4,4,0,1,0,,0,,0,1,4,1,1,1,2
13640,0,,10,4,0,1,0,,0,,0,1,5,1,1,1,2
14009,0,1,6,4,0,1,1,5,0,,0,1,4,1,5,1,3
14010,0,1,2,3,3,5,0,1,.99790001,5,0,1,4,5,1,5,3
14017,0,,0,,0,1,0,,0,,0,1,1,1,1,1,2
14020,0,1,1,2,5,5,0,1,.99940002,5,0,1,3,5,1,5,3
14030,0,1,2,3,3,5,0,1,.90810001,3,0,1,4,5,1,4,3
14049,0,1,0,1,0,1,0,1,.9012,2,0,1,1,1,1,3,2
14050,0,1,2,3,13,5,0,1,.98390001,4,0,1,4,5,1,5,3
14060,0,1,0,1,1,4,0,1,.99220002,5,0,1,1,4,1,5,3
14090,0,1,52,5,4,5,0,1,.9989,5,0,1,5,5,1,5,4
14098,0,,0,,0,1,0,,0,,0,1,1,1,1,1,2
14120,0,1,0,1,0,1,0,1,.99860001,5,0,1,1,1,1,5,2
14129,0,,1,2,0,1,0,,0,,0,1,3,1,1,1,2
14130,0,,4,4,5,5,0,,0,,0,1,4,5,1,1,3
14140,0,1,0,1,3,5,0,1,.98509997,4,0,1,1,5,1,5,3
14141,0,,0,,0,1,0,,0,,0,1,1,1,1,1,2
14148,0,,0,,0,1,0,,0,,0,1,1,1,1,1,2
14149,0,,4,4,0,1,0,,0,,0,1,4,1,1,1,2
14150,0,1,2,3,0,1,0,1,.94940001,3,0,1,4,1,1,4,3
14160,0,1,2,3,0,1,0,1,.78780001,1,0,1,4,1,1,3,2
14208,0,1,0,1,0,1,0,1,.8901,2,0,1,1,1,1,3,2
14209,0,1,3,3,0,1,0,1,.74860001,1,0,1,4,1,1,3,2
14210,0,1,0,1,3,5,0,1,.99849999,5,0,1,1,5,1,5,3
14230,0,1,32,5,0,1,0,1,.66229999,1,0,1,5,1,1,2,2
14239,0,1,4,4,0,1,0,1,.79159999,1,0,1,4,1,1,3,2
14248,0,1,19,5,0,1,0,1,.73769999,1,0,1,5,1,1,3,2
14265,0,,0,,1,4,0,,0,,0,1,1,4,1,1,2
14266,0,1,0,1,0,1,0,1,.9874,4,0,1,1,1,1,5,2
14267,0,1,8,4,1,4,0,1,.94590002,3,0,1,4,4,1,4,3
14268,0,1,0,1,0,1,0,1,.92079997,3,0,1,1,1,1,4,2
14269,0,1,0,1,0,1,0,1,.96069998,4,0,1,1,1,1,4,2
14270,0,,21,5,0,1,0,,0,,0,1,5,1,1,1,2
14273,0,,215,5,0,1,0,,0,,0,1,5,1,1,1,2
14275,0,,38,5,1,4,0,,0,,0,1,5,4,1,1,3
14276,0,,1,2,0,1,0,,0,,0,1,3,1,1,1,2
14307,0,,0,,0,1,0,,0,,0,1,1,1,1,1,2
14309,0,,3,3,0,1,0,,0,,0,1,4,1,1,1,2
14320,0,1,1,2,1,4,0,1,1,5,0,1,3,4,1,5,3
14324,0,,0,,0,1,0,,0,,0,1,1,1,1,1,2
14325,0,1,1,2,0,1,0,1,.99919999,5,0,1,3,1,1,5,3
14327,0,,0,,0,1,0,,0,,0,1,1,1,1,1,2
14329,0,,1,2,0,1,0,,0,,0,1,3,1,1,1,2
14334,0,,9,4,0,1,0,,0,,0,1,5,1,1,1,2
14336,0,,0,,2,5,0,,0,,0,1,1,5,1,1,2
14337,0,,0,,0,1,0,,0,,0,1,1,1,1,1,2
14339,0,,0,,0,1,0,,0,,0,1,1,1,1,1,2
14350,0,1,2,3,0,1,0,1,.99790001,5,0,1,4,1,1,5,3
14356,0,,2,3,1,4,0,,0,,0,1,4,4,1,1,2
14358,0,,1,2,0,1,0,,0,,0,1,3,1,1,1,2
14376,0,1,8,4,1,4,0,1,.972,4,0,1,4,4,1,4,3
14377,0,1,1,2,0,1,0,1,1,5,0,1,3,1,1,5,3
14378,0,,0,,0,1,0,,0,,0,1,1,1,1,1,2
14386,0,1,0,1,0,1,0,1,1,5,0,1,1,1,1,5,2
14387,0,1,0,1,1,4,0,1,.90960002,3,0,1,1,4,1,4,3
14388,0,1,10,4,1,4,0,1,.9418,3,0,1,5,4,1,4,3
14389,0,1,2,3,0,1,0,1,.98619998,4,0,1,4,1,1,5,3
14399,0,,0,,0,1,0,,0,,0,1,1,1,1,1,2
14400,0,1,2379,5,2,5,0,1,.66439998,1,0,1,5,5,1,2,3
14406,0,1,6,4,0,1,1,5,.70370001,1,0,1,4,1,5,3,3
14408,0,1,2,3,0,1,0,1,.65109998,1,0,1,4,1,1,2,2
14409,0,1,10,4,0,1,0,1,.64539999,1,0,1,5,1,1,2,2
14410,0,1,1,2,0,1,0,1,.94630003,3,0,1,3,1,1,4,2
14428,0,,0,,0,1,0,,0,,0,1,1,1,1,1,2
14429,0,1,6,4,0,1,0,1,.83350003,2,0,1,4,1,1,3,2
14438,0,1,5,4,0,1,0,1,.85970002,2,0,1,4,1,1,3,2
14439,0,1,9,4,0,1,0,1,.93769997,3,0,1,5,1,1,4,3
14440,0,1,2,3,0,1,0,1,.90170002,2,0,1,4,1,1,3,2
14450,0,,0,,0,1,0,,0,,0,1,1,1,1,1,2
14456,0,,28,5,0,1,0,,0,,0,1,5,1,1,1,2
14460,0,1,7,4,0,1,0,1,.76899999,1,0,1,4,1,1,3,2
14476,0,1,44,5,0,1,0,1,.57450002,1,0,1,5,1,1,2,2
14479,0,1,81,5,0,1,1,5,.6336,1,0,1,5,1,5,2,3
14480,0,1,428,5,0,1,0,1,.27669999,1,0,1,5,1,1,2,2
14490,0,1,1948,5,0,1,0,1,.2674,1,0,1,5,1,1,2,2
14500,0,1,4725,5,0,1,0,1,.27360001,1,0,1,5,1,1,2,2
14520,0,,10,4,0,1,0,,0,,0,1,5,1,1,1,2
14529,0,,2,3,0,1,0,,0,,0,1,4,1,1,1,2
14550,0,,4,4,0,1,0,,0,,0,1,4,1,1,1,2
14600,0,1,2,3,0,1,0,1,.99739999,5,0,1,4,1,1,5,3
14608,0,1,0,1,0,1,0,1,.98680001,4,0,1,1,1,1,5,2
14609,0,1,2,3,0,1,0,1,.98390001,4,0,1,4,1,1,5,3
14610,0,1,7,4,7,5,0,1,.9946,5,0,1,4,5,1,5,3
14629,0,1,3,3,0,1,0,1,.99860001,5,0,1,4,1,1,5,3
14639,0,,2,3,0,1,0,,0,,0,1,4,1,1,1,2
14640,0,1,0,1,0,1,1,5,.87889999,2,0,1,1,1,5,3,3
14643,0,1,1,2,0,1,0,1,.90219998,2,0,1,3,1,1,3,2
14646,0,1,7,4,0,1,0,1,.92409998,3,0,1,4,1,1,4,3
14650,0,1,18,5,1,4,0,1,.77819997,1,0,1,5,4,1,3,3
14651,0,,0,,0,1,0,,0,,0,1,1,1,1,1,2
14653,0,1,0,1,0,1,0,1,.8937,2,0,1,1,1,1,3,2
14655,0,,267,5,0,1,0,,0,,0,1,5,1,1,1,2
14656,1,5,0,1,0,,0,1,0,,0,5,1,1,1,1,2
14657,0,1,13,4,0,1,0,1,.73570001,1,0,1,5,1,1,3,2
14658,0,1,2,3,0,1,0,1,.80180001,1,0,1,4,1,1,3,2
14659,1,5,0,1,0,1,0,1,.8039,1,0,5,1,1,1,3,3
14700,0,1,1690,5,0,1,0,1,.36680001,1,0,1,5,1,1,2,2
14710,0,1,1267,5,0,1,0,1,.42910001,1,0,1,5,1,1,2,2
14720,0,1,173,5,0,1,0,1,.63480002,1,0,1,5,1,1,2,2
14730,0,1,92,5,0,1,0,1,.54189998,1,0,1,5,1,1,2,2
14734,0,,957,5,0,1,0,,0,,0,1,5,1,1,1,2
14737,0,1,11,4,0,1,0,1,.65319997,1,0,1,5,1,1,2,2
14738,0,1,227,5,1,4,0,1,.45559999,1,0,1,5,4,1,2,3
14739,0,1,62,5,0,1,0,1,.68760002,1,0,1,5,1,1,2,2
14740,0,1,51,5,0,1,0,1,.64529997,1,0,1,5,1,1,2,2
14749,0,1,18,5,0,1,0,1,.74150002,1,0,1,5,1,1,3,2
14750,0,,0,,0,1,0,,0,,0,1,1,1,1,1,2
14760,0,,138,5,0,1,0,,0,,0,1,5,1,1,1,2
14780,0,,0,,0,1,0,,0,,0,1,1,1,1,1,2
14790,0,,8,4,0,1,0,,0,,0,1,4,1,1,1,2
14900,0,1,494,5,0,1,0,1,.30509999,1,0,1,5,1,1,2,2
15000,0,1,2,3,1,4,1,5,.95429999,4,0,1,4,4,5,4,4
15010,0,1,0,1,0,1,0,1,.95450002,4,0,1,1,1,1,4,2
15020,0,1,0,1,0,1,1,5,.95310003,4,0,1,1,1,5,4,3
15100,0,1,1,2,0,1,0,1,.96469998,4,0,1,3,1,1,4,2
15120,0,,0,,0,1,0,,0,,0,1,1,1,1,1,2
15200,0,1,0,1,0,1,0,1,.97030002,4,0,1,1,1,1,4,2
15210,0,1,1,2,0,1,0,1,.94510001,3,0,1,3,1,1,4,2
15230,0,1,0,1,0,1,0,1,.93449998,3,0,1,1,1,1,4,2
15240,0,1,0,1,0,1,0,1,.99510002,5,0,1,1,1,1,5,2
15250,0,1,0,1,0,1,0,1,.9885,4,0,1,1,1,1,5,2
15260,0,1,0,1,0,1,0,1,.96259999,4,0,1,1,1,1,4,2
15270,0,1,0,1,0,1,0,1,.96759999,4,0,1,1,1,1,4,2
15280,0,1,0,1,0,1,0,1,.93760002,3,0,1,1,1,1,4,2
15290,0,1,0,1,0,1,0,1,.9698,4,0,1,1,1,1,4,2
15299,0,,1,2,0,1,0,,0,,0,1,3,1,1,1,2
15300,0,1,0,1,1,4,0,1,.95630002,4,0,1,1,4,1,4,3
15309,0,1,0,1,0,1,0,1,.95050001,4,0,1,1,1,1,4,2
15320,0,1,0,1,0,1,0,1,.90600002,3,0,1,1,1,1,3,2
15330,0,1,0,1,0,1,0,1,.90490001,3,0,1,1,1,1,3,2
15339,0,1,0,1,0,1,0,1,.92650002,3,0,1,1,1,1,4,2
15340,0,1,1,2,0,1,0,1,.95160002,4,0,1,3,1,1,4,2
15350,0,1,0,1,0,1,0,1,.9835,4,0,1,1,1,1,5,2
15370,0,1,0,1,0,1,0,1,.84920001,2,0,1,1,1,1,3,2
15380,0,1,0,1,0,1,0,1,.96240002,4,0,1,1,1,1,4,2
15390,0,1,0,1,1,4,0,1,.99309999,5,0,1,1,4,1,5,3
15400,0,1,0,1,0,1,0,1,.92930001,3,0,1,1,1,1,4,2
15410,0,1,1,2,0,1,0,1,.92720002,3,0,1,3,1,1,4,2
15420,0,1,0,1,0,1,0,1,.96390003,4,0,1,1,1,1,4,2
15430,0,1,0,1,1,4,0,1,.95270002,4,0,1,1,4,1,4,3
15440,0,1,0,1,0,1,0,1,.98119998,4,0,1,1,1,1,5,2
15450,0,1,0,1,0,1,0,1,.91159999,3,0,1,1,1,1,4,2
15460,0,1,0,1,0,1,0,1,.89240003,2,0,1,1,1,1,3,2
15470,0,,0,,0,1,0,,0,,0,1,1,1,1,1,2
15500,0,1,0,1,0,1,0,1,.9429,3,0,1,1,1,1,4,2
15510,0,1,0,1,2,5,0,1,.92369998,3,0,1,1,5,1,4,3
15520,0,1,8,4,1,4,0,1,.85339999,2,0,1,4,4,1,3,3
15530,1,5,1,2,0,1,0,1,.94709998,3,0,5,3,1,1,4,3
15540,0,1,0,1,0,1,0,1,.98930001,4,0,1,1,1,1,5,2
15610,0,1,0,1,0,1,0,1,.92210001,3,0,1,1,1,1,4,2
15620,0,,0,,0,1,0,,0,,0,1,1,1,1,1,2
15630,0,1,0,1,0,1,0,1,.93370003,3,0,1,1,1,1,4,2
15650,0,1,0,1,0,1,0,1,.8495,2,0,1,1,1,1,3,2
15669,0,,0,,0,1,0,,0,,0,1,1,1,1,1,2
15670,0,1,0,1,0,1,0,1,.90469998,3,0,1,1,1,1,3,2
15700,0,1,0,1,1,4,0,1,.95649999,4,0,1,1,4,1,4,3
15710,0,1,0,1,0,1,0,1,.65820003,1,0,1,1,1,1,2,2
15720,0,,0,,0,1,0,,0,,0,1,1,1,1,1,2
15730,0,1,0,1,1,4,0,1,.98100001,4,0,1,1,4,1,5,3
15740,0,1,0,1,0,1,0,1,.92659998,3,0,1,1,1,1,4,2
15750,0,1,0,1,0,1,0,1,.91420001,3,0,1,1,1,1,4,2
15800,0,1,0,1,1,4,0,1,.99680001,5,0,1,1,4,1,5,3
15810,0,1,0,1,0,1,1,5,.95709997,4,0,1,1,1,5,4,3
15820,0,1,0,1,0,1,1,5,.9806,4,0,1,1,1,5,5,3
15829,0,,0,,0,1,0,,0,,0,1,1,1,1,1,2
15830,0,1,0,1,0,1,0,1,.98070002,4,0,1,1,1,1,5,2
15840,0,1,0,1,0,1,0,1,.95590001,4,0,1,1,1,1,4,2
15850,0,1,1,2,0,1,0,1,.935,3,0,1,3,1,1,4,2
15860,0,1,0,1,2,5,0,1,.84689999,2,0,1,1,5,1,3,3
15870,0,1,0,1,0,1,0,1,.99919999,5,0,1,1,1,1,5,2
15900,0,1,0,1,0,1,0,1,.99419999,5,0,1,1,1,1,5,2
15909,0,,0,,0,1,0,,0,,0,1,1,1,1,1,2
15940,0,1,0,1,0,1,0,1,.96759999,4,0,1,1,1,1,4,2
15950,0,,0,,0,1,0,,0,,0,1,1,1,1,1,2
15960,0,1,0,1,2,5,0,1,.99669999,5,0,1,1,5,1,5,3
15968,0,,0,,0,1,0,,0,,0,1,1,1,1,1,2
15970,0,1,0,1,0,1,0,1,.99370003,5,0,1,1,1,1,5,2
15980,0,1,0,1,0,1,0,1,1,5,0,1,1,1,1,5,2
15990,0,1,0,1,0,1,0,1,.95590001,4,0,1,1,1,1,4,2
16001,1,5,0,1,0,,1,5,0,,0,5,1,1,5,1,3
16019,0,,0,,0,1,0,,0,,0,1,1,1,1,1,2
16029,0,1,1,2,0,1,0,1,.93800002,3,0,1,3,1,1,4,2
16034,1,5,7,4,1,4,0,1,.97250003,4,0,5,4,4,1,4,4
16036,0,,17,4,0,1,0,,0,,0,1,5,1,1,1,2
16038,0,1,2,3,0,1,0,1,.62330002,1,0,1,4,1,1,2,2
16039,0,,4,4,0,1,0,,0,,0,1,4,1,1,1,2
16057,0,,0,,0,1,0,,0,,0,1,1,1,1,1,2
16058,0,,0,,0,1,0,,0,,0,1,1,1,1,1,2
16060,0,1,3,3,0,1,0,1,.65439999,1,0,1,4,1,1,2,2
16095,0,,11,4,0,1,0,,0,,0,1,5,1,1,1,2
16098,0,,2,3,0,1,0,,0,,0,1,4,1,1,1,2
16099,0,,0,,0,1,0,,0,,0,1,1,1,1,1,2
16100,0,1,3,3,0,1,0,1,.88249999,2,0,1,4,1,1,3,2
16105,0,,0,,0,1,0,,0,,0,1,1,1,1,1,2
16200,0,1,59,5,0,1,0,1,.86940002,2,0,1,5,1,1,3,2
16210,0,1,0,1,0,1,0,1,.91479999,3,0,1,1,1,1,4,2
16220,0,,10,4,0,1,0,,0,,0,1,5,1,1,1,2
16244,0,,6,4,0,1,0,,0,,0,1,4,1,1,1,2
16247,0,,7,4,0,1,0,,0,,0,1,4,1,1,1,2
16248,0,,17,4,0,1,0,,0,,0,1,5,1,1,1,2
16300,0,1,4,4,0,1,0,1,.84460002,2,0,1,4,1,1,3,2
16310,0,1,1,2,0,1,0,1,.74489999,1,0,1,3,1,1,3,2
16320,0,1,0,1,0,1,0,1,.79329997,1,0,1,1,1,1,3,2
16330,0,,0,,0,1,0,,0,,0,1,1,1,1,1,2
16340,0,1,0,1,0,1,0,1,.81029999,1,0,1,1,1,1,3,2
16400,0,1,10,4,0,1,0,1,.78210002,1,0,1,5,1,1,3,2
16410,0,1,0,1,0,1,0,1,.81599998,2,0,1,1,1,1,3,2
16420,0,1,2,3,0,1,0,1,.76789999,1,0,1,4,1,1,3,2
16428,0,1,0,1,0,1,0,1,.68559998,1,0,1,1,1,1,2,2
16429,0,1,8,4,0,1,0,1,.80019999,1,0,1,4,1,1,3,2
16430,0,1,1,2,0,1,0,1,.88690001,2,0,1,3,1,1,3,2
16440,0,1,0,1,0,1,0,1,.67919999,1,0,1,1,1,1,2,2
16443,0,1,0,1,0,1,0,1,.7184,1,0,1,1,1,1,3,2
16450,0,1,1268,5,0,1,0,1,.7335,1,0,1,5,1,1,3,2
16457,0,1,1,2,0,1,0,1,.65259999,1,0,1,3,1,1,2,2
16459,0,1,20,5,1,4,0,1,.58899999,1,0,1,5,4,1,2,3
16500,0,,0,,1,4,0,,0,,0,1,1,4,1,1,2
16510,0,,26,5,0,1,0,,0,,0,1,5,1,1,1,2
16515,0,,154,5,0,1,0,,0,,0,1,5,1,1,1,2
16533,0,1,1,2,0,1,0,1,.67250001,1,0,1,3,1,1,2,2
16600,0,1,125,5,0,1,0,1,.72469997,1,0,1,5,1,1,3,2
16604,0,1,1,2,0,1,0,1,.41330001,1,0,1,3,1,1,2,2
16605,0,1,68,5,0,1,0,1,.55470002,1,0,1,5,1,1,2,2
16606,0,1,0,1,0,1,0,1,.3766,1,0,1,1,1,1,2,2
16607,0,1,3,3,0,1,0,1,.44069999,1,0,1,4,1,1,2,2
16609,0,,0,,0,1,0,,0,,0,1,1,1,1,1,2
16610,0,1,520,5,0,1,0,1,.6821,1,0,1,5,1,1,2,2
16614,0,1,0,1,0,1,0,1,.53960001,1,0,1,1,1,1,2,2
16615,0,1,0,1,0,1,0,1,.23649999,1,0,1,1,1,1,2,2
16616,0,1,15,4,0,1,0,1,.57779998,1,0,1,5,1,1,2,2
16617,0,1,0,1,0,1,0,1,.52060002,1,0,1,1,1,1,2,2
16620,0,1,11,4,0,1,0,1,.71069998,1,0,1,5,1,1,3,2
16630,0,1,0,1,0,1,0,1,.59909999,1,0,1,1,1,1,2,2
16640,0,1,4,4,0,1,0,1,.54979998,1,0,1,4,1,1,2,2
16710,0,1,27,5,0,1,0,1,.80260003,1,0,1,5,1,1,3,2
16720,0,1,9,4,0,1,0,1,.58279997,1,0,1,5,1,1,2,2
16739,0,1,154,5,0,1,0,1,.86669999,2,0,1,5,1,1,3,2
16740,0,1,1,2,0,1,0,1,.89319998,2,0,1,3,1,1,3,2
16749,0,1,0,1,1,4,0,1,.72970003,1,0,1,1,4,1,3,2
16750,0,1,0,1,0,1,0,1,.92140001,3,0,1,1,1,1,4,2
16770,0,1,0,1,0,1,0,1,.78960001,1,0,1,1,1,1,3,2
16797,0,1,823,5,0,1,0,1,.8373,2,0,1,5,1,1,3,2
16799,0,1,23,5,0,1,0,1,.53579998,1,0,1,5,1,1,2,2
16800,0,1,23,5,0,1,1,5,.88810003,2,0,1,5,1,5,3,3
16808,0,,0,,0,1,0,,0,,0,1,1,1,1,1,2
16809,0,,0,,0,1,0,,0,,0,1,1,1,1,1,2
16813,0,1,0,1,0,1,0,1,.4183,1,0,1,1,1,1,2,2
16860,0,1,3,3,0,1,0,1,.66320002,1,0,1,4,1,1,2,2
16866,0,,53,5,0,1,0,,0,,0,1,5,1,1,1,2
16869,0,,0,,0,1,0,,0,,0,1,1,1,1,1,2
16870,0,,1,2,0,1,0,,0,,0,1,3,1,1,1,2
16889,0,,4,4,0,1,0,,0,,0,1,4,1,1,1,2
16900,0,1,8,4,0,1,0,1,.5747,1,0,1,4,1,1,2,2
16908,0,,1,2,0,1,0,,0,,0,1,3,1,1,1,2
16909,0,,3,3,0,1,0,,0,,0,1,4,1,1,1,2
16910,0,,0,,0,1,0,,0,,0,1,1,1,1,1,2
52105,0,,0,,1,4,0,,0,,0,1,1,4,1,1,2
52764,0,,0,,1,4,0,,0,,0,1,1,4,1,1,2
52780,0,,0,,1,4,0,,0,,0,1,1,4,1,1,2
52786,0,,0,,1,4,0,,0,,0,1,1,4,1,1,2
52787,0,,0,,1,4,0,,0,,0,1,1,4,1,1,2
52927,0,,0,,2,5,0,,0,,0,1,1,5,1,1,2
53000,0,,0,,2,5,0,,0,,0,1,1,5,1,1,2
53050,0,,0,,1,4,0,,0,,0,1,1,4,1,1,2
53100,0,,0,,6,5,0,,0,,0,1,1,5,1,1,2
53160,0,,0,,1,4,0,,0,,0,1,1,4,1,1,2
53200,0,,0,,1,4,0,,0,,0,1,1,4,1,1,2
53310,0,,0,,1,4,0,,0,,0,1,1,4,1,1,2
53370,0,,0,,1,4,0,,0,,0,1,1,4,1,1,2
53398,0,,0,,4,5,0,,0,,0,1,1,5,1,1,2
53489,0,,0,,1,4,0,,0,,0,1,1,4,1,1,2
53910,0,,0,,1,4,0,,0,,0,1,1,4,1,1,2
54000,0,,0,,1,4,0,,0,,0,1,1,4,1,1,2
54015,0,,0,,2,5,0,,0,,0,1,1,5,1,1,2
54020,0,,0,,3,5,0,,0,,0,1,1,5,1,1,2
54080,0,,0,,1,4,0,,0,,0,1,1,4,1,1,2
54150,0,,0,,1,4,0,,0,,0,1,1,4,1,1,2
54180,0,,0,,1,4,0,,0,,0,1,1,4,1,1,2
54720,0,,0,,1,4,0,,0,,0,1,1,4,1,1,2
54730,0,,0,,1,4,0,,0,,0,1,1,4,1,1,2
54745,0,,0,,6,5,0,,0,,0,1,1,5,1,1,2
54769,0,,0,,2,5,0,,0,,0,1,1,5,1,1,2
54879,0,,0,,1,4,0,,0,,0,1,1,4,1,1,2
54900,0,,0,,3,5,0,,0,,0,1,1,5,1,1,2
54913,0,,0,,1,4,0,,0,,0,1,1,4,1,1,2
54949,0,,0,,1,4,0,,0,,0,1,1,4,1,1,2
55000,0,,0,,1,4,0,,0,,0,1,1,4,1,1,2
55070,0,,0,,1,4,0,,0,,0,1,1,4,1,1,2
55280,0,,0,,2,5,0,,0,,0,1,1,5,1,1,2
55349,0,,0,,2,5,0,,0,,0,1,1,5,1,1,2
55390,0,,0,,1,4,0,,0,,0,1,1,4,1,1,2
55700,0,,0,,1,4,0,,0,,0,1,1,4,1,1,2
55719,0,,0,,1,4,0,,0,,0,1,1,4,1,1,2
55760,0,,0,,1,4,0,,0,,0,1,1,4,1,1,2
56400,0,,0,,1,4,0,,0,,0,1,1,4,1,1,2
56615,0,,0,,2,5,0,,0,,0,1,1,5,1,1,2
56619,0,,0,,1,4,0,,0,,0,1,1,4,1,1,2
57100,0,,0,,4,5,0,,0,,0,1,1,5,1,1,2
57120,0,,0,,1,4,0,,0,,0,1,1,4,1,1,2
57170,0,,0,,3,5,0,,0,,0,1,1,5,1,1,2
57185,0,,0,,1,4,0,,0,,0,1,1,4,1,1,2
57200,0,,0,,2,5,0,,0,,0,1,1,5,1,1,2
57310,0,,0,,1,4,0,,0,,0,1,1,4,1,1,2
