codigo,basureros,reporte_falta_agua,reportesretio,aguaresidual,adecuacinsanitaria,fbasureros,freporte_falta_agua,freportesretio,faguaresidual,fadecuacinsanitaria,ranking
0,0,0,275,0,,1,1,5,1,,0
951,0,1,0,0,,1,4,1,1,,0
1000,0,1,11,1,.9932,1,4,5,5,1,2
1010,0,0,5,0,.9932,1,1,5,1,1,2
1020,0,0,0,0,.9969,1,1,1,1,1,1
1028,0,0,0,0,,1,1,1,1,,0
1029,0,0,0,0,,1,1,1,1,,0
1030,0,0,0,0,.9995000000000001,1,1,1,1,1,1
1030,0,0,0,0,.9995000000000001,1,1,1,1,1,1
1040,0,1,0,0,.9948,1,4,1,1,1,2
1048,0,0,0,0,.9845,1,1,1,1,2,2
1049,0,0,0,0,.9041,1,1,1,1,3,3
1050,0,0,1,0,.9982,1,1,5,1,1,2
1060,0,0,0,0,.9977,1,1,1,1,1,1
1060,0,0,0,0,.9971,1,1,1,1,1,1
1070,0,0,0,0,.995,1,1,1,1,1,1
1080,0,1,12,0,.9549,1,4,5,1,2,3
1089,0,0,0,0,.9979,1,1,1,1,1,1
1090,0,3,0,0,.9968,1,4,1,1,1,2
1090,0,3,0,0,.9968,1,4,1,1,1,2
1090,0,3,0,0,.9968,1,4,1,1,1,2
1100,0,0,0,0,.8577,1,1,1,1,4,4
1100,0,0,0,0,.8577,1,1,1,1,4,4
1109,0,0,0,0,.9031,1,1,1,1,3,3
1110,0,0,0,0,.9209000000000001,1,1,1,1,3,3
1110,0,0,0,0,.9586,1,1,1,1,2,2
1110,0,0,0,0,.9568,1,1,1,1,2,2
1110,0,0,0,0,.8992,1,1,1,1,4,4
1116,0,0,0,0,,1,1,1,1,,0
1120,0,0,0,0,1,1,1,1,1,1,1
1120,0,0,0,0,.9469,1,1,1,1,3,3
1120,0,0,0,0,.9646,1,1,1,1,2,2
1120,0,0,0,0,,1,1,1,1,,0
1120,0,0,0,0,.9928,1,1,1,1,1,1
1125,0,0,0,0,.9586,1,1,1,1,2,2
1130,0,0,0,0,.9534,1,1,1,1,2,2
1130,0,0,0,0,.8713,1,1,1,1,4,4
1130,0,0,0,0,.9534,1,1,1,1,2,2
1130,0,0,0,0,.953,1,1,1,1,2,2
1139,0,0,0,0,.8833,1,1,1,1,4,4
1140,0,0,0,0,.871,1,1,1,1,4,4
1140,0,0,0,0,.9263,1,1,1,1,3,3
1150,0,0,0,0,.9759,1,1,1,1,2,2
1150,0,0,0,0,.9915000000000001,1,1,1,1,1,1
1159,0,0,0,0,,1,1,1,1,,0
1160,0,0,0,0,.9759,1,1,1,1,2,2
1160,0,0,0,0,.9068000000000001,1,1,1,1,3,3
1160,0,0,0,0,.9595,1,1,1,1,2,2
1160,0,0,0,0,.951,1,1,1,1,2,2
1170,0,0,0,0,.9889,1,1,1,1,2,2
1170,0,0,0,0,.9889,1,1,1,1,2,2
1180,0,0,0,0,.924,1,1,1,1,3,3
1180,0,0,0,0,.9373,1,1,1,1,3,3
1180,0,0,0,0,.9993,1,1,1,1,1,1
1184,0,0,0,0,,1,1,1,1,,0
1200,0,0,0,0,.9074,1,1,1,1,3,3
1209,0,0,0,0,,1,1,1,1,,0
1210,0,5,0,0,.9993,1,5,1,1,1,2
1219,0,0,7,0,.9962,1,1,5,1,1,2
1220,0,0,0,0,.9787,1,1,1,1,2,2
1220,0,0,0,0,.9896,1,1,1,1,2,2
1220,0,0,0,0,.9902,1,1,1,1,2,2
1220,0,0,0,0,1,1,1,1,1,1,1
1220,0,0,0,0,.9106,1,1,1,1,3,3
1220,0,0,0,0,.8831,1,1,1,1,4,4
1230,0,0,0,0,.9384,1,1,1,1,3,3
1230,0,0,0,0,.9331,1,1,1,1,3,3
1230,0,0,0,0,.9233,1,1,1,1,3,3
1230,0,0,0,0,.976,1,1,1,1,2,2
1230,0,0,0,0,.9119,1,1,1,1,3,3
1239,0,0,0,0,.9439,1,1,1,1,3,3
1240,0,0,0,0,.942,1,1,1,1,3,3
1250,0,0,0,0,.8656,1,1,1,1,4,4
1250,0,0,0,0,.8527,1,1,1,1,4,4
1250,0,0,0,0,.5265,1,1,1,1,5,5
1250,0,0,0,0,.9122,1,1,1,1,3,3
1250,0,0,0,0,.9096,1,1,1,1,3,3
1259,0,0,0,0,.8837,1,1,1,1,4,4
1259,0,0,0,0,.6756,1,1,1,1,5,5
1260,0,0,0,0,.8142,1,1,1,1,4,4
1260,0,0,0,0,.9498,1,1,1,1,3,3
1260,0,0,0,0,.9635,1,1,1,1,2,2
1260,0,0,0,0,.9457,1,1,1,1,3,3
1260,0,0,0,0,.9314,1,1,1,1,3,3
1269,0,0,0,0,.8994,1,1,1,1,4,4
1269,0,0,0,0,.8994,1,1,1,1,4,4
1270,0,0,0,0,.9517,1,1,1,1,2,2
1270,0,0,0,0,.9048000000000001,1,1,1,1,3,3
1270,0,0,0,0,.9397,1,1,1,1,3,3
1270,0,0,0,0,.7822,1,1,1,1,5,5
1270,0,0,0,0,.9635,1,1,1,1,2,2
1270,0,0,0,0,.917,1,1,1,1,3,3
1275,0,0,0,0,.8011,1,1,1,1,5,5
1276,0,0,0,0,.9613,1,1,1,1,2,2
1278,0,0,0,0,.8498,1,1,1,1,4,4
1279,0,0,0,0,.8842,1,1,1,1,4,4
1280,0,0,0,0,.9757,1,1,1,1,2,2
1280,0,0,0,0,.8842,1,1,1,1,4,4
1280,0,0,0,0,.7909000000000001,1,1,1,1,5,5
1280,0,0,0,0,.9324,1,1,1,1,3,3
1280,0,0,0,0,.8684,1,1,1,1,4,4
1285,0,0,0,0,.908,1,1,1,1,3,3
1289,0,0,0,0,.9427,1,1,1,1,3,3
1290,0,0,0,0,.9843,1,1,1,1,2,2
1290,0,0,0,0,.8299,1,1,1,1,4,4
1296,0,0,0,0,.7771,1,1,1,1,5,5
1296,0,0,0,0,.6627999999999999,1,1,1,1,5,5
1296,0,0,0,0,.8107,1,1,1,1,4,4
1298,0,0,0,0,.9500999999999999,1,1,1,1,3,3
1299,0,0,0,0,.8842,1,1,1,1,4,4
1299,0,0,0,0,.8842,1,1,1,1,4,4
1310,0,0,0,0,.8652,1,1,1,1,4,4
1320,0,2,0,0,.8813,1,4,1,1,4,4
1329,0,0,1,0,,1,1,5,1,,0
1330,0,0,0,0,.9869,1,1,1,1,2,2
1340,0,1,2,0,.9466,1,4,5,1,3,3
1376,0,0,0,0,.9993,1,1,1,1,1,1
1376,0,0,0,0,.8062,1,1,1,1,5,5
1376,0,0,0,0,1,1,1,1,1,1,1
1376,0,0,0,0,1,1,1,1,1,1,1
1377,0,0,0,0,.9021,1,1,1,1,4,4
1379,0,0,0,0,,1,1,1,1,,0
1389,0,0,0,0,,1,1,1,1,,0
1400,0,0,0,0,.9394,1,1,1,1,3,3
1400,0,0,0,0,.925,1,1,1,1,3,3
1407,0,0,0,0,.887,1,1,1,1,4,4
1408,0,0,0,0,.9007,1,1,1,1,4,4
1410,0,0,0,0,.9159000000000001,1,1,1,1,3,3
1410,0,0,0,0,.9441000000000001,1,1,1,1,3,3
1419,1,0,0,1,.9232,5,1,1,5,3,4
1420,0,0,0,0,.9623,1,1,1,1,2,2
1420,0,0,0,0,.8964,1,1,1,1,4,4
1430,0,0,1,0,.9981,1,1,5,1,1,2
1440,0,0,0,0,,1,1,1,1,,0
1450,0,0,0,0,,1,1,1,1,,0
1450,0,0,0,0,.9344,1,1,1,1,3,3
1450,0,0,0,0,,1,1,1,1,,0
1450,0,0,0,0,,1,1,1,1,,0
1460,1,0,0,0,.9867,5,1,1,1,2,3
1470,0,0,0,0,.9844000000000001,1,1,1,1,2,2
1470,0,0,0,0,.9778,1,1,1,1,2,2
1480,0,0,3,0,.9979,1,1,5,1,1,2
1490,0,0,0,0,.9791,1,1,1,1,2,2
1490,0,0,0,0,,1,1,1,1,,0
1500,0,0,0,0,.6654,1,1,1,1,5,5
1500,0,0,0,0,.8371,1,1,1,1,4,4
1504,0,0,0,0,,1,1,1,1,,0
1505,0,0,0,0,,1,1,1,1,,0
1506,0,0,0,0,,1,1,1,1,,0
1507,0,0,0,0,,1,1,1,1,,0
1508,0,0,0,0,,1,1,1,1,,0
1509,0,0,0,0,.876,1,1,1,1,4,4
1510,0,0,0,0,.9209000000000001,1,1,1,1,3,3
1510,0,0,0,0,.8262000000000001,1,1,1,1,4,4
1510,0,0,0,0,.8102,1,1,1,1,5,5
1520,0,0,0,0,.8373,1,1,1,1,4,4
1520,0,0,0,0,.9139000000000001,1,1,1,1,3,3
1520,0,0,0,0,.9949,1,1,1,1,1,1
1520,0,0,0,0,.8722,1,1,1,1,4,4
1520,0,0,0,0,.7952,1,1,1,1,5,5
1530,0,0,0,0,.9132,1,1,1,1,3,3
1537,0,0,0,0,,1,1,1,1,,0
1538,0,0,1,0,.9279,1,1,5,1,3,3
1539,0,0,0,0,1,1,1,1,1,1,1
1539,0,0,0,0,.8153,1,1,1,1,4,4
1540,0,0,0,0,.8252,1,1,1,1,4,4
1540,0,0,0,0,.9375,1,1,1,1,3,3
1540,0,0,0,0,,1,1,1,1,,0
1540,0,0,0,0,.9193,1,1,1,1,3,3
1540,0,0,0,0,.9297,1,1,1,1,3,3
1548,0,0,0,0,.8804,1,1,1,1,4,4
1549,0,0,0,0,.8734,1,1,1,1,4,4
1550,0,0,0,0,.8971,1,1,1,1,4,4
1550,0,0,0,0,.8926,1,1,1,1,4,4
1550,0,0,0,0,.9845,1,1,1,1,2,2
1560,0,0,0,0,.8785,1,1,1,1,4,4
1560,0,0,0,0,.987,1,1,1,1,2,2
1560,0,0,0,0,.9781,1,1,1,1,2,2
1560,0,0,0,0,.9675,1,1,1,1,2,2
1566,0,0,0,0,.9916,1,1,1,1,1,1
1567,0,0,0,0,.8926,1,1,1,1,4,4
1569,0,0,0,0,.9437,1,1,1,1,3,3
1580,0,0,0,0,,1,1,1,1,,0
1580,0,0,0,0,,1,1,1,1,,0
1585,0,0,0,0,,1,1,1,1,,0
1586,0,0,0,0,,1,1,1,1,,0
1587,0,0,0,0,,1,1,1,1,,0
1588,0,0,0,0,.9519,1,1,1,1,2,2
1589,0,0,0,0,,1,1,1,1,,0
1590,0,0,0,0,1,1,1,1,1,1,1
1600,0,0,0,0,.9759,1,1,1,1,2,2
1600,0,0,0,0,,1,1,1,1,,0
1610,0,0,0,0,.9668,1,1,1,1,2,2
1610,0,0,0,0,.9377,1,1,1,1,3,3
1618,0,0,0,0,1,1,1,1,1,1,1
1618,0,0,0,0,.9977,1,1,1,1,1,1
1619,0,0,0,0,.9722,1,1,1,1,2,2
1619,0,0,0,0,1,1,1,1,1,1,1
1620,0,0,1,0,.9869,1,1,5,1,2,2
1630,0,0,0,0,.8524000000000001,1,1,1,1,4,4
1630,0,0,0,0,.9566,1,1,1,1,2,2
1630,0,0,0,0,.9209000000000001,1,1,1,1,3,3
1630,0,0,0,0,.9646,1,1,1,1,2,2
1640,1,0,0,0,.9817,5,1,1,1,2,3
1645,0,0,0,0,.9323,1,1,1,1,3,3
1650,0,0,0,0,.906,1,1,1,1,3,3
1650,0,0,0,0,.8443000000000001,1,1,1,1,4,4
1650,0,0,0,0,.8721,1,1,1,1,4,4
1650,0,0,0,0,.876,1,1,1,1,4,4
1650,0,0,0,0,.9677,1,1,1,1,2,2
1650,0,0,0,0,.6685,1,1,1,1,5,5
1650,0,0,0,0,.6693,1,1,1,1,5,5
1700,1,0,0,1,.7243000000000001,5,1,1,5,5,5
1700,1,0,0,1,.8677,5,1,1,5,4,4
1700,1,0,0,1,.8342000000000001,5,1,1,5,4,4
1700,1,0,0,1,.9502,5,1,1,5,3,4
1700,1,0,0,1,.1579,5,1,1,5,5,5
1700,1,0,0,1,.8769,5,1,1,5,4,4
1708,0,0,0,0,.8074,1,1,1,1,5,5
1708,0,0,0,0,.8448,1,1,1,1,4,4
1710,1,0,0,0,.9845,5,1,1,1,2,3
1710,1,0,0,0,.9916,5,1,1,1,1,2
1720,0,0,2,0,.9909,1,1,5,1,1,2
1729,0,0,5,0,.9814000000000001,1,1,5,1,2,2
1730,0,0,0,0,.9285,1,1,1,1,3,3
1730,0,0,0,0,.9996,1,1,1,1,1,1
1740,0,0,0,0,.9059,1,1,1,1,3,3
1740,0,0,0,0,.7148,1,1,1,1,5,5
1740,0,0,0,0,.8926,1,1,1,1,4,4
1750,0,0,0,0,.9108000000000001,1,1,1,1,3,3
1750,0,0,0,0,.6701,1,1,1,1,5,5
1750,0,0,0,0,.4643,1,1,1,1,5,5
1759,0,0,0,0,.8759,1,1,1,1,4,4
1760,0,0,0,0,.7534,1,1,1,1,5,5
1760,0,0,0,0,.9978,1,1,1,1,1,1
1760,0,0,0,0,.8454,1,1,1,1,4,4
1770,0,0,0,0,.8157,1,1,1,1,4,4
1770,0,0,0,0,.9847,1,1,1,1,2,2
1780,0,0,0,0,.7517,1,1,1,1,5,5
1780,0,0,0,0,.9098000000000001,1,1,1,1,3,3
1788,0,0,0,0,,1,1,1,1,,0
1789,0,0,0,0,.7706,1,1,1,1,5,5
1790,0,0,0,0,.7267,1,1,1,1,5,5
1790,0,0,0,0,.9973,1,1,1,1,1,1
1800,1,504,0,0,.7403,5,5,1,1,5,5
1807,0,0,0,0,.9598,1,1,1,1,2,2
1810,0,0,3,1,.9966,1,1,5,5,1,2
1820,0,0,0,1,.997,1,1,1,5,1,2
1820,0,0,0,1,.4093,1,1,1,5,5,5
1830,0,647,0,0,.5581,1,5,1,1,5,5
1840,0,0,0,0,.883,1,1,1,1,4,4
1849,0,0,0,0,.9598,1,1,1,1,2,2
1849,0,0,0,0,.6527,1,1,1,1,5,5
1856,0,0,0,0,,1,1,1,1,,0
1857,0,0,0,0,.8178,1,1,1,1,4,4
1859,0,0,0,0,.7026,1,1,1,1,5,5
1860,0,0,0,0,.8714,1,1,1,1,4,4
1863,0,0,0,0,,1,1,1,1,,0
1870,0,0,2,0,.8622,1,1,5,1,4,4
1900,1,0,29,0,.9939,5,1,5,1,1,2
1904,0,0,0,0,.9694,1,1,1,1,2,2
1940,0,0,0,0,,1,1,1,1,,0
1990,0,0,0,0,,1,1,1,1,,0
2000,0,5,1,0,.9625,1,5,5,1,2,3
2008,0,0,0,0,,1,1,1,1,,0
2010,0,0,0,0,.9368,1,1,1,1,3,3
2010,0,0,0,0,.9088000000000001,1,1,1,1,3,3
2010,0,0,0,0,.9777,1,1,1,1,2,2
2020,0,0,0,0,.9291,1,1,1,1,3,3
2020,0,0,0,0,.8652,1,1,1,1,4,4
2040,0,0,0,0,.8887000000000001,1,1,1,1,4,4
2040,0,0,0,0,.9847,1,1,1,1,2,2
2050,1,0,0,0,.9918,5,1,1,1,1,2
2050,1,0,0,0,.9024,5,1,1,1,3,3
2050,1,0,0,0,,5,1,1,1,,0
2060,0,0,0,0,.9641,1,1,1,1,2,2
2060,0,0,0,0,.9651,1,1,1,1,2,2
2070,1,0,0,1,.9066,5,1,1,5,3,4
2070,1,0,0,1,,5,1,1,5,,0
2070,1,0,0,1,.98,5,1,1,5,2,3
2070,1,0,0,1,.9066,5,1,1,5,3,4
2070,1,0,0,1,,5,1,1,5,,0
2070,1,0,0,1,,5,1,1,5,,0
2070,1,0,0,1,,5,1,1,5,,0
2070,1,0,0,1,,5,1,1,5,,0
2070,1,0,0,1,,5,1,1,5,,0
2070,1,0,0,1,,5,1,1,5,,0
2070,1,0,0,1,,5,1,1,5,,0
2070,1,0,0,1,,5,1,1,5,,0
2080,0,0,0,0,.9789,1,1,1,1,2,2
2080,0,0,0,0,.9948,1,1,1,1,1,1
2090,0,11,0,0,.9735,1,5,1,1,2,2
2099,0,3,0,0,.9152,1,4,1,1,3,3
2100,0,31,0,0,,1,5,1,1,,0
2100,0,31,0,0,.9847,1,5,1,1,2,2
2109,0,0,0,0,,1,1,1,1,,0
2109,0,0,0,0,,1,1,1,1,,0
2110,0,9,0,0,.9349,1,5,1,1,3,3
2110,0,9,0,0,,1,5,1,1,,0
2120,0,10,0,0,.9561,1,5,1,1,2,2
2125,0,20,0,0,.9561,1,5,1,1,2,2
2127,0,0,0,0,,1,1,1,1,,0
2128,0,0,0,0,.9969,1,1,1,1,1,1
2129,0,1,0,0,.8904,1,4,1,1,4,4
2130,0,0,0,0,.8815,1,1,1,1,4,4
2140,0,0,0,0,.8751,1,1,1,1,4,4
2150,1,1,0,0,.9461000000000001,5,4,1,1,3,3
2150,1,1,0,0,,5,4,1,1,,0
2160,0,4,0,0,.9788,1,4,1,1,2,2
2169,0,0,0,0,,1,1,1,1,,0
2200,1,2,0,0,.9456,5,4,1,1,3,3
2230,0,9,0,0,.9453,1,5,1,1,3,3
2240,0,0,0,0,.8771,1,1,1,1,4,4
2240,0,0,0,0,.8771,1,1,1,1,4,4
2240,0,0,0,0,,1,1,1,1,,0
2240,0,0,0,0,.9369,1,1,1,1,3,3
2250,0,8,0,0,.9092,1,5,1,1,3,3
2260,0,0,0,0,,1,1,1,1,,0
2300,0,33,3,0,.861,1,5,5,1,4,4
2310,0,9,0,0,.8172,1,5,1,1,4,4
2320,0,0,1,0,.9357,1,1,5,1,3,3
2330,0,0,0,0,.9277,1,1,1,1,3,3
2340,0,0,0,0,.7113,1,1,1,1,5,5
2350,0,0,0,0,,1,1,1,1,,0
2360,0,9,0,0,.7441,1,5,1,1,5,5
2400,0,0,0,0,,1,1,1,1,,0
2400,0,0,0,0,.9107,1,1,1,1,3,3
2400,0,0,0,0,.9107,1,1,1,1,3,3
2409,0,0,0,0,,1,1,1,1,,0
2410,0,6,0,0,.9987,1,5,1,1,1,2
2419,0,0,0,0,,1,1,1,1,,0
2420,0,2,0,0,,1,4,1,1,,0
2420,0,2,0,0,.995,1,4,1,1,1,2
2430,0,0,0,0,,1,1,1,1,,0
2440,0,8,0,0,.9099,1,5,1,1,3,3
2450,0,1,0,0,,1,4,1,1,,0
2450,0,1,0,0,,1,4,1,1,,0
2459,0,13,0,0,.9519,1,5,1,1,2,2
2460,0,11,0,0,,1,5,1,1,,0
2460,0,11,0,0,.9913,1,5,1,1,1,2
2470,0,3,0,0,.9153,1,4,1,1,3,3
2479,0,0,0,0,,1,1,1,1,,0
2480,0,4,0,0,.9899,1,4,1,1,2,2
2490,0,5,0,0,.9579,1,5,1,1,2,2
2490,0,5,0,0,,1,5,1,1,,0
2500,0,0,0,0,.9966,1,1,1,1,1,1
2510,0,0,0,0,.9199000000000001,1,1,1,1,3,3
2510,0,0,0,0,,1,1,1,1,,0
2519,0,0,0,0,.9199000000000001,1,1,1,1,3,3
2520,0,0,0,0,,1,1,1,1,,0
2525,0,0,0,0,,1,1,1,1,,0
2530,0,0,0,0,.9714,1,1,1,1,2,2
2540,0,0,0,0,,1,1,1,1,,0
2600,0,1,0,0,.952,1,4,1,1,2,2
2630,0,0,0,0,.7549,1,1,1,1,5,5
2630,0,0,0,0,.7549,1,1,1,1,5,5
2640,0,0,0,0,.9077,1,1,1,1,3,3
2650,0,4,0,0,.9636,1,4,1,1,2,2
2660,0,0,0,0,.9187,1,1,1,1,3,3
2670,0,6,0,0,.9231,1,5,1,1,3,3
2680,0,0,0,0,.916,1,1,1,1,3,3
2700,0,13,0,0,.8576,1,5,1,1,4,4
2710,0,40,0,0,,1,5,1,1,,0
2710,0,40,0,0,.9349,1,5,1,1,3,3
2718,0,0,0,0,,1,1,1,1,,0
2719,0,1,1,0,.8383000000000001,1,4,5,1,4,4
2720,0,0,0,0,.9895000000000001,1,1,1,1,2,2
2720,0,0,0,0,.9187,1,1,1,1,3,3
2729,0,0,0,0,,1,1,1,1,,0
2730,0,27,0,0,.9703000000000001,1,5,1,1,2,2
2739,0,0,0,0,,1,1,1,1,,0
2750,0,66,0,0,.8293,1,5,1,1,4,4
2750,0,66,0,0,,1,5,1,1,,0
2750,0,66,0,0,,1,5,1,1,,0
2760,0,0,0,0,.9443,1,1,1,1,3,3
2760,0,0,0,0,1,1,1,1,1,1,1
2770,0,0,0,0,.8267,1,1,1,1,4,4
2780,0,0,0,0,.9359,1,1,1,1,3,3
2790,1,32,0,0,.9471000000000001,5,5,1,1,3,3
2800,0,25,0,0,.9967,1,5,1,1,1,2
2810,0,0,0,0,.9498,1,1,1,1,3,3
2810,0,0,0,0,.9246,1,1,1,1,3,3
2820,0,0,1,0,,1,1,5,1,,0
2830,0,0,0,0,,1,1,1,1,,0
2830,0,0,0,0,.9236,1,1,1,1,3,3
2840,0,0,0,0,.9856,1,1,1,1,2,2
2840,0,0,0,0,,1,1,1,1,,0
2850,0,1,0,0,.9496,1,4,1,1,3,3
2860,0,9,4,0,.9496,1,5,5,1,3,3
2870,0,3,0,0,.97,1,4,1,1,2,2
2900,0,0,0,0,.9086,1,1,1,1,3,3
2910,0,3,0,0,.9257,1,4,1,1,3,3
2920,0,2,0,0,.9607,1,4,1,1,2,2
2930,0,0,0,0,.9134,1,1,1,1,3,3
2940,0,0,0,0,.9597,1,1,1,1,2,2
2950,0,17,0,0,.9341,1,5,1,1,3,3
2960,0,1,0,0,.7625,1,4,1,1,5,5
2970,0,0,0,0,.8595,1,1,1,1,4,4
2980,0,0,0,0,.8389,1,1,1,1,4,4
2980,0,0,0,0,.9088000000000001,1,1,1,1,3,3
2990,0,3,3,0,.9675,1,4,5,1,2,3
3000,0,9,3,0,.997,1,5,5,1,1,2
3010,0,5,0,0,.9952,1,5,1,1,1,2
3020,1,11,0,0,,5,5,1,1,,0
3020,1,11,0,0,.9946,5,5,1,1,1,2
3023,0,25,0,0,,1,5,1,1,,0
3023,0,25,0,0,.9915000000000001,1,5,1,1,1,2
3027,0,0,0,0,,1,1,1,1,,0
3028,0,0,0,0,,1,1,1,1,,0
3100,1,0,0,0,.9972,5,1,1,1,1,2
3100,1,0,0,0,.9962,5,1,1,1,1,2
3100,1,0,0,0,.9962,5,1,1,1,1,2
3100,1,0,0,0,.9962,5,1,1,1,1,2
3100,1,0,0,0,.9962,5,1,1,1,1,2
3103,0,19,0,0,.9977,1,5,1,1,1,2
3104,0,27,0,0,.9972,1,5,1,1,1,2
3109,0,0,0,0,,1,1,1,1,,0
3199,0,1,0,0,,1,4,1,1,,0
3200,0,21,4,0,.9913,1,5,5,1,1,2
3219,0,0,0,0,,1,1,1,1,,0
3220,0,0,0,0,,1,1,1,1,,0
3229,0,0,0,0,,1,1,1,1,,0
3230,0,4,5,0,.9976,1,4,5,1,1,2
3240,1,13,3,0,1,5,5,5,1,1,2
3300,0,8,7,1,.9925000000000001,1,5,5,5,1,2
3303,0,5,0,0,.9906,1,5,1,1,1,2
3310,0,19,3,1,.9815,1,5,5,5,2,3
3311,0,0,0,1,,1,1,1,5,,0
3313,0,0,0,0,,1,1,1,1,,0
3319,1,1,0,0,,5,4,1,1,,0
3320,0,1,1,0,.9534,1,4,5,1,2,3
3330,0,0,0,0,.9731,1,1,1,1,2,2
3339,0,0,0,0,,1,1,1,1,,0
3340,0,0,3,0,.9962,1,1,5,1,1,2
3400,1,0,2,0,.9947,5,1,5,1,1,2
3400,1,0,2,0,.9947,5,1,5,1,1,2
3410,0,1,0,0,.9913,1,4,1,1,1,2
3420,0,1,0,0,.9956,1,4,1,1,1,2
3430,0,0,1,0,.9921,1,1,5,1,1,2
3440,0,3,0,1,.9638,1,4,1,5,2,3
3500,1,10,4,0,.9941,5,5,5,1,1,2
3510,0,8,0,0,.9944,1,5,1,1,1,2
3520,0,1,1,0,.9967,1,4,5,1,1,2
3530,1,0,1,0,.9901,5,1,5,1,2,3
3540,0,2,1,0,.9935000000000001,1,4,5,1,1,2
3550,0,2,0,0,.9921,1,4,1,1,1,2
3560,0,0,0,0,.9925000000000001,1,1,1,1,1,1
3570,0,21,1,0,.9929,1,5,5,1,1,2
3580,0,1,1,0,.9937,1,4,5,1,1,2
3590,0,1,3,0,1,1,4,5,1,1,2
3600,0,5,0,0,.9943,1,5,1,1,1,2
3610,0,38,0,0,.9913,1,5,1,1,1,2
3620,0,0,0,0,.9935000000000001,1,1,1,1,1,1
3630,0,6,0,0,.9896,1,5,1,1,2,2
3640,0,6,0,0,1,1,5,1,1,1,2
3650,1,1,2,0,.9992,5,4,5,1,1,2
3660,1,7,0,0,.9876,5,5,1,1,2,3
3700,0,1,1,0,.9959,1,4,5,1,1,2
3710,1,1,2,0,.9893,5,4,5,1,2,3
3720,0,0,0,0,.9999,1,1,1,1,1,1
3730,0,1,1,0,.9804000000000001,1,4,5,1,2,3
3740,0,6,0,0,.9976,1,5,1,1,1,2
3800,0,0,5,0,.9966,1,1,5,1,1,2
3809,0,0,0,0,,1,1,1,1,,0
3810,1,6,2,0,.9975000000000001,5,5,5,1,1,2
3818,0,0,0,0,,1,1,1,1,,0
3819,0,0,0,0,,1,1,1,1,,0
3820,0,3,2,0,.9863,1,4,5,1,2,3
3840,0,0,0,0,.9887,1,1,1,1,2,2
3849,0,0,0,0,,1,1,1,1,,0
3900,0,0,0,0,.9964,1,1,1,1,1,1
3910,0,3,3,0,.992,1,4,5,1,1,2
3920,1,7,1,0,.9986,5,5,5,1,1,2
3930,0,3,1,0,.9961,1,4,5,1,1,2
3940,0,0,0,0,.9953,1,1,1,1,1,1
3949,0,0,0,0,,1,1,1,1,,0
4000,0,21,0,0,.9921,1,5,1,1,1,2
4009,0,0,0,0,,1,1,1,1,,0
4010,0,0,2,0,.9866,1,1,5,1,2,2
4020,0,1,0,0,.9971,1,4,1,1,1,2
4030,0,0,0,0,.9758,1,1,1,1,2,2
4040,0,10,1,0,.9975000000000001,1,5,5,1,1,2
4100,0,16,1,0,.9919,1,5,5,1,1,2
4110,0,1,0,0,,1,4,1,1,,0
4120,0,0,0,0,.9628,1,1,1,1,2,2
4120,0,0,0,0,.9733000000000001,1,1,1,1,2,2
4129,0,0,0,0,,1,1,1,1,,0
4200,0,2,1,0,.9973,1,4,5,1,1,2
4210,0,0,0,0,.9982,1,1,1,1,1,1
4230,0,4,0,0,.9791,1,4,1,1,2,2
4239,0,0,0,0,,1,1,1,1,,0
4240,0,0,0,0,.9664,1,1,1,1,2,2
4250,0,1,0,0,.9928,1,4,1,1,1,2
4259,0,0,0,0,,1,1,1,1,,0
4260,0,0,0,0,.8619,1,1,1,1,4,4
4260,0,0,0,0,.6635,1,1,1,1,5,5
4260,0,0,0,0,.8879,1,1,1,1,4,4
4260,0,0,0,0,.8821,1,1,1,1,4,4
4270,0,0,1,0,,1,1,5,1,,0
4280,0,0,1,0,,1,1,5,1,,0
4300,0,560,1,0,.8315,1,5,5,1,4,4
4307,0,7,0,0,,1,5,1,1,,0
4309,0,0,0,0,,1,1,1,1,,0
4310,0,8,0,0,.9957,1,5,1,1,1,2
4310,0,8,0,0,,1,5,1,1,,0
4317,0,0,0,0,,1,1,1,1,,0
4318,0,0,0,0,.9915000000000001,1,1,1,1,1,1
4319,0,0,0,0,,1,1,1,1,,0
4319,0,0,0,0,,1,1,1,1,,0
4320,0,0,0,0,.9992,1,1,1,1,1,1
4320,0,0,0,0,.8263,1,1,1,1,4,4
4320,0,0,0,0,.9957,1,1,1,1,1,1
4326,0,0,0,0,,1,1,1,1,,0
4327,0,0,0,0,,1,1,1,1,,0
4330,1,0,0,0,.9912,5,1,1,1,1,2
4330,1,0,0,0,,5,1,1,1,,0
4330,1,0,0,0,.9521,5,1,1,1,2,3
4330,1,0,0,0,,5,1,1,1,,0
4330,1,0,0,0,,5,1,1,1,,0
4330,1,0,0,0,,5,1,1,1,,0
4330,1,0,0,0,.9965000000000001,5,1,1,1,1,2
4336,0,0,0,0,,1,1,1,1,,0
4337,0,0,0,0,,1,1,1,1,,0
4338,0,0,0,0,,1,1,1,1,,0
4340,0,0,0,0,,1,1,1,1,,0
4340,0,0,0,0,.9956,1,1,1,1,1,1
4340,0,0,0,0,,1,1,1,1,,0
4350,0,1,0,0,,1,4,1,1,,0
4350,0,1,0,0,,1,4,1,1,,0
4350,0,1,0,0,,1,4,1,1,,0
4350,0,1,0,0,,1,4,1,1,,0
4350,0,1,0,0,,1,4,1,1,,0
4359,0,0,0,0,,1,1,1,1,,0
4360,1,0,0,0,.8456,5,1,1,1,4,4
4360,1,0,0,0,.9948,5,1,1,1,1,2
4368,0,0,0,0,,1,1,1,1,,0
4369,0,17,1,0,.8433000000000001,1,5,5,1,4,4
4370,0,0,0,0,.9867,1,1,1,1,2,2
4370,0,0,0,0,.9962,1,1,1,1,1,1
4370,0,0,0,0,,1,1,1,1,,0
4380,0,0,0,0,.9273,1,1,1,1,3,3
4380,0,0,0,0,1,1,1,1,1,1,1
4390,0,0,0,0,.9351,1,1,1,1,3,3
4390,0,0,0,0,.8192,1,1,1,1,4,4
4400,0,1,0,0,.9992,1,4,1,1,1,2
4410,0,2,0,0,,1,4,1,1,,0
4410,0,2,0,0,.9906,1,4,1,1,1,2
4420,0,0,0,0,.9787,1,1,1,1,2,2
4440,0,0,0,0,.9983,1,1,1,1,1,1
4440,0,0,0,0,1,1,1,1,1,1,1
4440,0,0,0,0,1,1,1,1,1,1,1
4450,0,0,0,0,1,1,1,1,1,1,1
4460,1,0,0,0,.9957,5,1,1,1,1,2
4460,1,0,0,0,.9957,5,1,1,1,1,2
4470,0,0,0,0,.9915000000000001,1,1,1,1,1,1
4470,0,0,0,0,.9855,1,1,1,1,2,2
4480,0,0,0,0,.9923,1,1,1,1,1,1
4480,0,0,0,0,.9979,1,1,1,1,1,1
4480,0,0,0,0,.9829,1,1,1,1,2,2
4480,0,0,0,0,.9983,1,1,1,1,1,1
4489,0,1,0,0,.9984,1,4,1,1,1,2
4490,0,0,0,0,.9986,1,1,1,1,1,1
4490,0,0,0,0,.9952,1,1,1,1,1,1
4500,0,7,5,0,.9985000000000001,1,5,5,1,1,2
4510,0,0,0,0,,1,1,1,1,,0
4513,0,0,0,0,,1,1,1,1,,0
4513,0,0,0,0,,1,1,1,1,,0
4519,0,0,0,0,.9757,1,1,1,1,2,2
4530,0,2,3,0,.9977,1,4,5,1,1,2
4535,0,0,0,0,,1,1,1,1,,0
4600,0,156,2,0,.8723,1,5,5,1,4,4
4610,0,0,1,0,.9892,1,1,5,1,2,2
4620,0,20,3,0,.9499,1,5,5,1,3,3
4630,0,304,0,0,.8579,1,5,1,1,4,4
4640,1,1,0,0,.9975000000000001,5,4,1,1,1,2
4650,1,0,0,0,.865,5,1,1,1,4,4
4650,1,0,0,0,,5,1,1,1,,0
4660,0,0,0,0,,1,1,1,1,,0
4660,0,0,0,0,1,1,1,1,1,1,1
4700,1,1,0,0,.9985000000000001,5,4,1,1,1,2
4700,1,1,0,0,,5,4,1,1,,0
4710,0,4,0,0,.9956,1,4,1,1,1,2
4718,0,0,0,0,,1,1,1,1,,0
4719,1,1,0,0,,5,4,1,1,,0
4719,1,1,0,0,,5,4,1,1,,0
4720,0,0,0,0,,1,1,1,1,,0
4729,0,0,0,0,,1,1,1,1,,0
4730,0,0,0,0,.9721,1,1,1,1,2,2
4730,0,0,0,0,1,1,1,1,1,1,1
4738,0,0,0,0,,1,1,1,1,,0
4738,0,0,0,0,,1,1,1,1,,0
4739,0,0,2,0,.9769,1,1,5,1,2,2
4800,0,0,0,0,1,1,1,1,1,1,1
4800,0,0,0,0,.9988,1,1,1,1,1,1
4810,0,0,0,0,.999,1,1,1,1,1,1
4815,0,10,0,0,,1,5,1,1,,0
4830,0,4,0,0,.9911,1,4,1,1,1,2
4830,0,4,0,0,,1,4,1,1,,0
4840,0,5,0,0,,1,5,1,1,,0
4843,0,0,0,0,,1,1,1,1,,0
4849,0,0,0,0,,1,1,1,1,,0
4850,0,0,0,0,,1,1,1,1,,0
4859,0,0,0,0,,1,1,1,1,,0
4870,0,2,0,0,,1,4,1,1,,0
4870,0,2,0,0,.9857,1,4,1,1,2,2
4890,0,0,0,0,.9958,1,1,1,1,1,1
4890,0,0,0,0,.9958,1,1,1,1,1,1
4890,0,0,0,0,.9986,1,1,1,1,1,1
4899,0,2,0,0,.9616,1,4,1,1,2,2
4908,0,0,0,0,,1,1,1,1,,0
4909,0,0,0,0,.9978,1,1,1,1,1,1
4909,0,0,0,0,.9977,1,1,1,1,1,1
4909,0,0,0,0,.9984,1,1,1,1,1,1
4910,0,1,2,0,.8785,1,4,5,1,4,4
4918,0,2,0,0,.9977,1,4,1,1,1,2
4919,0,0,0,0,.974,1,1,1,1,2,2
4920,0,11,8,0,.9995000000000001,1,5,5,1,1,2
4921,0,1,0,0,,1,4,1,1,,0
4929,0,0,0,0,1,1,1,1,1,1,1
4930,0,0,1,0,1,1,1,5,1,1,2
4938,0,1,0,0,.9992,1,4,1,1,1,2
4939,0,0,0,0,.9991,1,1,1,1,1,1
4940,0,0,0,0,1,1,1,1,1,1,1
4950,0,0,0,0,.9991,1,1,1,1,1,1
4960,0,0,0,0,.9985000000000001,1,1,1,1,1,1
4970,0,0,0,0,.9982,1,1,1,1,1,1
4980,0,0,0,0,.9339,1,1,1,1,3,3
4980,0,0,0,0,.9819,1,1,1,1,2,2
4980,0,0,0,0,,1,1,1,1,,0
5000,0,128,0,0,.9008000000000001,1,5,1,1,4,4
5009,0,7,0,0,,1,5,1,1,,0
5010,0,15,0,0,.7108,1,5,1,1,5,5
5020,0,5,0,0,.728,1,5,1,1,5,5
5030,0,0,0,0,.908,1,1,1,1,3,3
5030,0,0,0,0,.9188,1,1,1,1,3,3
5039,0,0,0,1,,1,1,1,5,,0
5050,1,0,0,1,.5853,5,1,1,5,5,5
5050,1,0,0,1,.5853,5,1,1,5,5,5
5060,0,0,0,0,,1,1,1,1,,0
5100,0,49,0,0,.8959,1,5,1,1,4,4
5109,0,0,1,0,,1,1,5,1,,0
5110,0,9,1,0,.896,1,5,5,1,4,4
5118,0,2,0,0,.9187,1,4,1,1,3,3
5119,0,4,0,0,.9822,1,4,1,1,2,2
5120,1,0,1,1,.9574,5,1,5,5,2,3
5120,1,0,1,1,.9574,5,1,5,5,2,3
5126,0,0,0,0,,1,1,1,1,,0
5128,0,0,0,0,,1,1,1,1,,0
5129,1,0,1,0,.9011,5,1,5,1,4,4
5129,1,0,1,0,.9011,5,1,5,1,4,4
5129,1,0,1,0,.9011,5,1,5,1,4,4
5130,0,1,0,0,,1,4,1,1,,0
5200,0,33,0,0,.9699,1,5,1,1,2,2
5214,0,0,0,0,,1,1,1,1,,0
5219,0,2,0,0,.9503,1,4,1,1,3,3
5220,0,0,0,0,.969,1,1,1,1,2,2
5230,0,0,1,0,.9514,1,1,5,1,2,2
5238,0,0,0,0,,1,1,1,1,,0
5240,0,1,0,0,.9868,1,4,1,1,2,2
5249,0,0,0,0,,1,1,1,1,,0
5260,0,23,1,0,.907,1,5,5,1,3,3
5268,0,0,0,0,,1,1,1,1,,0
5269,0,2,0,0,.7452,1,4,1,1,5,5
5270,0,6,0,0,.9372,1,5,1,1,3,3
5280,0,2,0,0,.8701,1,4,1,1,4,4
5310,0,4,0,0,.9576,1,4,1,1,2,2
5320,0,7,0,1,.9692,1,5,1,5,2,3
5330,0,0,0,0,.9499,1,1,1,1,3,3
5330,0,0,0,0,.9111,1,1,1,1,3,3
5330,0,0,0,0,.9156,1,1,1,1,3,3
5330,0,0,0,0,,1,1,1,1,,0
5348,0,11,0,0,.983,1,5,1,1,2,2
5349,0,0,1,0,,1,1,5,1,,0
5360,0,0,0,0,.9385,1,1,1,1,3,3
5370,0,1,1,0,.8909,1,4,5,1,4,4
5379,0,1,0,0,.8186,1,4,1,1,4,4
5400,0,19,0,0,.8744,1,5,1,1,4,4
5410,0,0,0,0,.7533,1,1,1,1,5,5
5410,0,0,0,0,.6242,1,1,1,1,5,5
5500,0,34,0,0,.9083,1,5,1,1,3,3
5501,1,0,0,0,,5,1,1,1,,0
5520,0,2,0,0,,1,4,1,1,,0
5530,0,5,0,0,.9277,1,5,1,1,3,3
5600,1,0,0,0,.7937,5,1,1,1,5,5
5600,1,0,0,0,.7937,5,1,1,1,5,5
5610,0,1,0,0,.4637,1,4,1,1,5,5
5619,0,0,0,0,,1,1,1,1,,0
5620,0,2,0,0,,1,4,1,1,,0
5700,0,18,1,0,,1,5,5,1,,0
5710,0,111,0,0,.7665,1,5,1,1,5,5
5730,0,35,0,0,.7992,1,5,1,1,5,5
5750,0,141,0,0,.6261,1,5,1,1,5,5
5760,0,4,0,0,.6705,1,4,1,1,5,5
5780,0,0,0,0,.5859,1,1,1,1,5,5
6000,0,10,6,0,.9358,1,5,5,1,3,3
6010,0,7,0,0,.9358,1,5,1,1,3,3
6018,0,0,0,0,,1,1,1,1,,0
6020,0,0,0,0,.9358,1,1,1,1,3,3
6030,0,0,0,0,.9769,1,1,1,1,2,2
6038,0,0,0,0,,1,1,1,1,,0
6039,0,0,0,0,,1,1,1,1,,0
6040,0,0,0,0,.9358,1,1,1,1,3,3
6050,0,0,0,0,.9358,1,1,1,1,3,3
6057,0,0,0,0,,1,1,1,1,,0
6058,0,0,0,0,,1,1,1,1,,0
6060,0,0,0,0,.9358,1,1,1,1,3,3
6065,0,0,0,0,,1,1,1,1,,0
6066,0,0,0,0,,1,1,1,1,,0
6067,0,0,0,0,,1,1,1,1,,0
6068,0,0,0,0,,1,1,1,1,,0
6070,0,0,0,0,.9358,1,1,1,1,3,3
6079,0,0,0,0,,1,1,1,1,,0
6080,0,0,0,0,.9358,1,1,1,1,3,3
6090,0,0,0,0,.9358,1,1,1,1,3,3
6100,0,0,3,0,.997,1,1,5,1,1,2
6140,0,0,1,0,.997,1,1,5,1,1,2
6170,0,0,0,0,.9974,1,1,1,1,1,1
6171,0,0,0,0,,1,1,1,1,,0
6179,0,0,0,0,,1,1,1,1,,0
6199,0,0,0,0,,1,1,1,1,,0
6200,0,2,0,0,,1,4,1,1,,0
6200,0,2,0,0,.9699,1,4,1,1,2,2
6220,0,3,0,0,.9758,1,4,1,1,2,2
6240,0,1,1,0,.9658,1,4,5,1,2,3
6250,0,0,0,0,.9761,1,1,1,1,2,2
6270,0,1,0,0,.9712,1,4,1,1,2,2
6280,0,0,0,0,.9756,1,1,1,1,2,2
6300,0,2,3,0,.9728,1,4,5,1,2,3
6302,1,0,0,1,,5,1,1,5,,0
6309,0,0,0,0,,1,1,1,1,,0
6350,0,0,0,0,.9752,1,1,1,1,2,2
6357,0,0,0,0,,1,1,1,1,,0
6400,0,7,2,0,.9728,1,5,5,1,2,3
6430,0,1,2,0,.9983,1,4,5,1,1,2
6450,0,21,3,0,.9598,1,5,5,1,2,3
6470,1,0,1,0,.9877,5,1,5,1,2,3
6470,1,0,1,0,.9877,5,1,5,1,2,3
6479,0,0,0,0,,1,1,1,1,,0
6500,0,12,2,0,.9959,1,5,5,1,1,2
6589,0,0,0,0,,1,1,1,1,,0
6597,0,0,0,0,,1,1,1,1,,0
6598,0,0,0,0,,1,1,1,1,,0
6599,0,0,0,0,,1,1,1,1,,0
6600,0,46,5,1,.9824000000000001,1,5,5,5,2,3
6606,0,0,0,0,,1,1,1,1,,0
6609,0,0,0,0,,1,1,1,1,,0
6691,0,0,0,0,,1,1,1,1,,0
6692,0,0,0,0,,1,1,1,1,,0
6693,0,0,0,0,,1,1,1,1,,0
6694,0,0,0,0,,1,1,1,1,,0
6695,0,0,0,0,,1,1,1,1,,0
6696,0,0,0,0,,1,1,1,1,,0
6698,0,0,0,0,,1,1,1,1,,0
6699,0,0,0,0,,1,1,1,1,,0
6700,1,2,7,0,.9769,5,4,5,1,2,3
6703,1,0,0,0,,5,1,1,1,,0
6704,0,0,0,0,,1,1,1,1,,0
6707,0,0,0,0,,1,1,1,1,,0
6720,0,3,3,0,.9825,1,4,5,1,2,3
6724,0,0,0,0,,1,1,1,1,,0
6725,0,0,0,0,,1,1,1,1,,0
6727,0,0,0,0,,1,1,1,1,,0
6728,0,0,0,0,,1,1,1,1,,0
6729,0,0,0,0,,1,1,1,1,,0
6740,0,0,0,0,,1,1,1,1,,0
6760,1,0,2,0,.992,5,1,5,1,1,2
6760,1,0,2,0,.992,5,1,5,1,1,2
6760,1,0,2,0,.992,5,1,5,1,1,2
6780,0,0,3,0,.9679,1,1,5,1,2,2
6796,0,0,0,0,,1,1,1,1,,0
6797,0,0,0,0,,1,1,1,1,,0
6798,0,0,0,0,,1,1,1,1,,0
6800,0,0,2,0,.9801,1,1,5,1,2,2
6820,0,2,1,0,.978,1,4,5,1,2,3
6840,0,0,0,0,.9767,1,1,1,1,2,2
6850,0,0,2,0,.967,1,1,5,1,2,2
6860,0,0,1,0,.9622000000000001,1,1,5,1,2,2
6870,0,0,0,0,.9549,1,1,1,1,2,2
6880,0,0,2,0,.9872,1,1,5,1,2,2
6890,0,0,0,0,.9626,1,1,1,1,2,2
6900,0,2,2,0,.9988,1,4,5,1,1,2
6920,0,0,1,0,.9674,1,1,5,1,2,2
6995,0,0,0,0,,1,1,1,1,,0
7000,0,40,2,0,.9693000000000001,1,5,5,1,2,3
7010,0,0,0,0,.9287,1,1,1,1,3,3
7010,0,0,0,0,.7843,1,1,1,1,5,5
7010,0,0,0,0,.8036,1,1,1,1,5,5
7020,0,16,1,0,.9905000000000001,1,5,5,1,2,3
7040,0,1,0,0,.9051,1,4,1,1,3,3
7050,0,21,0,0,.8042,1,5,1,1,5,5
7058,0,1,0,0,.8857,1,4,1,1,4,4
7059,0,5,0,0,,1,5,1,1,,0
7060,0,1,0,0,.9091,1,4,1,1,3,3
7069,0,0,0,0,.9382,1,1,1,1,3,3
7070,0,0,0,0,.6687,1,1,1,1,5,5
7070,0,0,0,0,.86,1,1,1,1,4,4
7070,0,0,0,0,.9274,1,1,1,1,3,3
7080,0,3,0,0,.7744,1,4,1,1,5,5
7089,0,1,0,0,.8385,1,4,1,1,4,4
7090,0,0,0,0,.995,1,1,1,1,1,1
7090,0,0,0,0,.9974,1,1,1,1,1,1
7100,0,0,0,0,.8864,1,1,1,1,4,4
7100,0,0,0,0,.8013,1,1,1,1,5,5
7109,0,2,0,0,.9065,1,4,1,1,3,3
7110,0,0,0,0,.7734,1,1,1,1,5,5
7119,0,0,0,0,.7389,1,1,1,1,5,5
7119,0,0,0,0,.625,1,1,1,1,5,5
7130,0,0,0,0,.8525,1,1,1,1,4,4
7130,0,0,0,0,.8244,1,1,1,1,4,4
7140,0,0,0,0,.8132,1,1,1,1,4,4
7140,0,0,0,0,.8443000000000001,1,1,1,1,4,4
7140,0,0,0,0,.5166,1,1,1,1,5,5
7140,0,0,0,0,.8274,1,1,1,1,4,4
7144,0,0,0,0,.7243000000000001,1,1,1,1,5,5
7144,0,0,0,0,.6721,1,1,1,1,5,5
7149,0,0,0,0,.8106,1,1,1,1,5,5
7150,0,0,0,0,.765,1,1,1,1,5,5
7150,0,0,0,0,.7962,1,1,1,1,5,5
7160,0,24,0,0,.8616,1,5,1,1,4,4
7164,0,0,0,0,.7664,1,1,1,1,5,5
7164,0,0,0,0,.9685,1,1,1,1,2,2
7164,0,0,0,0,.7531,1,1,1,1,5,5
7164,0,0,0,0,.6861,1,1,1,1,5,5
7170,0,10,0,0,.8266,1,5,1,1,4,4
7180,0,0,0,0,.8802,1,1,1,1,4,4
7180,0,0,0,0,.7719,1,1,1,1,5,5
7180,0,0,0,0,.7724,1,1,1,1,5,5
7183,0,3,0,0,.608,1,4,1,1,5,5
7187,0,1,0,0,.5914,1,4,1,1,5,5
7188,0,10,0,0,.7023,1,5,1,1,5,5
7189,0,1,0,0,.6335,1,4,1,1,5,5
7190,0,27,0,0,.8586,1,5,1,1,4,4
7199,0,1,0,0,.7516000000000001,1,4,1,1,5,5
7200,0,22,0,0,.8515,1,5,1,1,4,4
7207,0,1,0,0,.9095,1,4,1,1,3,3
7208,0,0,0,0,,1,1,1,1,,0
7209,0,1,0,0,.904,1,4,1,1,3,3
7210,0,14,0,0,.8842,1,5,1,1,4,4
7214,0,1,0,0,.7989000000000001,1,4,1,1,5,5
7220,0,0,0,0,.8311,1,1,1,1,4,4
7220,0,0,0,0,.8604000000000001,1,1,1,1,4,4
7224,0,0,0,0,.5387,1,1,1,1,5,5
7230,0,11,0,0,.9343,1,5,1,1,3,3
7239,0,0,0,0,.9523,1,1,1,1,2,2
7240,0,2,0,0,.8361,1,4,1,1,4,4
7248,0,0,0,0,,1,1,1,1,,0
7248,0,0,0,0,,1,1,1,1,,0
7248,0,0,0,0,,1,1,1,1,,0
7248,0,0,0,0,,1,1,1,1,,0
7248,0,0,0,0,,1,1,1,1,,0
7249,0,0,0,0,,1,1,1,1,,0
7249,0,0,0,0,,1,1,1,1,,0
7250,0,2,0,0,.8288,1,4,1,1,4,4
7259,0,0,0,0,.7063,1,1,1,1,5,5
7268,0,5,0,0,.9879,1,5,1,1,2,2
7269,0,0,0,0,,1,1,1,1,,0
7270,0,0,0,0,.9988,1,1,1,1,1,1
7279,0,8,0,0,.9955000000000001,1,5,1,1,1,2
7280,0,14,0,0,,1,5,1,1,,0
7280,0,14,0,0,.9639,1,5,1,1,2,2
7290,0,4,0,0,.8198,1,4,1,1,4,4
7300,0,0,0,0,.9569,1,1,1,1,2,2
7300,0,0,0,0,.9985000000000001,1,1,1,1,1,1
7309,0,0,0,0,,1,1,1,1,,0
7310,0,6,0,0,.7508,1,5,1,1,5,5
7320,0,0,0,0,.9555,1,1,1,1,2,2
7320,0,0,0,0,,1,1,1,1,,0
7320,0,0,0,0,.9989,1,1,1,1,1,1
7320,0,0,0,0,.9989,1,1,1,1,1,1
7323,0,0,0,0,,1,1,1,1,,0
7326,0,0,0,0,,1,1,1,1,,0
7327,0,0,0,0,,1,1,1,1,,0
7328,0,0,0,0,,1,1,1,1,,0
7329,0,29,0,0,,1,5,1,1,,0
7330,0,3,0,0,.9619,1,4,1,1,2,2
7340,0,0,0,0,.9285,1,1,1,1,3,3
7340,0,0,0,0,.9976,1,1,1,1,1,1
7349,0,1,0,0,,1,4,1,1,,0
7350,0,0,0,0,.9092,1,1,1,1,3,3
7350,0,0,0,0,.7595,1,1,1,1,5,5
7359,0,2,0,0,.7675,1,4,1,1,5,5
7360,0,91,0,0,,1,5,1,1,,0
7360,0,91,0,0,.9256,1,5,1,1,3,3
7363,0,39,0,0,,1,5,1,1,,0
7369,0,25,2,0,.9822,1,5,5,1,2,3
7370,0,1,0,0,.9376,1,4,1,1,3,3
7380,0,0,0,0,.9184,1,1,1,1,3,3
7380,0,0,0,0,.9136,1,1,1,1,3,3
7400,0,10,0,0,.9508,1,5,1,1,2,2
7410,0,0,0,0,.9307,1,1,1,1,3,3
7410,0,0,0,0,.8834,1,1,1,1,4,4
7420,0,0,0,0,.8667,1,1,1,1,4,4
7420,0,0,0,0,.9665,1,1,1,1,2,2
7430,0,0,0,0,.9215,1,1,1,1,3,3
7440,0,5,0,0,.9644,1,5,1,1,2,2
7450,0,29,0,0,.999,1,5,1,1,1,2
7455,0,1,0,0,1,1,4,1,1,1,2
7456,0,0,0,0,.9987,1,1,1,1,1,1
7456,0,0,0,0,.9989,1,1,1,1,1,1
7457,0,0,0,0,,1,1,1,1,,0
7457,0,0,0,0,,1,1,1,1,,0
7458,0,1,0,0,,1,4,1,1,,0
7459,0,5,0,0,,1,5,1,1,,0
7460,0,6,0,0,.9292,1,5,1,1,3,3
7469,0,64,0,0,.9401000000000001,1,5,1,1,3,3
7470,0,0,0,0,.9978,1,1,1,1,1,1
7480,0,3,0,0,.9891,1,4,1,1,2,2
7500,0,30,0,0,.9049,1,5,1,1,3,3
7509,0,17,0,0,.9293,1,5,1,1,3,3
7509,0,17,0,0,.9293,1,5,1,1,3,3
7510,0,9,0,0,.8396,1,5,1,1,4,4
7520,0,29,0,0,.902,1,5,1,1,4,4
7530,0,88,0,0,,1,5,1,1,,0
7530,0,88,0,0,.911,1,5,1,1,3,3
7540,0,407,0,1,.9537,1,5,1,5,2,3
7548,0,1,0,0,,1,4,1,1,,0
7549,0,0,0,0,,1,1,1,1,,0
7549,0,0,0,0,,1,1,1,1,,0
7550,0,66,0,0,.8557,1,5,1,1,4,4
7560,0,64,0,0,.859,1,5,1,1,4,4
7570,0,9,0,0,.9924,1,5,1,1,1,2
7580,0,265,1,0,.915,1,5,5,1,3,3
7600,0,2,0,0,.9664,1,4,1,1,2,2
7620,0,11,0,0,.967,1,5,1,1,2,2
7630,0,4,0,1,.9337,1,4,1,5,3,3
7640,0,2,0,0,.9564,1,4,1,1,2,2
7650,0,0,1,0,.9591,1,1,5,1,2,2
7660,0,2,0,0,,1,4,1,1,,0
7670,0,1,0,0,.9326,1,4,1,1,3,3
7680,0,0,0,0,.9467,1,1,1,1,3,3
7700,0,15,0,0,,1,5,1,1,,0
7700,0,15,0,0,.9834000000000001,1,5,1,1,2,2
7700,0,15,0,0,,1,5,1,1,,0
7707,1,1,0,0,.9902,5,4,1,1,2,3
7708,0,0,0,0,.9973,1,1,1,1,1,1
7709,0,0,0,0,,1,1,1,1,,0
7710,0,0,0,0,,1,1,1,1,,0
7720,0,0,0,0,.998,1,1,1,1,1,1
7729,0,0,0,1,,1,1,1,5,,0
7730,0,0,0,0,.9573,1,1,1,1,2,2
7730,0,0,0,0,.9827,1,1,1,1,2,2
7730,0,0,0,0,.9941,1,1,1,1,1,1
7738,0,0,0,0,,1,1,1,1,,0
7739,0,0,0,0,.9862,1,1,1,1,2,2
7740,0,0,0,0,.9963,1,1,1,1,1,1
7750,0,14,0,0,.9822,1,5,1,1,2,2
7754,0,1,0,0,1,1,4,1,1,1,2
7755,0,0,0,0,.9988,1,1,1,1,1,1
7760,0,6,1,0,.9214,1,5,5,1,3,3
7770,0,0,0,0,.8933,1,1,1,1,4,4
7770,0,0,0,0,.8985,1,1,1,1,4,4
7780,0,0,0,0,.9588,1,1,1,1,2,2
7780,0,0,0,0,.9659,1,1,1,1,2,2
7790,0,0,0,0,.9675,1,1,1,1,2,2
7790,0,0,0,0,.8645000000000001,1,1,1,1,4,4
7800,1,12,1,0,.9863,5,5,5,1,2,3
7810,0,47,0,0,.9907,1,5,1,1,1,2
7820,0,0,0,0,.9728,1,1,1,1,2,2
7820,0,0,0,0,.9846,1,1,1,1,2,2
7830,0,6,0,0,.9723000000000001,1,5,1,1,2,2
7838,0,0,0,0,.9249000000000001,1,1,1,1,3,3
7839,0,0,0,0,.9333,1,1,1,1,3,3
7840,0,0,0,0,.9968,1,1,1,1,1,1
7840,0,0,0,0,.9652,1,1,1,1,2,2
7850,0,0,0,0,.9775,1,1,1,1,2,2
7850,0,0,0,0,1,1,1,1,1,1,1
7858,0,1,0,0,.9941,1,4,1,1,1,2
7859,0,2,0,0,.9423,1,4,1,1,3,3
7860,0,0,0,0,.9603,1,1,1,1,2,2
7860,0,0,0,0,.942,1,1,1,1,3,3
7869,0,4,0,0,.9433,1,4,1,1,3,3
7870,0,0,0,0,.9964,1,1,1,1,1,1
7870,0,0,0,0,.9451000000000001,1,1,1,1,3,3
7880,0,1,1,0,.9766,1,4,5,1,2,3
7889,0,0,0,0,.9757,1,1,1,1,2,2
7890,0,0,0,0,.9137,1,1,1,1,3,3
7890,0,0,0,0,.9393,1,1,1,1,3,3
7890,0,0,0,0,.9643000000000001,1,1,1,1,2,2
7899,0,0,0,0,.921,1,1,1,1,3,3
7900,0,18,0,0,.9398,1,5,1,1,3,3
7909,0,0,0,0,,1,1,1,1,,0
7910,0,62,0,0,.8749,1,5,1,1,4,4
7918,0,8,1,0,.9873,1,5,5,1,2,3
7919,0,18,0,0,.9125,1,5,1,1,3,3
7920,0,0,0,0,.882,1,1,1,1,4,4
7920,0,0,0,0,1,1,1,1,1,1,1
7930,0,0,0,0,.9719,1,1,1,1,2,2
7939,0,0,0,0,.9612000000000001,1,1,1,1,2,2
7940,0,1,0,0,.9125,1,4,1,1,3,3
7950,0,271,0,0,1,1,5,1,1,1,2
7958,0,0,0,0,.9643000000000001,1,1,1,1,2,2
7959,0,1,0,0,,1,4,1,1,,0
7960,0,0,0,0,.9063,1,1,1,1,3,3
7960,0,0,0,0,.858,1,1,1,1,4,4
7960,0,0,0,0,.9699,1,1,1,1,2,2
7969,0,0,0,0,.975,1,1,1,1,2,2
7969,0,0,0,0,.9608,1,1,1,1,2,2
7970,0,32,1,0,.9671,1,5,5,1,2,3
7979,0,0,0,0,.9931,1,1,1,1,1,1
7979,0,0,0,0,.9926,1,1,1,1,1,1
7980,0,24,0,0,,1,5,1,1,,0
7980,0,24,0,0,.9896,1,5,1,1,2,2
7990,0,1,0,0,.9952,1,4,1,1,1,2
8000,0,0,0,0,.8792,1,1,1,1,4,4
8009,0,1,0,0,,1,4,1,1,,0
8010,0,0,1,0,.8504,1,1,5,1,4,4
8020,0,2,1,0,.9437,1,4,5,1,3,3
8029,0,0,0,0,,1,1,1,1,,0
8030,0,0,0,0,.9038000000000001,1,1,1,1,3,3
8040,0,1,0,0,,1,4,1,1,,0
8040,0,1,0,0,.9246,1,4,1,1,3,3
8100,0,2,4,0,.9563,1,4,5,1,2,3
8160,0,0,0,0,,1,1,1,1,,0
8170,0,0,0,0,,1,1,1,1,,0
8180,0,0,0,0,,1,1,1,1,,0
8188,0,0,0,0,,1,1,1,1,,0
8189,0,2,0,0,,1,4,1,1,,0
8200,1,0,2,0,.9925000000000001,5,1,5,1,1,2
8210,0,0,0,0,.9558,1,1,1,1,2,2
8220,0,0,0,0,.9228,1,1,1,1,3,3
8230,0,1,1,0,.7745,1,4,5,1,5,5
8240,0,0,0,0,.8403000000000001,1,1,1,1,4,4
8300,1,0,0,0,.895,5,1,1,1,4,4
8310,0,1,0,0,.8219,1,4,1,1,4,4
8320,0,0,0,0,.9715,1,1,1,1,2,2
8400,0,0,0,0,,1,1,1,1,,0
8400,0,0,0,0,,1,1,1,1,,0
8400,0,0,0,0,.9108000000000001,1,1,1,1,3,3
8420,0,0,0,0,.8384,1,1,1,1,4,4
8500,0,1,4,0,.9396,1,4,5,1,3,3
8501,1,0,0,0,,5,1,1,1,,0
8510,0,0,0,0,.8854,1,1,1,1,4,4
8520,0,0,0,0,,1,1,1,1,,0
8560,0,0,0,0,,1,1,1,1,,0
8580,0,0,0,0,,1,1,1,1,,0
8600,0,0,0,0,.854,1,1,1,1,4,4
8610,0,0,0,0,,1,1,1,1,,0
8619,0,0,0,0,,1,1,1,1,,0
8620,1,2,0,1,,5,4,1,5,,0
8620,1,2,0,1,.8828,5,4,1,5,4,4
8620,1,2,0,1,,5,4,1,5,,0
8650,0,3,0,0,.8809,1,4,1,1,4,4
8700,0,0,0,0,.8963,1,1,1,1,4,4
8710,0,0,0,0,.8963,1,1,1,1,4,4
8720,0,0,0,0,.9371,1,1,1,1,3,3
8730,0,3,0,0,.9274,1,4,1,1,3,3
8760,0,0,0,0,.9097,1,1,1,1,3,3
8760,0,0,0,0,.9985000000000001,1,1,1,1,1,1
8760,0,0,0,0,.9446,1,1,1,1,3,3
8770,0,0,0,0,.9097,1,1,1,1,3,3
8800,0,0,0,0,.9714,1,1,1,1,2,2
8810,1,0,0,0,.9973,5,1,1,1,1,2
8820,0,0,0,0,,1,1,1,1,,0
8820,0,0,0,0,,1,1,1,1,,0
8830,0,0,1,0,.9983,1,1,5,1,1,2
8840,0,0,0,0,.9971,1,1,1,1,1,1
8900,0,0,0,0,.9971,1,1,1,1,1,1
8910,0,1,0,0,.9011,1,4,1,1,4,4
8920,0,0,0,0,.9423,1,1,1,1,3,3
8930,0,3,0,0,,1,4,1,1,,0
8930,0,3,0,0,,1,4,1,1,,0
9000,0,0,0,0,.8017,1,1,1,1,5,5
9000,0,0,0,0,.7692,1,1,1,1,5,5
9000,0,0,0,0,.7686,1,1,1,1,5,5
9000,0,0,0,0,.764,1,1,1,1,5,5
9000,0,0,0,0,.8942,1,1,1,1,4,4
9000,0,0,0,0,.8013,1,1,1,1,5,5
9000,0,0,0,0,.5847,1,1,1,1,5,5
9009,0,8,0,0,,1,5,1,1,,0
9010,0,4,0,0,.9955000000000001,1,4,1,1,1,2
9020,0,7,0,0,.9522000000000001,1,5,1,1,2,2
9030,0,5,0,0,.9971,1,5,1,1,1,2
9040,0,2,0,0,.698,1,4,1,1,5,5
9040,0,2,0,0,,1,4,1,1,,0
9060,0,0,0,1,.9761,1,1,1,5,2,3
9060,0,0,0,1,.9544,1,1,1,5,2,3
9070,0,14,1,0,.9802,1,5,5,1,2,3
9080,0,2,0,0,,1,4,1,1,,0
9080,0,2,0,0,.9935000000000001,1,4,1,1,1,2
9089,0,2,1,0,.9987,1,4,5,1,1,2
9090,0,20,0,0,.9937,1,5,1,1,1,2
9099,0,1,0,0,.9629,1,4,1,1,2,2
9100,0,23,1,0,.9568,1,5,5,1,2,3
9110,0,2,0,0,,1,4,1,1,,0
9120,0,0,0,0,,1,1,1,1,,0
9130,0,64,0,0,.901,1,5,1,1,4,4
9140,0,66,1,0,.9095,1,5,5,1,3,3
9150,0,2,0,0,,1,4,1,1,,0
9150,0,2,0,0,,1,4,1,1,,0
9160,0,2,0,0,,1,4,1,1,,0
9160,0,2,0,0,,1,4,1,1,,0
9170,0,0,0,0,,1,1,1,1,,0
9180,0,96,0,1,.9601,1,5,1,5,2,3
9200,0,91,0,0,.9858,1,5,1,1,2,2
9207,0,0,0,0,,1,1,1,1,,0
9208,0,217,0,0,,1,5,1,1,,0
9208,0,217,0,0,.8527,1,5,1,1,4,4
9208,0,217,0,0,,1,5,1,1,,0
9208,0,217,0,0,,1,5,1,1,,0
9208,0,217,0,0,,1,5,1,1,,0
9208,0,217,0,0,,1,5,1,1,,0
9208,0,217,0,0,,1,5,1,1,,0
9208,0,217,0,0,,1,5,1,1,,0
9208,0,217,0,0,,1,5,1,1,,0
9208,0,217,0,0,,1,5,1,1,,0
9209,0,614,0,0,.752,1,5,1,1,5,5
9209,0,614,0,0,,1,5,1,1,,0
9210,0,72,0,0,,1,5,1,1,,0
9210,0,72,0,0,.9487,1,5,1,1,3,3
9210,0,72,0,0,,1,5,1,1,,0
9219,0,3,0,0,,1,4,1,1,,0
9220,0,187,0,0,.9629,1,5,1,1,2,2
9226,0,0,0,0,,1,1,1,1,,0
9227,0,9,0,0,,1,5,1,1,,0
9227,0,9,0,0,,1,5,1,1,,0
9228,0,73,0,0,,1,5,1,1,,0
9229,0,2,0,0,,1,4,1,1,,0
9230,0,0,0,0,.9189000000000001,1,1,1,1,3,3
9230,0,0,0,0,.988,1,1,1,1,2,2
9230,0,0,0,0,.8792,1,1,1,1,4,4
9230,0,0,0,0,.8852,1,1,1,1,4,4
9233,0,5,0,0,,1,5,1,1,,0
9239,0,59,0,0,.9775,1,5,1,1,2,2
9240,0,114,0,0,.9743000000000001,1,5,1,1,2,2
9249,0,2,0,0,.9136,1,4,1,1,3,3
9250,0,17,0,0,.9321,1,5,1,1,3,3
9250,0,17,0,0,,1,5,1,1,,0
9250,0,17,0,0,,1,5,1,1,,0
9260,0,51,0,0,.9912,1,5,1,1,1,2
9270,0,14,0,0,.999,1,5,1,1,1,2
9280,0,3,0,0,.9641,1,4,1,1,2,2
9290,0,110,0,0,,1,5,1,1,,0
9290,0,110,0,0,,1,5,1,1,,0
9290,0,110,0,0,.9057,1,5,1,1,3,3
9300,0,55,0,0,.8741,1,5,1,1,4,4
9310,0,0,0,0,.7838000000000001,1,1,1,1,5,5
9310,0,0,0,0,.7838000000000001,1,1,1,1,5,5
9310,0,0,0,0,.8436,1,1,1,1,4,4
9319,0,31,0,0,.9972,1,5,1,1,1,2
9320,0,23,0,0,.9339,1,5,1,1,3,3
9330,0,14,0,0,,1,5,1,1,,0
9350,0,2,0,0,.9136,1,4,1,1,3,3
9359,0,0,0,0,.9619,1,1,1,1,2,2
9360,0,0,0,0,,1,1,1,1,,0
9360,0,0,0,0,,1,1,1,1,,0
9360,0,0,0,0,.9300000000000001,1,1,1,1,3,3
9360,0,0,0,0,.9071,1,1,1,1,3,3
9360,0,0,0,0,,1,1,1,1,,0
9366,0,0,0,0,,1,1,1,1,,0
9368,0,0,0,0,,1,1,1,1,,0
9369,0,11,0,0,,1,5,1,1,,0
9369,0,11,0,0,,1,5,1,1,,0
9369,0,11,0,0,,1,5,1,1,,0
9400,0,0,0,0,.9419,1,1,1,1,3,3
9400,0,0,0,0,.8502,1,1,1,1,4,4
9400,0,0,0,0,,1,1,1,1,,0
9410,0,0,0,0,.959,1,1,1,1,2,2
9410,0,0,0,0,.8834,1,1,1,1,4,4
9410,0,0,0,0,.8844,1,1,1,1,4,4
9410,0,0,0,0,.8844,1,1,1,1,4,4
9420,0,0,0,0,.8592,1,1,1,1,4,4
9420,0,0,0,0,.9205,1,1,1,1,3,3
9429,0,2,0,0,.9564,1,4,1,1,2,2
9430,0,0,0,0,.8804,1,1,1,1,4,4
9430,0,0,0,0,.9226,1,1,1,1,3,3
9437,0,1,0,0,,1,4,1,1,,0
9438,0,8,0,0,.8217,1,5,1,1,4,4
9440,0,0,0,0,.9499,1,1,1,1,3,3
9440,0,0,0,0,.9342,1,1,1,1,3,3
9440,0,0,0,0,.9118000000000001,1,1,1,1,3,3
9450,0,3,0,0,.9984,1,4,1,1,1,2
9460,0,0,0,0,1,1,1,1,1,1,1
9470,0,2,0,0,1,1,4,1,1,1,2
9479,0,9,0,0,.9946,1,5,1,1,1,2
9480,0,1,0,0,.9994,1,4,1,1,1,2
9500,0,0,0,0,.7857,1,1,1,1,5,5
9500,0,0,0,0,.7731,1,1,1,1,5,5
9510,0,2330,0,0,.8504,1,5,1,1,4,4
9519,0,5,0,0,.8504,1,5,1,1,4,4
9520,0,0,0,0,.8135,1,1,1,1,4,4
9520,0,0,0,0,.825,1,1,1,1,4,4
9530,0,28,0,0,.8253,1,5,1,1,4,4
9540,1,0,0,0,,5,1,1,1,,0
9550,0,85,0,0,.723,1,5,1,1,5,5
9560,0,177,0,0,.831,1,5,1,1,4,4
9570,0,252,0,0,.7857,1,5,1,1,5,5
9577,0,6,0,0,,1,5,1,1,,0
9577,0,6,0,0,,1,5,1,1,,0
9577,0,6,0,0,,1,5,1,1,,0
9578,0,92,0,0,.9046,1,5,1,1,3,3
9579,0,4,0,0,,1,4,1,1,,0
9579,0,4,0,0,,1,4,1,1,,0
9600,1,75,0,0,.7247,5,5,1,1,5,5
9608,0,108,0,0,.8228,1,5,1,1,4,4
9609,0,45,0,0,.8228,1,5,1,1,4,4
9620,0,154,1,0,.7351,1,5,5,1,5,5
9630,0,0,0,0,.7138,1,1,1,1,5,5
9630,0,0,0,0,.7545,1,1,1,1,5,5
9630,0,0,0,0,.5254,1,1,1,1,5,5
9630,0,0,0,0,.717,1,1,1,1,5,5
9630,0,0,0,0,.6889,1,1,1,1,5,5
9630,0,0,0,0,.651,1,1,1,1,5,5
9630,0,0,0,0,.6633,1,1,1,1,5,5
9630,0,0,0,0,.5905,1,1,1,1,5,5
9630,0,0,0,0,.6602,1,1,1,1,5,5
9630,0,0,0,0,.613,1,1,1,1,5,5
9630,0,0,0,0,.5955,1,1,1,1,5,5
9630,0,0,0,0,.6521,1,1,1,1,5,5
9630,0,0,0,0,.5976,1,1,1,1,5,5
9630,0,0,0,0,.707,1,1,1,1,5,5
9630,0,0,0,0,.6614,1,1,1,1,5,5
9637,0,497,0,0,.5156,1,5,1,1,5,5
9638,0,220,0,0,.6406,1,5,1,1,5,5
9640,0,0,0,0,.5272,1,1,1,1,5,5
9640,0,0,0,0,.743,1,1,1,1,5,5
9648,0,107,0,0,.5847,1,5,1,1,5,5
9660,0,378,0,0,.8151000000000001,1,5,1,1,4,4
9670,1,66,0,0,.7128,5,5,1,1,5,5
9680,0,54,0,0,.7162,1,5,1,1,5,5
9689,0,5,0,0,.6602,1,5,1,1,5,5
9690,0,340,0,0,.6787,1,5,1,1,5,5
9696,1,321,0,0,.5861,5,5,1,1,5,5
9698,0,204,0,0,.659,1,5,1,1,5,5
9700,0,0,0,0,.8035,1,1,1,1,5,5
9700,0,0,0,0,.7452,1,1,1,1,5,5
9700,0,0,0,0,,1,1,1,1,,0
9700,0,0,0,0,,1,1,1,1,,0
9700,0,0,0,0,,1,1,1,1,,0
9700,0,0,0,0,.6561,1,1,1,1,5,5
9700,0,0,0,0,.9057,1,1,1,1,3,3
9704,0,437,0,0,,1,5,1,1,,0
9704,0,437,0,0,,1,5,1,1,,0
9704,0,437,0,0,.6398,1,5,1,1,5,5
9704,0,437,0,0,,1,5,1,1,,0
9704,0,437,0,0,,1,5,1,1,,0
9704,0,437,0,0,,1,5,1,1,,0
9705,0,6,0,0,,1,5,1,1,,0
9705,0,6,0,0,,1,5,1,1,,0
9706,0,0,0,0,.764,1,1,1,1,5,5
9706,0,0,0,0,.6788,1,1,1,1,5,5
9708,0,573,0,0,.738,1,5,1,1,5,5
9708,0,573,0,0,,1,5,1,1,,0
9709,0,6,0,0,.814,1,5,1,1,4,4
9710,0,1,0,0,.9549,1,4,1,1,2,2
9719,0,0,0,0,,1,1,1,1,,0
9720,0,0,0,0,.8985,1,1,1,1,4,4
9720,0,0,0,0,.8537,1,1,1,1,4,4
9730,0,59,0,0,,1,5,1,1,,0
9730,0,59,0,0,.8325,1,5,1,1,4,4
9740,0,108,0,0,,1,5,1,1,,0
9740,0,108,0,0,.9049,1,5,1,1,3,3
9750,0,0,0,0,.7393,1,1,1,1,5,5
9750,0,0,0,0,.8809,1,1,1,1,4,4
9750,0,0,0,0,.853,1,1,1,1,4,4
9759,0,3,0,0,,1,4,1,1,,0
9760,0,368,0,0,,1,5,1,1,,0
9760,0,368,0,0,.8241000000000001,1,5,1,1,4,4
9767,0,3,0,0,,1,4,1,1,,0
9768,0,9,0,0,,1,5,1,1,,0
9769,1,369,0,0,.6711,5,5,1,1,5,5
9770,0,2,0,0,.837,1,4,1,1,4,4
9779,0,1,0,0,,1,4,1,1,,0
9780,0,0,0,0,,1,1,1,1,,0
9780,0,0,0,0,,1,1,1,1,,0
9780,0,0,0,0,.843,1,1,1,1,4,4
9780,0,0,0,0,.8855,1,1,1,1,4,4
9780,0,0,0,0,,1,1,1,1,,0
9780,0,0,0,0,,1,1,1,1,,0
9789,0,2,0,0,,1,4,1,1,,0
9790,0,48,0,0,.7589,1,5,1,1,5,5
9800,1,0,0,0,.8739,5,1,1,1,4,4
9800,1,0,0,0,.9310000000000001,5,1,1,1,3,3
9800,1,0,0,0,.9055,5,1,1,1,3,3
9800,1,0,0,0,.7158,5,1,1,1,5,5
9800,1,0,0,0,.8772,5,1,1,1,4,4
9800,1,0,0,0,,5,1,1,1,,0
9800,1,0,0,0,.8994,5,1,1,1,4,4
9800,1,0,0,0,.885,5,1,1,1,4,4
9800,1,0,0,0,.902,5,1,1,1,4,4
9800,1,0,0,0,.897,5,1,1,1,4,4
9800,1,0,0,0,.897,5,1,1,1,4,4
9809,0,27,0,0,.885,1,5,1,1,4,4
9810,1,0,0,0,.9787,5,1,1,1,2,3
9810,1,0,0,0,.9359,5,1,1,1,3,3
9810,1,0,0,0,.9941,5,1,1,1,1,2
9810,1,0,0,0,.9789,5,1,1,1,2,3
9819,1,31,0,0,.8677,5,5,1,1,4,4
9820,0,0,0,0,.9673000000000001,1,1,1,1,2,2
9820,0,0,0,0,.9861,1,1,1,1,2,2
9820,0,0,0,0,.9085,1,1,1,1,3,3
9820,0,0,0,0,,1,1,1,1,,0
9820,0,0,0,0,.9063,1,1,1,1,3,3
9828,0,5,0,0,.962,1,5,1,1,2,2
9829,0,105,0,0,,1,5,1,1,,0
9829,0,105,0,0,.9383,1,5,1,1,3,3
9830,1,0,0,0,.8754,5,1,1,1,4,4
9830,1,0,0,0,.9392,5,1,1,1,3,3
9830,1,0,0,0,.9008000000000001,5,1,1,1,4,4
9830,1,0,0,0,.8998,5,1,1,1,4,4
9830,1,0,0,0,.9478,5,1,1,1,3,3
9830,1,0,0,0,,5,1,1,1,,0
9836,0,6,2,0,,1,5,5,1,,0
9837,0,8,1,0,.8406,1,5,5,1,4,4
9838,0,1,0,0,.8789,1,4,1,1,4,4
9839,0,0,0,0,,1,1,1,1,,0
9839,0,0,0,0,.8674,1,1,1,1,4,4
9839,0,0,0,0,.8179,1,1,1,1,4,4
9839,0,0,0,0,.7589,1,1,1,1,5,5
9840,0,53,0,0,.849,1,5,1,1,4,4
9849,0,8,0,0,.8427,1,5,1,1,4,4
9850,0,0,0,0,.9527,1,1,1,1,2,2
9850,0,0,0,0,,1,1,1,1,,0
9850,0,0,0,0,,1,1,1,1,,0
9850,0,0,0,0,,1,1,1,1,,0
9850,0,0,0,0,.9527,1,1,1,1,2,2
9850,0,0,0,0,.914,1,1,1,1,3,3
9850,0,0,0,0,,1,1,1,1,,0
9850,0,0,0,0,.9101,1,1,1,1,3,3
9850,0,0,0,0,.914,1,1,1,1,3,3
9850,0,0,0,0,,1,1,1,1,,0
9850,0,0,0,0,,1,1,1,1,,0
9850,0,0,0,0,,1,1,1,1,,0
9856,0,0,0,0,.8992,1,1,1,1,4,4
9856,0,0,0,0,.9391000000000001,1,1,1,1,3,3
9857,0,72,0,0,.7647000000000001,1,5,1,1,5,5
9857,0,72,0,0,,1,5,1,1,,0
9857,0,72,0,0,,1,5,1,1,,0
9858,0,14,0,0,.8848,1,5,1,1,4,4
9859,0,24,0,0,.8629,1,5,1,1,4,4
9860,0,0,0,0,.9936,1,1,1,1,1,1
9860,0,0,0,0,,1,1,1,1,,0
9860,0,0,0,0,.3213,1,1,1,1,5,5
9860,0,0,0,0,.9023,1,1,1,1,4,4
9860,0,0,0,0,,1,1,1,1,,0
9860,0,0,0,0,.9392,1,1,1,1,3,3
9860,0,0,0,0,.9203,1,1,1,1,3,3
9860,0,0,0,0,,1,1,1,1,,0
9860,0,0,0,0,,1,1,1,1,,0
9860,0,0,0,0,.8817,1,1,1,1,4,4
9864,0,0,0,0,,1,1,1,1,,0
9868,0,15,0,0,.9881,1,5,1,1,2,2
9868,0,15,0,0,.9881,1,5,1,1,2,2
9869,0,0,0,0,,1,1,1,1,,0
9870,0,0,0,0,,1,1,1,1,,0
9870,0,0,0,0,.9057,1,1,1,1,3,3
9870,0,0,0,0,.8494,1,1,1,1,4,4
9870,0,0,0,0,.8547,1,1,1,1,4,4
9870,0,0,0,0,.9057,1,1,1,1,3,3
9880,0,0,0,0,.9392,1,1,1,1,3,3
9880,0,0,0,0,.9944,1,1,1,1,1,1
9880,0,0,0,0,,1,1,1,1,,0
9880,0,0,0,0,.9767,1,1,1,1,2,2
9880,0,0,0,0,.9641,1,1,1,1,2,2
9880,0,0,0,0,,1,1,1,1,,0
9885,0,26,0,0,,1,5,1,1,,0
9885,0,26,0,0,,1,5,1,1,,0
9889,0,0,0,0,,1,1,1,1,,0
9890,0,0,0,0,.8629,1,1,1,1,4,4
9890,0,0,0,0,.9756,1,1,1,1,2,2
9897,0,7,0,0,.975,1,5,1,1,2,2
9897,0,7,0,0,,1,5,1,1,,0
9898,0,14,0,0,,1,5,1,1,,0
9899,0,3,0,0,,1,4,1,1,,0
9900,0,0,0,0,.7464,1,1,1,1,5,5
9900,0,0,0,0,.8978,1,1,1,1,4,4
9900,0,0,0,0,.7647000000000001,1,1,1,1,5,5
9910,0,3,0,0,.9846,1,4,1,1,2,2
9910,0,3,0,0,,1,4,1,1,,0
9920,0,3,0,0,.8106,1,4,1,1,5,5
9930,0,180,1,0,.844,1,5,5,1,4,4
9940,0,2,0,0,.8137,1,4,1,1,4,4
9960,0,0,0,0,.907,1,1,1,1,3,3
9960,0,0,0,0,,1,1,1,1,,0
9960,0,0,0,0,,1,1,1,1,,0
9960,0,0,0,0,,1,1,1,1,,0
9960,0,0,0,0,,1,1,1,1,,0
9960,0,0,0,0,,1,1,1,1,,0
9960,0,0,0,0,,1,1,1,1,,0
9960,0,0,0,0,.8283,1,1,1,1,4,4
9960,0,0,0,0,,1,1,1,1,,0
9960,0,0,0,0,.845,1,1,1,1,4,4
9960,0,0,0,0,.8266,1,1,1,1,4,4
9969,0,5,0,0,.8869,1,5,1,1,4,4
9970,0,28,3,0,.8252,1,5,5,1,4,4
9979,0,1,0,0,,1,4,1,1,,0
10000,0,0,3,0,.9176,1,1,5,1,3,3
10010,0,0,0,0,.8781,1,1,1,1,4,4
10010,0,0,0,0,.9364,1,1,1,1,3,3
10020,0,0,0,0,.9206,1,1,1,1,3,3
10100,0,0,3,0,,1,1,5,1,,0
10110,0,0,0,0,,1,1,1,1,,0
10130,0,0,0,0,,1,1,1,1,,0
10200,1,0,5,0,.9881,5,1,5,1,2,3
10210,0,0,0,0,,1,1,1,1,,0
10290,0,0,0,0,,1,1,1,1,,0
10300,1,4,0,1,.736,5,4,1,5,5,5
10309,0,4,0,0,,1,4,1,1,,0
10320,0,1,0,0,.8129,1,4,1,1,4,4
10330,0,1,0,0,.8242,1,4,1,1,4,4
10340,0,0,0,0,.847,1,1,1,1,4,4
10350,0,3,0,0,.8342000000000001,1,4,1,1,4,4
10360,0,0,0,0,.8962,1,1,1,1,4,4
10368,0,1,0,0,.8023,1,4,1,1,5,5
10369,0,0,0,0,.7932,1,1,1,1,5,5
10369,0,0,0,0,.7201,1,1,1,1,5,5
10370,0,0,0,0,.859,1,1,1,1,4,4
10378,0,0,0,0,.8283,1,1,1,1,4,4
10379,0,1,0,0,.7412,1,4,1,1,5,5
10380,0,2,0,0,.9173,1,4,1,1,3,3
10400,0,0,4,0,.9619,1,1,5,1,2,2
10500,0,0,1,0,.9453,1,1,5,1,3,3
10508,0,1,0,0,,1,4,1,1,,0
10509,0,0,0,0,,1,1,1,1,,0
10580,0,1,0,0,.9597,1,4,1,1,2,2
10589,0,4,0,0,,1,4,1,1,,0
10600,0,7,1,0,.8576,1,5,5,1,4,4
10610,0,0,0,0,.9008000000000001,1,1,1,1,4,4
10620,0,2,0,0,.7869,1,4,1,1,5,5
10630,1,237,0,0,,5,5,1,1,,0
10640,0,0,0,0,.7944,1,1,1,1,5,5
10640,0,0,0,0,.914,1,1,1,1,3,3
10640,0,0,0,0,.8105,1,1,1,1,5,5
10650,0,0,0,0,,1,1,1,1,,0
10660,0,1,0,0,.5794,1,4,1,1,5,5
10700,0,0,5,0,.9513,1,1,5,1,2,2
10710,0,1,0,0,.9486,1,4,1,1,3,3
10720,0,1,0,0,,1,4,1,1,,0
10730,0,4,0,0,.9486,1,4,1,1,3,3
10740,0,0,1,0,.9486,1,1,5,1,3,3
10800,0,0,0,0,.9003,1,1,1,1,4,4
10810,0,0,0,0,.7582,1,1,1,1,5,5
10820,0,0,0,0,.9724,1,1,1,1,2,2
10830,0,0,0,0,.9432,1,1,1,1,3,3
10840,0,0,0,0,,1,1,1,1,,0
10840,0,0,0,0,.979,1,1,1,1,2,2
10900,0,150,0,1,.7525,1,5,1,5,5,5
10910,0,2,0,0,.9047,1,4,1,1,3,3
10920,0,0,0,0,.8244,1,1,1,1,4,4
10926,0,134,0,0,,1,5,1,1,,0
11000,1,0,0,1,.9933,5,1,1,5,1,2
11000,1,0,0,1,1,5,1,1,5,1,2
11000,1,0,0,1,.999,5,1,1,5,1,2
11000,1,0,0,1,.9973,5,1,1,5,1,2
11000,1,0,0,1,.999,5,1,1,5,1,2
11000,1,0,0,1,.9966,5,1,1,5,1,2
11000,1,0,0,1,1,5,1,1,5,1,2
11000,1,0,0,1,.955,5,1,1,5,2,3
11009,0,0,0,0,,1,1,1,1,,0
11040,0,0,0,0,1,1,1,1,1,1,1
11100,1,0,0,0,.999,5,1,1,1,1,2
11100,1,0,0,0,.999,5,1,1,1,1,2
11109,0,0,0,0,,1,1,1,1,,0
11200,0,0,0,0,.9989,1,1,1,1,1,1
11200,0,0,0,0,.9972,1,1,1,1,1,1
11209,0,0,0,0,,1,1,1,1,,0
11210,0,0,0,0,.7158,1,1,1,1,5,5
11219,0,0,0,0,,1,1,1,1,,0
11220,0,0,0,0,,1,1,1,1,,0
11220,0,0,0,0,1,1,1,1,1,1,1
11230,0,0,1,0,.9389,1,1,5,1,3,3
11239,0,0,0,0,,1,1,1,1,,0
11240,0,0,0,0,.9162,1,1,1,1,3,3
11250,0,0,1,0,.8423000000000001,1,1,5,1,4,4
11259,0,0,0,0,,1,1,1,1,,0
11260,0,0,0,0,.9143,1,1,1,1,3,3
11260,0,0,0,0,.9599,1,1,1,1,2,2
11270,0,2,0,0,.8528,1,4,1,1,4,4
11280,0,0,1,0,.819,1,1,5,1,4,4
11289,0,0,0,0,.9254,1,1,1,1,3,3
11290,0,0,0,0,.9195,1,1,1,1,3,3
11290,0,0,0,0,.9828,1,1,1,1,2,2
11300,0,0,6,0,.9939,1,1,5,1,1,2
11310,0,0,1,0,.849,1,1,5,1,4,4
11311,0,0,0,0,,1,1,1,1,,0
11320,0,0,0,0,.9608,1,1,1,1,2,2
11320,0,0,0,0,.9772,1,1,1,1,2,2
11330,0,1,1,0,.9996,1,4,5,1,1,2
11340,0,0,0,0,1,1,1,1,1,1,1
11350,0,0,0,0,.981,1,1,1,1,2,2
11360,0,0,0,0,.994,1,1,1,1,1,1
11370,0,1,0,0,.9433,1,4,1,1,3,3
11379,0,0,0,0,,1,1,1,1,,0
11400,0,1,0,0,.9868,1,4,1,1,2,2
11410,0,0,0,0,.9256,1,1,1,1,3,3
11410,0,0,0,0,.9652,1,1,1,1,2,2
11420,0,0,0,0,.9751,1,1,1,1,2,2
11430,0,0,0,0,.9198,1,1,1,1,3,3
11430,0,0,0,0,.9334,1,1,1,1,3,3
11440,0,0,0,0,.9659,1,1,1,1,2,2
11440,0,0,0,0,.9423,1,1,1,1,3,3
11450,0,0,0,0,.9290000000000001,1,1,1,1,3,3
11450,0,0,0,0,.924,1,1,1,1,3,3
11450,0,0,0,0,.9246,1,1,1,1,3,3
11460,1,0,0,0,.9045,5,1,1,1,3,3
11460,1,0,0,0,.9350000000000001,5,1,1,1,3,3
11460,1,0,0,0,.966,5,1,1,1,2,3
11460,1,0,0,0,.9413,5,1,1,1,3,3
11470,0,0,0,0,.9778,1,1,1,1,2,2
11470,0,0,0,0,.9688,1,1,1,1,2,2
11479,0,0,0,0,,1,1,1,1,,0
11480,0,0,0,0,.9534,1,1,1,1,2,2
11480,0,0,0,0,.9492,1,1,1,1,3,3
11489,0,0,0,0,.8677,1,1,1,1,4,4
11490,0,0,0,0,.9011,1,1,1,1,4,4
11490,0,0,0,0,.9464,1,1,1,1,3,3
11500,0,1,2,0,.9994,1,4,5,1,1,2
11501,0,0,0,0,,1,1,1,1,,0
11510,0,0,2,0,.9973,1,1,5,1,1,2
11511,0,0,0,0,,1,1,1,1,,0
11520,0,0,6,0,.9888,1,1,5,1,2,2
11529,0,0,1,0,.9576,1,1,5,1,2,2
11530,0,2,3,0,.9995000000000001,1,4,5,1,1,2
11540,0,1,0,0,.9995000000000001,1,4,1,1,1,2
11550,0,0,15,0,.9982,1,1,5,1,1,2
11560,0,0,1,0,.9982,1,1,5,1,1,2
11580,1,0,0,0,.9966,5,1,1,1,1,2
11587,0,0,0,0,,1,1,1,1,,0
11590,0,0,5,0,.9985000000000001,1,1,5,1,1,2
11600,0,0,0,0,.9983,1,1,1,1,1,1
11610,0,0,0,0,1,1,1,1,1,1,1
11619,0,0,0,0,,1,1,1,1,,0
11619,0,0,0,0,,1,1,1,1,,0
11640,0,0,0,0,,1,1,1,1,,0
11649,0,0,0,0,,1,1,1,1,,0
11650,0,0,0,0,.9788,1,1,1,1,2,2
11700,0,1,5,1,.9989,1,4,5,5,1,2
11800,1,0,0,0,.9847,5,1,1,1,2,3
11800,1,0,0,0,.9833,5,1,1,1,2,3
11810,0,0,2,0,.9584,1,1,5,1,2,2
11820,0,1,3,0,.9301,1,4,5,1,3,3
11830,0,0,1,0,.9238,1,1,5,1,3,3
11840,0,0,2,0,.9453,1,1,5,1,3,3
11850,1,0,0,1,.9881,5,1,1,5,2,3
11850,1,0,0,1,.9967,5,1,1,5,1,2
11860,0,0,1,0,.9859,1,1,5,1,2,2
11869,0,0,0,0,,1,1,1,1,,0
11870,0,1,3,0,.9280000000000001,1,4,5,1,3,3
11910,1,0,3,1,.9932,5,1,5,5,1,2
11910,1,0,3,1,.9932,5,1,5,5,1,2
11910,1,0,3,1,.9932,5,1,5,5,1,2
11920,0,0,1,0,.9783,1,1,5,1,2,2
11930,0,0,0,0,1,1,1,1,1,1,1
11950,0,0,10,0,1,1,1,5,1,1,2
12000,0,0,0,0,,1,1,1,1,,0
12000,0,0,0,0,,1,1,1,1,,0
12000,0,0,0,0,1,1,1,1,1,1,1
12000,0,0,0,0,.7531,1,1,1,1,5,5
12000,0,0,0,0,,1,1,1,1,,0
12000,0,0,0,0,,1,1,1,1,,0
12000,0,0,0,0,,1,1,1,1,,0
12009,0,22,0,0,,1,5,1,1,,0
12070,0,20,0,0,,1,5,1,1,,0
12080,0,7,0,0,.7406,1,5,1,1,5,5
12100,0,0,0,0,.8096,1,1,1,1,5,5
12100,0,0,0,0,.7288,1,1,1,1,5,5
12100,0,0,0,0,,1,1,1,1,,0
12100,0,0,0,0,,1,1,1,1,,0
12100,0,0,0,0,,1,1,1,1,,0
12110,0,1,0,0,.6946,1,4,1,1,5,5
12110,0,1,0,0,,1,4,1,1,,0
12200,0,156,0,0,,1,5,1,1,,0
12200,0,156,0,0,,1,5,1,1,,0
12200,0,156,0,0,,1,5,1,1,,0
12200,0,156,0,0,,1,5,1,1,,0
12250,0,97,0,0,.6059,1,5,1,1,5,5
12300,0,551,0,0,.5683,1,5,1,1,5,5
12400,0,138,0,0,,1,5,1,1,,0
12400,0,138,0,0,,1,5,1,1,,0
12400,0,138,0,0,,1,5,1,1,,0
12410,0,121,0,0,,1,5,1,1,,0
12500,0,48,0,0,.5395,1,5,1,1,5,5
12600,0,11,0,0,.6856,1,5,1,1,5,5
12700,1,4,0,0,.6384,5,4,1,1,5,5
12800,0,31,0,0,.6385,1,5,1,1,5,5
12910,0,10,0,0,.7285,1,5,1,1,5,5
12920,0,13,0,0,,1,5,1,1,,0
12930,0,14,0,0,,1,5,1,1,,0
12940,0,27,0,0,,1,5,1,1,,0
12950,0,5,0,0,.595,1,5,1,1,5,5
13000,0,12,0,0,.9114,1,5,1,1,3,3
13009,0,202,0,0,,1,5,1,1,,0
13010,0,34,0,0,.85,1,5,1,1,4,4
13020,0,21,0,0,.841,1,5,1,1,4,4
13030,0,14,0,0,.8936,1,5,1,1,4,4
13040,0,21,0,0,.8387,1,5,1,1,4,4
13050,0,66,0,0,.7308,1,5,1,1,5,5
13060,0,0,0,0,.912,1,1,1,1,3,3
13060,0,0,0,0,.8255,1,1,1,1,4,4
13060,0,0,0,0,,1,1,1,1,,0
13063,0,6,0,0,,1,5,1,1,,0
13070,0,0,0,0,.759,1,1,1,1,5,5
13070,0,0,0,0,.892,1,1,1,1,4,4
13080,0,0,0,0,.8609,1,1,1,1,4,4
13080,0,0,0,0,.5869,1,1,1,1,5,5
13090,0,14,0,0,.8168,1,5,1,1,4,4
13093,0,0,0,0,.8219,1,1,1,1,4,4
13094,0,0,0,0,.8333,1,1,1,1,4,4
13099,0,54,1,0,.8019,1,5,5,1,5,5
13100,0,122,0,0,,1,5,1,1,,0
13100,0,122,0,0,.3813,1,5,1,1,5,5
13110,0,3,0,0,,1,4,1,1,,0
13119,0,0,0,0,,1,1,1,1,,0
13120,0,0,0,1,,1,1,1,5,,0
13120,0,0,0,1,.7317,1,1,1,5,5,5
13120,0,0,0,1,,1,1,1,5,,0
13120,0,0,0,1,,1,1,1,5,,0
13120,0,0,0,1,.6744,1,1,1,5,5,5
13123,0,16,0,0,,1,5,1,1,,0
13129,0,0,0,0,,1,1,1,1,,0
13150,0,5,0,0,.8114,1,5,1,1,4,4
13180,0,5,0,0,.838,1,5,1,1,4,4
13200,0,73,0,0,.8846000000000001,1,5,1,1,4,4
13209,0,72,0,0,,1,5,1,1,,0
13210,0,13,0,0,.8573,1,5,1,1,4,4
13219,0,0,0,0,.8792,1,1,1,1,4,4
13219,0,0,0,0,.9272,1,1,1,1,3,3
13220,0,3,0,0,.9038000000000001,1,4,1,1,3,3
13229,0,17,0,0,,1,5,1,1,,0
13230,0,2,0,0,.9127,1,4,1,1,3,3
13250,0,3,0,0,.816,1,4,1,1,4,4
13270,0,8,0,0,,1,5,1,1,,0
13270,0,8,0,0,.8717,1,5,1,1,4,4
13273,0,51,0,0,.9773,1,5,1,1,2,2
13278,0,1,0,0,.9981,1,4,1,1,1,2
13278,0,1,0,0,,1,4,1,1,,0
13278,0,1,0,0,,1,4,1,1,,0
13280,0,2,0,0,.814,1,4,1,1,4,4
13300,0,0,0,0,.8991,1,1,1,1,4,4
13300,0,0,0,0,.7588,1,1,1,1,5,5
13300,0,0,0,0,.8102,1,1,1,1,5,5
13300,0,0,0,0,.9481000000000001,1,1,1,1,3,3
13300,0,0,0,0,.7125,1,1,1,1,5,5
13300,0,0,0,0,,1,1,1,1,,0
13310,0,20,0,0,.8222,1,5,1,1,4,4
13315,0,8,0,0,.8120000000000001,1,5,1,1,4,4
13316,0,2,0,0,,1,4,1,1,,0
13316,0,2,0,0,,1,4,1,1,,0
13316,0,2,0,0,,1,4,1,1,,0
13317,0,2,0,0,,1,4,1,1,,0
13317,0,2,0,0,,1,4,1,1,,0
13318,0,3,0,0,,1,4,1,1,,0
13319,0,8,0,0,,1,5,1,1,,0
13319,0,8,0,0,.7724,1,5,1,1,5,5
13360,1,0,0,0,.7859,5,1,1,1,5,5
13360,1,0,0,0,.8197,5,1,1,1,4,4
13360,1,0,0,0,.7082000000000001,5,1,1,1,5,5
13363,0,1,0,0,,1,4,1,1,,0
13400,0,203,0,0,.8080000000000001,1,5,1,1,5,5
13410,0,16,0,0,,1,5,1,1,,0
13410,0,16,0,0,,1,5,1,1,,0
13419,0,10,0,0,.7261,1,5,1,1,5,5
13420,0,44,0,0,.8004,1,5,1,1,5,5
13429,0,7,0,0,,1,5,1,1,,0
13430,0,451,0,0,.7895,1,5,1,1,5,5
13440,0,0,0,0,.8752,1,1,1,1,4,4
13440,0,0,0,0,,1,1,1,1,,0
13440,0,0,0,0,.8752,1,1,1,1,4,4
13450,0,0,0,0,.8040000000000001,1,1,1,1,5,5
13450,0,0,0,0,.8035,1,1,1,1,5,5
13460,0,9,0,0,.8225,1,5,1,1,4,4
13500,1,0,0,0,,5,1,1,1,,0
13508,0,0,0,0,.8885,1,1,1,1,4,4
13508,0,0,0,0,.6782,1,1,1,1,5,5
13509,0,0,0,0,.8824,1,1,1,1,4,4
13510,0,0,0,0,.8082,1,1,1,1,5,5
13520,0,1,0,0,.8525,1,4,1,1,4,4
13529,0,0,0,0,,1,1,1,1,,0
13530,0,0,0,0,.769,1,1,1,1,5,5
13530,0,0,0,0,.9114,1,1,1,1,3,3
13540,0,0,0,0,.6546,1,1,1,1,5,5
13540,0,0,0,0,.8065,1,1,1,1,5,5
13545,0,142,0,0,.8335,1,5,1,1,4,4
13546,0,0,0,0,,1,1,1,1,,0
13549,0,73,0,0,.6386,1,5,1,1,5,5
13550,0,0,0,0,.9459,1,1,1,1,3,3
13550,0,0,0,0,.8238,1,1,1,1,4,4
13559,0,1,0,0,,1,4,1,1,,0
13600,0,6,0,0,,1,5,1,1,,0
13601,0,0,0,1,,1,1,1,5,,0
13610,0,4,0,0,,1,4,1,1,,0
13625,0,47,0,0,,1,5,1,1,,0
13630,0,4,0,0,,1,4,1,1,,0
13640,0,10,0,0,,1,5,1,1,,0
13700,0,0,0,0,.5923000000000001,1,1,1,1,5,5
13700,0,0,0,0,.7592,1,1,1,1,5,5
14000,0,0,0,0,.9345,1,1,1,1,3,3
14000,0,0,0,0,.9905000000000001,1,1,1,1,2,2
14009,0,6,0,1,,1,5,1,5,,0
14010,0,2,3,0,.9979,1,4,5,1,1,2
14017,0,0,0,0,,1,1,1,1,,0
14020,0,1,5,0,.9994,1,4,5,1,1,2
14030,0,2,3,0,.9081,1,4,5,1,3,3
14038,0,0,0,0,,1,1,1,1,,0
14038,0,0,0,0,,1,1,1,1,,0
14039,0,3,0,0,.9474,1,4,1,1,3,3
14039,0,3,0,0,,1,4,1,1,,0
14040,0,0,0,0,.9181,1,1,1,1,3,3
14040,0,0,0,0,.9451000000000001,1,1,1,1,3,3
14049,0,0,0,0,.9012,1,1,1,1,4,4
14050,0,2,13,0,.9839,1,4,5,1,2,3
14060,0,0,1,0,.9922,1,1,5,1,1,2
14070,0,0,0,0,.9411000000000001,1,1,1,1,3,3
14070,0,0,0,0,.9107,1,1,1,1,3,3
14070,0,0,0,0,.9763,1,1,1,1,2,2
14070,0,0,0,0,,1,1,1,1,,0
14080,0,0,0,0,.9868,1,1,1,1,2,2
14080,0,0,0,0,.9713000000000001,1,1,1,1,2,2
14090,0,52,4,0,.9989,1,5,5,1,1,2
14098,0,0,0,0,,1,1,1,1,,0
14100,1,0,0,0,.6783,5,1,1,1,5,5
14100,1,0,0,0,.8042,5,1,1,1,5,5
14100,1,0,0,0,.7293,5,1,1,1,5,5
14100,1,0,0,0,.6235000000000001,5,1,1,1,5,5
14100,1,0,0,0,.7721,5,1,1,1,5,5
14108,0,36,0,0,.6224,1,5,1,1,5,5
14108,0,36,0,0,.6224,1,5,1,1,5,5
14110,0,0,0,0,.9987,1,1,1,1,1,1
14110,0,0,0,0,.9377,1,1,1,1,3,3
14120,0,0,0,0,.9986,1,1,1,1,1,1
14129,0,1,0,0,,1,4,1,1,,0
14130,0,4,5,0,,1,4,5,1,,0
14140,0,0,3,0,.9851,1,1,5,1,2,2
14141,0,0,0,0,,1,1,1,1,,0
14148,0,0,0,0,,1,1,1,1,,0
14149,0,4,0,0,,1,4,1,1,,0
14150,0,2,0,0,.9494,1,4,1,1,3,3
14160,0,2,0,0,.7877999999999999,1,4,1,1,5,5
14200,0,0,0,1,.859,1,1,1,5,4,4
14200,0,0,0,1,.9529,1,1,1,5,2,3
14208,0,0,0,0,.8901,1,1,1,1,4,4
14209,0,3,0,0,.7486,1,4,1,1,5,5
14210,0,0,3,0,.9985000000000001,1,1,5,1,1,2
14219,0,8,0,0,,1,5,1,1,,0
14219,0,8,0,0,,1,5,1,1,,0
14220,0,0,0,0,.8127,1,1,1,1,4,4
14220,0,0,0,0,.7608,1,1,1,1,5,5
14230,0,32,0,0,.6623,1,5,1,1,5,5
14239,0,4,0,0,.7916,1,4,1,1,5,5
14240,0,0,0,0,.7937,1,1,1,1,5,5
14240,0,0,0,0,.7757,1,1,1,1,5,5
14248,0,19,0,0,.7377,1,5,1,1,5,5
14250,0,0,0,0,.7563,1,1,1,1,5,5
14250,0,0,0,0,.7879,1,1,1,1,5,5
14250,0,0,0,0,.5443,1,1,1,1,5,5
14250,0,0,0,0,.9134,1,1,1,1,3,3
14260,0,0,0,1,.8919,1,1,1,5,4,4
14260,0,0,0,1,.9266,1,1,1,5,3,3
14265,0,0,1,0,,1,1,5,1,,0
14266,0,0,0,0,.9874000000000001,1,1,1,1,2,2
14267,0,8,1,0,.9459,1,5,5,1,3,3
14268,0,0,0,0,.9208,1,1,1,1,3,3
14269,0,0,0,0,.9607,1,1,1,1,2,2
14270,0,21,0,0,,1,5,1,1,,0
14273,0,215,0,0,,1,5,1,1,,0
14275,0,38,1,0,,1,5,5,1,,0
14276,0,1,0,0,,1,4,1,1,,0
14300,0,0,0,0,1,1,1,1,1,1,1
14300,0,0,0,0,1,1,1,1,1,1,1
14300,0,0,0,0,.9985000000000001,1,1,1,1,1,1
14307,0,0,0,0,,1,1,1,1,,0
14308,0,0,0,0,.9996,1,1,1,1,1,1
14308,0,0,0,0,,1,1,1,1,,0
14309,0,3,0,0,,1,4,1,1,,0
14310,0,0,0,0,.9996,1,1,1,1,1,1
14310,0,0,0,0,1,1,1,1,1,1,1
14310,0,0,0,0,1,1,1,1,1,1,1
14320,0,1,1,0,1,1,4,5,1,1,2
14324,0,0,0,0,,1,1,1,1,,0
14325,0,1,0,0,.9992,1,4,1,1,1,2
14326,0,1,0,0,.9974,1,4,1,1,1,2
14326,0,1,0,0,,1,4,1,1,,0
14327,0,0,0,0,,1,1,1,1,,0
14328,0,1,0,0,,1,4,1,1,,0
14328,0,1,0,0,,1,4,1,1,,0
14329,0,1,0,0,,1,4,1,1,,0
14330,0,0,0,1,.9965000000000001,1,1,1,5,1,2
14330,0,0,0,1,,1,1,1,5,,0
14330,0,0,0,1,.9983,1,1,1,5,1,2
14334,0,9,0,0,,1,5,1,1,,0
14335,0,0,0,0,,1,1,1,1,,0
14335,0,0,0,0,,1,1,1,1,,0
14336,0,0,2,0,,1,1,5,1,,0
14337,0,0,0,0,,1,1,1,1,,0
14338,0,0,0,0,,1,1,1,1,,0
14338,0,0,0,0,,1,1,1,1,,0
14339,0,0,0,0,,1,1,1,1,,0
14340,0,0,0,0,.9976,1,1,1,1,1,1
14340,0,0,0,0,.9959,1,1,1,1,1,1
14350,0,2,0,0,.9979,1,4,1,1,1,2
14356,0,2,1,0,,1,4,5,1,,0
14357,1,0,0,0,.9981,5,1,1,1,1,2
14357,1,0,0,0,.9967,5,1,1,1,1,2
14358,0,1,0,0,,1,4,1,1,,0
14360,0,0,0,0,,1,1,1,1,,0
14360,0,0,0,0,.9931,1,1,1,1,1,1
14360,0,0,0,0,.9976,1,1,1,1,1,1
14370,0,0,0,0,.9848,1,1,1,1,2,2
14370,0,0,0,0,.9673000000000001,1,1,1,1,2,2
14370,0,0,0,0,.8042,1,1,1,1,5,5
14370,0,0,0,0,.8042,1,1,1,1,5,5
14376,0,8,1,0,.972,1,5,5,1,2,3
14377,0,1,0,0,1,1,4,1,1,1,2
14378,0,0,0,0,,1,1,1,1,,0
14380,0,0,0,0,.9487,1,1,1,1,3,3
14380,0,0,0,0,1,1,1,1,1,1,1
14386,0,0,0,0,1,1,1,1,1,1,1
14387,0,0,1,0,.9096,1,1,5,1,3,3
14388,0,10,1,0,.9418,1,5,5,1,3,3
14389,0,2,0,0,.9862,1,4,1,1,2,2
14390,0,0,0,0,.9991,1,1,1,1,1,1
14390,0,0,0,0,.9932,1,1,1,1,1,1
14390,0,0,0,0,1,1,1,1,1,1,1
14390,0,0,0,0,.9995000000000001,1,1,1,1,1,1
14399,0,0,0,0,,1,1,1,1,,0
14400,0,2379,2,0,.6644,1,5,5,1,5,5
14406,0,6,0,1,.7037,1,5,1,5,5,5
14408,0,2,0,0,.6511,1,4,1,1,5,5
14409,0,10,0,0,.6454,1,5,1,1,5,5
14410,0,1,0,0,.9463,1,4,1,1,3,3
14420,0,0,0,0,.9193,1,1,1,1,3,3
14420,0,0,0,0,.7092000000000001,1,1,1,1,5,5
14420,0,0,0,0,.8777,1,1,1,1,4,4
14426,0,0,0,0,.845,1,1,1,1,4,4
14426,0,0,0,0,.9615,1,1,1,1,2,2
14427,0,23,0,0,,1,5,1,1,,0
14427,0,23,0,0,.7767,1,5,1,1,5,5
14428,0,0,0,0,,1,1,1,1,,0
14429,0,6,0,0,.8335,1,5,1,1,4,4
14430,0,0,0,0,.8867,1,1,1,1,4,4
14430,0,0,0,0,.9634,1,1,1,1,2,2
14438,0,5,0,0,.8597,1,5,1,1,4,4
14439,0,9,0,0,.9377,1,5,1,1,3,3
14440,0,2,0,0,.9017,1,4,1,1,4,4
14449,0,0,0,0,.9422,1,1,1,1,3,3
14449,0,0,0,0,.9136,1,1,1,1,3,3
14449,0,0,0,0,.9474,1,1,1,1,3,3
14450,0,0,0,0,,1,1,1,1,,0
14456,0,28,0,0,,1,5,1,1,,0
14460,0,7,0,0,.769,1,5,1,1,5,5
14470,0,222,0,0,,1,5,1,1,,0
14470,0,222,0,0,.3295,1,5,1,1,5,5
14476,0,44,0,0,.5745,1,5,1,1,5,5
14479,0,81,0,1,.6336000000000001,1,5,1,5,5,5
14480,0,428,0,0,.2767,1,5,1,1,5,5
14490,0,1948,0,0,.2674,1,5,1,1,5,5
14500,0,4725,0,0,.2736,1,5,1,1,5,5
14520,0,10,0,0,,1,5,1,1,,0
14529,0,2,0,0,,1,4,1,1,,0
14550,0,4,0,0,,1,4,1,1,,0
14600,0,2,0,0,.9974,1,4,1,1,1,2
14608,0,0,0,0,.9868,1,1,1,1,2,2
14609,0,2,0,0,.9839,1,4,1,1,2,2
14610,0,7,7,0,.9946,1,5,5,1,1,2
14620,0,1,0,0,1,1,4,1,1,1,2
14620,0,1,0,0,,1,4,1,1,,0
14629,0,3,0,0,.9986,1,4,1,1,1,2
14630,0,0,0,0,.9939,1,1,1,1,1,1
14630,0,0,0,0,.9881,1,1,1,1,2,2
14639,0,2,0,0,,1,4,1,1,,0
14640,0,0,0,1,.8789,1,1,1,5,4,4
14643,0,1,0,0,.9022,1,4,1,1,4,4
14646,0,7,0,0,.9241,1,5,1,1,3,3
14647,0,0,0,0,.9509,1,1,1,1,2,2
14647,0,0,0,0,.9171,1,1,1,1,3,3
14647,0,0,0,0,.9603,1,1,1,1,2,2
14650,0,18,1,0,.7782,1,5,5,1,5,5
14651,0,0,0,0,,1,1,1,1,,0
14653,0,0,0,0,.8937000000000001,1,1,1,1,4,4
14654,0,184,0,0,,1,5,1,1,,0
14654,0,184,0,0,,1,5,1,1,,0
14655,0,267,0,0,,1,5,1,1,,0
14656,1,0,0,0,,5,1,1,1,,0
14657,0,13,0,0,.7357,1,5,1,1,5,5
14658,0,2,0,0,.8018,1,4,1,1,5,5
14659,1,0,0,0,.8039,5,1,1,1,5,5
14700,0,1690,0,0,.3668,1,5,1,1,5,5
14710,0,1267,0,0,.4291,1,5,1,1,5,5
14720,0,173,0,0,.6348,1,5,1,1,5,5
14730,0,92,0,0,.5419000000000001,1,5,1,1,5,5
14734,0,957,0,0,,1,5,1,1,,0
14735,0,897,0,0,,1,5,1,1,,0
14735,0,897,0,0,,1,5,1,1,,0
14737,0,11,0,0,.6532,1,5,1,1,5,5
14738,0,227,1,0,.4556,1,5,5,1,5,5
14739,0,62,0,0,.6876,1,5,1,1,5,5
14740,0,51,0,0,.6453,1,5,1,1,5,5
14748,0,0,0,0,.6072,1,1,1,1,5,5
14748,0,0,0,0,.7942,1,1,1,1,5,5
14749,0,18,0,0,.7415000000000001,1,5,1,1,5,5
14750,0,0,0,0,,1,1,1,1,,0
14760,0,138,0,0,,1,5,1,1,,0
14780,0,0,0,0,,1,1,1,1,,0
14790,0,8,0,0,,1,5,1,1,,0
14900,0,494,0,0,.3051,1,5,1,1,5,5
15000,0,2,1,1,.9543,1,4,5,5,2,3
15010,0,0,0,0,.9545,1,1,1,1,2,2
15020,0,0,0,1,.9531,1,1,1,5,2,3
15100,0,1,0,0,.9647,1,4,1,1,2,2
15120,0,0,0,0,,1,1,1,1,,0
15200,0,0,0,0,.9703000000000001,1,1,1,1,2,2
15210,0,1,0,0,.9451000000000001,1,4,1,1,3,3
15220,1,0,0,0,.993,5,1,1,1,1,2
15220,1,0,0,0,.9795,5,1,1,1,2,3
15230,0,0,0,0,.9345,1,1,1,1,3,3
15240,0,0,0,0,.9951,1,1,1,1,1,1
15250,0,0,0,0,.9885000000000001,1,1,1,1,2,2
15260,0,0,0,0,.9626,1,1,1,1,2,2
15270,0,0,0,0,.9676,1,1,1,1,2,2
15280,0,0,0,0,.9376,1,1,1,1,3,3
15290,0,0,0,0,.9698,1,1,1,1,2,2
15299,0,1,0,0,,1,4,1,1,,0
15300,0,0,1,0,.9563,1,1,5,1,2,2
15309,0,0,0,0,.9505,1,1,1,1,3,3
15310,1,0,0,0,.8764,5,1,1,1,4,4
15310,1,0,0,0,.8764,5,1,1,1,4,4
15320,0,0,0,0,.906,1,1,1,1,3,3
15330,0,0,0,0,.9049,1,1,1,1,3,3
15339,0,0,0,0,.9265,1,1,1,1,3,3
15340,0,1,0,0,.9516,1,4,1,1,2,2
15350,0,0,0,0,.9835,1,1,1,1,2,2
15370,0,0,0,0,.8492,1,1,1,1,4,4
15380,0,0,0,0,.9624,1,1,1,1,2,2
15390,0,0,1,0,.9931,1,1,5,1,1,2
15400,0,0,0,0,.9293,1,1,1,1,3,3
15410,0,1,0,0,.9272,1,4,1,1,3,3
15420,0,0,0,0,.9639,1,1,1,1,2,2
15430,0,0,1,0,.9527,1,1,5,1,2,2
15440,0,0,0,0,.9812,1,1,1,1,2,2
15450,0,0,0,0,.9116,1,1,1,1,3,3
15460,0,0,0,0,.8924,1,1,1,1,4,4
15470,0,0,0,0,,1,1,1,1,,0
15500,0,0,0,0,.9429,1,1,1,1,3,3
15510,0,0,2,0,.9237,1,1,5,1,3,3
15520,0,8,1,0,.8534000000000001,1,5,5,1,4,4
15530,1,1,0,0,.9471000000000001,5,4,1,1,3,3
15540,0,0,0,0,.9893,1,1,1,1,2,2
15600,0,0,1,0,.8257,1,1,5,1,4,4
15600,0,0,1,0,.914,1,1,5,1,3,3
15610,0,0,0,0,.9221,1,1,1,1,3,3
15620,0,0,0,0,,1,1,1,1,,0
15630,0,0,0,0,.9337,1,1,1,1,3,3
15640,0,0,0,0,.8257,1,1,1,1,4,4
15640,0,0,0,0,.914,1,1,1,1,3,3
15640,0,0,0,0,.9519,1,1,1,1,2,2
15650,0,0,0,0,.8495,1,1,1,1,4,4
15660,0,0,0,0,.914,1,1,1,1,3,3
15660,0,0,0,0,.8257,1,1,1,1,4,4
15669,0,0,0,0,,1,1,1,1,,0
15670,0,0,0,0,.9047,1,1,1,1,3,3
15680,0,0,0,0,.914,1,1,1,1,3,3
15680,0,0,0,0,.8257,1,1,1,1,4,4
15700,0,0,1,0,.9565,1,1,5,1,2,2
15710,0,0,0,0,.6582,1,1,1,1,5,5
15720,0,0,0,0,,1,1,1,1,,0
15730,0,0,1,0,.981,1,1,5,1,2,2
15740,0,0,0,0,.9266,1,1,1,1,3,3
15750,0,0,0,0,.9142,1,1,1,1,3,3
15800,0,0,1,0,.9968,1,1,5,1,1,2
15810,0,0,0,1,.9571,1,1,1,5,2,3
15820,0,0,0,1,.9806,1,1,1,5,2,3
15829,0,0,0,0,,1,1,1,1,,0
15830,0,0,0,0,.9807,1,1,1,1,2,2
15840,0,0,0,0,.9559,1,1,1,1,2,2
15850,0,1,0,0,.9350000000000001,1,4,1,1,3,3
15860,0,0,2,0,.8469,1,1,5,1,4,4
15870,0,0,0,0,.9992,1,1,1,1,1,1
15900,0,0,0,0,.9942,1,1,1,1,1,1
15909,0,0,0,0,,1,1,1,1,,0
15940,0,0,0,0,.9676,1,1,1,1,2,2
15950,0,0,0,0,,1,1,1,1,,0
15960,0,0,2,0,.9967,1,1,5,1,1,2
15968,0,0,0,0,,1,1,1,1,,0
15970,0,0,0,0,.9937,1,1,1,1,1,1
15980,0,0,0,0,1,1,1,1,1,1,1
15990,0,0,0,0,.9559,1,1,1,1,2,2
16000,1,0,0,0,.8019,5,1,1,1,5,5
16000,1,0,0,0,.8744,5,1,1,1,4,4
16000,1,0,0,0,.6975,5,1,1,1,5,5
16001,1,0,0,1,,5,1,1,5,,0
16010,0,0,0,0,,1,1,1,1,,0
16010,0,0,0,0,.993,1,1,1,1,1,1
16010,0,0,0,0,,1,1,1,1,,0
16010,0,0,0,0,.9958,1,1,1,1,1,1
16010,0,0,0,0,.9093,1,1,1,1,3,3
16010,0,0,0,0,.8952,1,1,1,1,4,4
16010,0,0,0,0,,1,1,1,1,,0
16019,0,0,0,0,,1,1,1,1,,0
16020,1,0,0,0,.9134,5,1,1,1,3,3
16020,1,0,0,0,.9315,5,1,1,1,3,3
16029,0,1,0,0,.9379999999999999,1,4,1,1,3,3
16030,0,0,0,0,.9779,1,1,1,1,2,2
16030,0,0,0,0,,1,1,1,1,,0
16030,0,0,0,0,.9773,1,1,1,1,2,2
16030,0,0,0,0,,1,1,1,1,,0
16030,0,0,0,0,.9473,1,1,1,1,3,3
16034,1,7,1,0,.9725,5,5,5,1,2,3
16035,0,0,0,0,.6761,1,1,1,1,5,5
16035,0,0,0,0,.8695000000000001,1,1,1,1,4,4
16036,0,17,0,0,,1,5,1,1,,0
16038,0,2,0,0,.6233,1,4,1,1,5,5
16039,0,4,0,0,,1,4,1,1,,0
16040,0,0,0,0,.5590000000000001,1,1,1,1,5,5
16040,0,0,0,0,.8042,1,1,1,1,5,5
16050,0,0,0,0,.8687,1,1,1,1,4,4
16050,0,0,0,0,.8948,1,1,1,1,4,4
16050,0,0,0,0,.9958,1,1,1,1,1,1
16057,0,0,0,0,,1,1,1,1,,0
16058,0,0,0,0,,1,1,1,1,,0
16059,0,0,0,0,,1,1,1,1,,0
16059,0,0,0,0,,1,1,1,1,,0
16060,0,3,0,0,.6544,1,4,1,1,5,5
16070,0,0,0,0,.8735000000000001,1,1,1,1,4,4
16070,0,0,0,0,.9403,1,1,1,1,3,3
16070,0,0,0,0,.8772,1,1,1,1,4,4
16070,0,0,0,0,.9777,1,1,1,1,2,2
16080,0,0,0,0,.7557,1,1,1,1,5,5
16080,0,0,0,0,.7844,1,1,1,1,5,5
16080,0,0,0,0,.7202,1,1,1,1,5,5
16080,0,0,0,0,.8145,1,1,1,1,4,4
16090,1,0,0,0,.9928,5,1,1,1,1,2
16090,1,0,0,0,.88,5,1,1,1,4,4
16090,1,0,0,0,.9013,5,1,1,1,4,4
16090,1,0,0,0,,5,1,1,1,,0
16095,0,11,0,0,,1,5,1,1,,0
16098,0,2,0,0,,1,4,1,1,,0
16099,0,0,0,0,,1,1,1,1,,0
16100,0,3,0,0,.8825,1,4,1,1,4,4
16105,0,0,0,0,,1,1,1,1,,0
16200,0,59,0,0,.8694,1,5,1,1,4,4
16210,0,0,0,0,.9148,1,1,1,1,3,3
16220,0,10,0,0,,1,5,1,1,,0
16240,0,312,0,0,,1,5,1,1,,0
16240,0,312,0,0,,1,5,1,1,,0
16244,0,6,0,0,,1,5,1,1,,0
16247,0,7,0,0,,1,5,1,1,,0
16248,0,17,0,0,,1,5,1,1,,0
16300,0,4,0,0,.8446,1,4,1,1,4,4
16310,0,1,0,0,.7449,1,4,1,1,5,5
16320,0,0,0,0,.7933,1,1,1,1,5,5
16330,0,0,0,0,,1,1,1,1,,0
16340,0,0,0,0,.8103,1,1,1,1,5,5
16400,0,10,0,0,.7821,1,5,1,1,5,5
16410,0,0,0,0,.816,1,1,1,1,4,4
16420,0,2,0,0,.7679,1,4,1,1,5,5
16428,0,0,0,0,.6856,1,1,1,1,5,5
16429,0,8,0,0,.8002,1,5,1,1,5,5
16430,0,1,0,0,.8869,1,4,1,1,4,4
16440,0,0,0,0,.6792,1,1,1,1,5,5
16443,0,0,0,0,.7184,1,1,1,1,5,5
16450,0,1268,0,0,.7335,1,5,1,1,5,5
16457,0,1,0,0,.6526,1,4,1,1,5,5
16459,0,20,1,0,.589,1,5,5,1,5,5
16500,0,0,1,0,,1,1,5,1,,0
16510,0,26,0,0,,1,5,1,1,,0
16513,0,0,0,0,.8354,1,1,1,1,4,4
16513,0,0,0,0,.7987,1,1,1,1,5,5
16514,0,0,0,0,.7467,1,1,1,1,5,5
16514,0,0,0,0,.6753,1,1,1,1,5,5
16514,0,0,0,0,.739,1,1,1,1,5,5
16515,0,154,0,0,,1,5,1,1,,0
16520,0,403,0,0,,1,5,1,1,,0
16520,0,403,0,0,.7367,1,5,1,1,5,5
16530,0,2,0,0,,1,4,1,1,,0
16530,0,2,0,0,.4947,1,4,1,1,5,5
16533,0,1,0,0,.6725,1,4,1,1,5,5
16550,0,36,0,0,,1,5,1,1,,0
16550,0,36,0,0,.857,1,5,1,1,4,4
16600,0,125,0,0,.7247,1,5,1,1,5,5
16604,0,1,0,0,.4133,1,4,1,1,5,5
16605,0,68,0,0,.5547,1,5,1,1,5,5
16606,0,0,0,0,.3766,1,1,1,1,5,5
16607,0,3,0,0,.4407,1,4,1,1,5,5
16609,0,0,0,0,,1,1,1,1,,0
16610,0,520,0,0,.6821,1,5,1,1,5,5
16614,0,0,0,0,.5396,1,1,1,1,5,5
16615,0,0,0,0,.2365,1,1,1,1,5,5
16616,0,15,0,0,.5778,1,5,1,1,5,5
16617,0,0,0,0,.5206,1,1,1,1,5,5
16620,0,11,0,0,.7107,1,5,1,1,5,5
16629,0,0,0,0,.6534,1,1,1,1,5,5
16629,0,0,0,0,.8339,1,1,1,1,4,4
16630,0,0,0,0,.5991,1,1,1,1,5,5
16640,0,4,0,0,.5498,1,4,1,1,5,5
16710,0,27,0,0,.8026,1,5,1,1,5,5
16720,0,9,0,0,.5828,1,5,1,1,5,5
16739,0,154,0,0,.8667,1,5,1,1,4,4
16740,0,1,0,0,.8932,1,4,1,1,4,4
16749,0,0,1,0,.7297,1,1,5,1,5,5
16750,0,0,0,0,.9214,1,1,1,1,3,3
16770,0,0,0,0,.7896,1,1,1,1,5,5
16776,0,0,0,0,.8985,1,1,1,1,4,4
16776,0,0,0,0,.7368,1,1,1,1,5,5
16776,0,0,0,0,,1,1,1,1,,0
16780,0,0,0,0,.7034,1,1,1,1,5,5
16780,0,0,0,0,.029,1,1,1,1,5,5
16780,0,0,0,0,.7987,1,1,1,1,5,5
16780,0,0,0,0,.6815,1,1,1,1,5,5
16780,0,0,0,0,.5659,1,1,1,1,5,5
16780,0,0,0,0,.5659,1,1,1,1,5,5
16797,0,823,0,0,.8373,1,5,1,1,4,4
16799,0,23,0,0,.5358000000000001,1,5,1,1,5,5
16800,0,23,0,1,.8881,1,5,1,5,4,4
16808,0,0,0,0,,1,1,1,1,,0
16809,0,0,0,0,,1,1,1,1,,0
16810,0,0,0,0,,1,1,1,1,,0
16810,0,0,0,0,.7126,1,1,1,1,5,5
16810,0,0,0,0,.76,1,1,1,1,5,5
16810,0,0,0,0,.8549,1,1,1,1,4,4
16810,0,0,0,0,,1,1,1,1,,0
16810,0,0,0,0,.8549,1,1,1,1,4,4
16810,0,0,0,0,,1,1,1,1,,0
16813,0,0,0,0,.4183,1,1,1,1,5,5
16819,1,1,0,1,,5,4,1,5,,0
16819,1,1,0,1,,5,4,1,5,,0
16840,0,1,0,0,.7146,1,4,1,1,5,5
16840,0,1,0,0,,1,4,1,1,,0
16850,0,0,0,0,,1,1,1,1,,0
16850,0,0,0,0,.6115,1,1,1,1,5,5
16860,0,3,0,0,.6632,1,4,1,1,5,5
16866,0,53,0,0,,1,5,1,1,,0
16869,0,0,0,0,,1,1,1,1,,0
16870,0,1,0,0,,1,4,1,1,,0
16880,0,120,0,0,,1,5,1,1,,0
16880,0,120,0,0,,1,5,1,1,,0
16880,0,120,0,0,.7809,1,5,1,1,5,5
16888,0,0,0,0,,1,1,1,1,,0
16888,0,0,0,0,,1,1,1,1,,0
16888,0,0,0,0,,1,1,1,1,,0
16889,0,4,0,0,,1,4,1,1,,0
16900,0,8,0,0,.5747,1,5,1,1,5,5
16908,0,1,0,0,,1,4,1,1,,0
16909,0,3,0,0,,1,4,1,1,,0
16910,0,0,0,0,,1,1,1,1,,0
52105,0,0,1,0,,1,1,5,1,,0
52764,0,0,1,0,,1,1,5,1,,0
52780,0,0,1,0,,1,1,5,1,,0
52786,0,0,1,0,,1,1,5,1,,0
52787,0,0,1,0,,1,1,5,1,,0
52927,0,0,2,0,,1,1,5,1,,0
53000,0,0,2,0,,1,1,5,1,,0
53050,0,0,1,0,,1,1,5,1,,0
53100,0,0,6,0,,1,1,5,1,,0
53160,0,0,1,0,,1,1,5,1,,0
53200,0,0,1,0,,1,1,5,1,,0
53310,0,0,1,0,,1,1,5,1,,0
53370,0,0,1,0,,1,1,5,1,,0
53398,0,0,4,0,,1,1,5,1,,0
53489,0,0,1,0,,1,1,5,1,,0
53910,0,0,1,0,,1,1,5,1,,0
54000,0,0,1,0,,1,1,5,1,,0
54015,0,0,2,0,,1,1,5,1,,0
54020,0,0,3,0,,1,1,5,1,,0
54080,0,0,1,0,,1,1,5,1,,0
54150,0,0,1,0,,1,1,5,1,,0
54180,0,0,1,0,,1,1,5,1,,0
54720,0,0,1,0,,1,1,5,1,,0
54730,0,0,1,0,,1,1,5,1,,0
54745,0,0,6,0,,1,1,5,1,,0
54769,0,0,2,0,,1,1,5,1,,0
54879,0,0,1,0,,1,1,5,1,,0
54900,0,0,3,0,,1,1,5,1,,0
54913,0,0,1,0,,1,1,5,1,,0
54949,0,0,1,0,,1,1,5,1,,0
55000,0,0,1,0,,1,1,5,1,,0
55070,0,0,1,0,,1,1,5,1,,0
55280,0,0,2,0,,1,1,5,1,,0
55349,0,0,2,0,,1,1,5,1,,0
55390,0,0,1,0,,1,1,5,1,,0
55700,0,0,1,0,,1,1,5,1,,0
55719,0,0,1,0,,1,1,5,1,,0
55760,0,0,1,0,,1,1,5,1,,0
56400,0,0,1,0,,1,1,5,1,,0
56615,0,0,2,0,,1,1,5,1,,0
56619,0,0,1,0,,1,1,5,1,,0
57100,0,0,4,0,,1,1,5,1,,0
57120,0,0,1,0,,1,1,5,1,,0
57170,0,0,3,0,,1,1,5,1,,0
57185,0,0,1,0,,1,1,5,1,,0
57200,0,0,2,0,,1,1,5,1,,0
57310,0,0,1,0,,1,1,5,1,,0
2240,0,0,0,0,.9369,1,1,1,1,3,3
